anio_key,divipola_key,nombre_municipio_referencia,nombre_departamento,orden_entidad,HHI,nivel_concentracion,total_contratos,total_proveedores,inversion_total
2018,05761,Sopetrán,Antioquia,NACIONAL,10000.0,alta,1,1,57806000
2018,08573,Puerto Colombia,Atlántico,NACIONAL,10000.0,alta,1,1,27430000000
2018,13838,Turbaná,Bolívar,NACIONAL,10000.0,alta,1,1,140000000
2018,15223,Cubará,Boyacá,NACIONAL,10000.0,alta,1,1,147453105
2018,15232,Chíquiza,Boyacá,TERRITORIAL,10000.0,alta,1,1,175264098
2018,23678,San Carlos,Córdoba,TERRITORIAL,10000.0,alta,1,1,90000000
2018,25535,Pasca,Cundinamarca,NACIONAL,10000.0,alta,1,1,6000000
2018,25718,Sasaima,Cundinamarca,NACIONAL,10000.0,alta,1,1,3500000
2018,47001,Santa Marta,Magdalena,OTRO,10000.0,alta,1,1,16000000
2018,52378,La Cruz,Nariño,NO_DEFINIDO,10000.0,alta,1,1,2640000
2018,70418,Los Palmitos,Sucre,NACIONAL,10000.0,alta,1,1,250000000
2018,76130,Candelaria,Valle del Cauca,OTRO,10000.0,alta,1,1,2100000
2018,76834,Tuluá,Valle del Cauca,NACIONAL,10000.0,alta,1,1,2939030
2018,95200,Miraflores,Guaviare,NACIONAL,10000.0,alta,1,1,19439750
2018,15755,Socotá,Boyacá,NACIONAL,9813.751786926243,alta,7,2,1063740906
2018,41020,Algeciras,Huila,TERRITORIAL,9660.101302053119,alta,442,245,317467539278
2018,25307,Girardot,Cundinamarca,NACIONAL,9275.935465688217,alta,51,20,23305303210
2018,27075,Bahía Solano,Chocó,TERRITORIAL,9263.505327375602,alta,8,5,3303963270
2018,23300,Cotorra,Córdoba,TERRITORIAL,8899.137005899805,alta,282,207,123205416382
2018,19110,Buenos Aires,Cauca,TERRITORIAL,8079.780929356318,alta,445,214,111349854478
2018,23090,Canalete,Córdoba,TERRITORIAL,7977.283999173021,alta,5,5,4526032405
2018,13030,Altos del Rosario,Bolívar,TERRITORIAL,7899.867529031765,alta,22,18,4961676927
2018,76563,Pradera,Valle del Cauca,TERRITORIAL,7753.797378510184,alta,283,204,127447445532
2018,13810,Tiquisio,Bolívar,TERRITORIAL,7528.990877080768,alta,15,11,2592485636
2018,05034,Andes,Antioquia,TERRITORIAL,7403.8732474553635,alta,666,421,191697003308
2018,08421,Luruaco,Atlántico,TERRITORIAL,7375.435331403956,alta,195,120,15338269036
2018,05467,Montebello,Antioquia,NACIONAL,7140.134755822556,alta,3,3,23077001
2018,08001,Barranquilla,Atlántico,NACIONAL,7064.606293586358,alta,988,757,380859284777
2018,05690,Santo Domingo,Antioquia,NACIONAL,6686.320977425899,alta,81,58,2993148897
2018,52019,Albán,Nariño,TERRITORIAL,6515.451061059033,alta,359,198,26982006145
2018,66170,Dosquebradas,Risaralda,NACIONAL,6384.417560127058,alta,4,4,77771058
2018,27361,Istmina,Chocó,NACIONAL,6376.753878049589,alta,3,3,34185775
2018,15879,Viracachá,Boyacá,TERRITORIAL,6350.446608100047,alta,188,125,12580167088
2018,27160,Cértegui,Chocó,TERRITORIAL,6345.382189084118,alta,26,24,17891555742
2018,81220,Cravo Norte,Arauca,TERRITORIAL,6327.0251047565225,alta,75,33,7921815095
2018,81591,Puerto Rondón,Arauca,TERRITORIAL,6287.952954470355,alta,129,66,8869983212
2018,19585,Puracé,Cauca,TERRITORIAL,6260.1389464716085,alta,11,9,699930587
2018,86320,Orito,Putumayo,TERRITORIAL,6086.061272100916,alta,825,436,88773968673
2018,15835,Turmequé,Boyacá,NACIONAL,6036.54835056799,alta,5,3,963552762
2018,23189,Ciénaga de Oro,Córdoba,TERRITORIAL,6006.307089901463,alta,373,240,132650034240
2018,05854,Valdivia,Antioquia,TERRITORIAL,5889.614510709445,alta,449,287,50900449255
2018,25394,La Palma,Cundinamarca,TERRITORIAL,5784.749344289151,alta,214,144,11079467800
2018,54820,Toledo,Norte de Santander,NACIONAL,5761.923071580726,alta,4,2,11501959
2018,08685,Santo Tomás,Atlántico,TERRITORIAL,5754.030631319658,alta,8,8,8704112327
2018,54001,Cúcuta,Norte de Santander,TERRITORIAL,5692.9912007441435,alta,5,5,1034999999
2018,15822,Tota,Boyacá,TERRITORIAL,5581.998131755866,alta,235,160,17820805412
2018,13620,San Cristóbal,Bolívar,TERRITORIAL,5535.206831489242,alta,21,18,6333047997
2018,25200,Cogua,Cundinamarca,NACIONAL,5477.659908902023,alta,2,2,1726400
2018,08436,Manatí,Atlántico,TERRITORIAL,5435.633051169538,alta,260,125,10416081185
2018,25328,Guayabal de Siquima,Cundinamarca,NACIONAL,5373.61583122469,alta,2,2,9738857
2018,20750,San Diego,Cesar,TERRITORIAL,5371.771013715445,alta,540,301,50596696035
2018,27050,Atrato,Chocó,TERRITORIAL,5319.852549925978,alta,6,6,2705894626
2018,47161,Cerro San Antonio,Magdalena,TERRITORIAL,5307.236406284142,alta,19,16,1385699990
2018,13001,Cartagena,Bolívar,OTRO,5288.481974142507,alta,2,2,337010604
2018,47288,Fundación,Magdalena,TERRITORIAL,5285.646142362484,alta,2035,522,32878629836
2018,76100,Bolívar,Valle del Cauca,TERRITORIAL,5271.785380732024,alta,165,63,12893197552
2018,08573,Puerto Colombia,Atlántico,TERRITORIAL,5198.700464915826,alta,160,123,31997286616
2018,15500,Oicatá,Boyacá,NACIONAL,5107.671676480318,alta,3,3,3740176
2018,27600,Río Quito,Chocó,TERRITORIAL,5102.04081632653,alta,2,2,42000000
2018,08560,Ponedera,Atlántico,TERRITORIAL,5099.1356168396405,alta,19,17,481651262
2018,05390,La Pintada,Antioquia,TERRITORIAL,5087.458241541251,alta,115,91,7915667078
2018,15317,Guacamayas,Boyacá,TERRITORIAL,5085.678396782145,alta,195,108,13390887718
2018,15176,Chiquinquirá,Boyacá,TERRITORIAL,5080.095812311836,alta,972,679,241322971814
2018,15600,Ráquira,Boyacá,TERRITORIAL,5025.014077459776,alta,234,133,21508677861
2018,73861,Venadillo,Tolima,TERRITORIAL,5011.581438513254,alta,155,122,6687554027
2018,25260,El Rosal,Cundinamarca,TERRITORIAL,4974.583215707755,alta,317,242,74472248575
2018,23815,Tuchín,Córdoba,TERRITORIAL,4818.517865213998,alta,125,79,14461643228
2018,68573,Puerto Parra,Santander,TERRITORIAL,4765.499813826514,alta,251,140,16159206481
2018,13650,San Fernando,Bolívar,TERRITORIAL,4619.878736749311,alta,19,12,893335261
2018,85230,Orocué,Casanare,TERRITORIAL,4441.450781263444,alta,427,253,51568152274
2018,08849,Usiacurí,Atlántico,TERRITORIAL,4388.108634330242,alta,214,129,7199594871
2018,73026,Alvarado,Tolima,TERRITORIAL,4384.865557742715,alta,324,159,6056599007
2018,47258,El Piñon,Magdalena,TERRITORIAL,4359.698027908651,alta,10,10,748572097
2018,52838,Túquerres,Nariño,TERRITORIAL,4351.9417115596925,alta,298,201,20202387536
2018,15776,Sutamarchán,Boyacá,TERRITORIAL,4233.849220902712,alta,181,123,17932624339
2018,47001,Santa Marta,Magdalena,TERRITORIAL,4224.730681136491,alta,8250,4248,1376581544734
2018,47798,Tenerife,Magdalena,TERRITORIAL,4219.27477893554,alta,428,133,6866532818
2018,15808,Tinjacá,Boyacá,TERRITORIAL,4146.934062925839,alta,169,125,21220764700
2018,13760,Soplaviento,Bolívar,TERRITORIAL,4095.0656970756218,alta,3,3,179000000
2018,19573,Puerto Tejada,Cauca,NACIONAL,3997.2293485198634,alta,29,15,129209972
2018,05615,Rionegro,Antioquia,TERRITORIAL,3944.6658600250057,alta,2891,1867,1015702632428
2018,50683,San Juan de Arama,Meta,TERRITORIAL,3939.186555971035,alta,208,109,12658983647
2018,13600,Río Viejo,Bolívar,TERRITORIAL,3924.7438928454394,alta,4,3,4215851437
2018,05690,Santo Domingo,Antioquia,TERRITORIAL,3915.8118786613863,alta,271,143,22640499849
2018,94001,Inírida,Guainía,NACIONAL,3886.143325253001,alta,20,15,1358018885
2018,13212,Córdoba,Bolívar,TERRITORIAL,3846.8256887369994,alta,62,24,6717770006
2018,15518,Pajarito,Boyacá,TERRITORIAL,3819.749128814609,alta,163,120,6206549575
2018,19300,Guachené,Cauca,TERRITORIAL,3804.226831781746,alta,420,291,93041083644
2018,97001,Mitú,Vaupés,NACIONAL,3799.2366127758246,alta,8,8,218830757
2018,15455,Miraflores,Boyacá,NACIONAL,3744.617083127344,alta,7,3,1541407938
2018,47703,San Zenón,Magdalena,TERRITORIAL,3739.915218104863,alta,132,76,6356788035
2018,47675,Salamina,Magdalena,TERRITORIAL,3721.731692383766,alta,337,177,33658025679
2018,05376,La Ceja,Antioquia,NACIONAL,3704.7824785050543,alta,22,9,110577222
2018,73443,Mariquita,Tolima,TERRITORIAL,3504.097003327712,alta,8,7,589722420
2018,76869,Vijes,Valle del Cauca,TERRITORIAL,3474.361608185899,alta,357,153,9471266894
2018,13458,Montecristo,Bolívar,TERRITORIAL,3453.123366320207,alta,149,119,6758518306
2018,99001,Puerto Carreño,Vichada,NACIONAL,3452.805425827558,alta,113,85,14753950546
2018,73443,Mariquita,Tolima,NACIONAL,3291.8295579958676,alta,16,14,729636291
2018,52260,El Tambo,Nariño,TERRITORIAL,3228.980476190126,alta,614,285,37131777966
2018,13430,Magangué,Bolívar,NACIONAL,3187.853525339677,alta,4,4,35006308
2018,68296,Galán,Santander,TERRITORIAL,3150.646429454044,alta,169,113,7151203517
2018,44420,La Jagua del Pilar,La Guajira,TERRITORIAL,3081.408357483658,alta,266,159,56609626955
2018,05480,Mutatá,Antioquia,TERRITORIAL,3047.9726990724603,alta,303,198,13007771124
2018,27800,Unguía,Chocó,TERRITORIAL,3038.680086026524,alta,15,9,2824174806
2018,68235,El Carmen de Chucurí,Santander,TERRITORIAL,3022.746726386125,alta,554,337,66965996410
2018,05353,Hispania,Antioquia,TERRITORIAL,3017.1548446673337,alta,512,179,10363537577
2018,41524,Palermo,Huila,NACIONAL,3009.534668517417,alta,4,4,9840000
2018,05887,Yarumal,Antioquia,NACIONAL,2937.092515633137,alta,24,17,263882484
2018,85250,Paz de Ariporo,Casanare,TERRITORIAL,2930.3474483108766,alta,483,318,80944353245
2018,25662,San Juan de Río Seco,Cundinamarca,NACIONAL,2840.1258183612376,alta,6,5,13730990
2018,27430,Medio Baudó,Chocó,TERRITORIAL,2835.0261960397643,alta,35,13,564108363
2018,19100,Bolívar,Cauca,NACIONAL,2830.9793666340643,alta,33,15,160933608
2018,91540,Puerto Nariño,Amazonas,TERRITORIAL,2823.8272799519386,alta,229,146,18207677736
2018,08141,Candelaria,Atlántico,TERRITORIAL,2768.027663834302,alta,137,92,5671556978
2018,20310,González,Cesar,TERRITORIAL,2756.396020814244,alta,130,83,6961436371
2018,52683,Sandoná,Nariño,TERRITORIAL,2701.8877388550713,alta,413,214,14679149706
2018,25151,Caqueza,Cundinamarca,NACIONAL,2686.25277224621,alta,7,6,47334422
2018,20621,La Paz,Cesar,TERRITORIAL,2671.8838436443457,alta,364,236,24301865348
2018,05313,Granada,Antioquia,TERRITORIAL,2628.880944792619,alta,245,186,8521082341
2018,52001,Pasto,Nariño,NACIONAL,2622.1421242597835,alta,838,600,44955660245
2018,76109,Buenaventura,Valle del Cauca,NACIONAL,2619.2257270830987,alta,262,210,28075025165
2018,15377,Labranzagrande,Boyacá,TERRITORIAL,2605.4783542854098,alta,218,140,7245575494
2018,73411,Líbano,Tolima,NACIONAL,2565.1270044585863,alta,27,15,15623745
2018,47245,El Banco,Magdalena,NACIONAL,2551.104968781412,alta,15,12,62853873
2018,15808,Tinjacá,Boyacá,NACIONAL,2550.2705695523737,alta,5,5,417934963
2018,85250,Paz de Ariporo,Casanare,NACIONAL,2529.2348185028713,alta,5,5,78230612
2018,18860,Valparaíso,Caquetá,TERRITORIAL,2511.8870774697257,alta,216,115,10235325318
2018,08770,Suan,Atlántico,TERRITORIAL,2497.189388947336,moderada,354,166,5720906083
2018,66400,La Virginia,Risaralda,NACIONAL,2494.685514733611,moderada,6,6,25679106
2018,85315,Sácama,Casanare,TERRITORIAL,2468.6446910404484,moderada,163,95,5201850124
2018,70233,El Roble,Sucre,TERRITORIAL,2459.478001439671,moderada,64,50,7194973307
2018,70523,Palmito,Sucre,NACIONAL,2457.6156408385937,moderada,16,14,440078027
2018,17001,Manizales,Caldas,TERRITORIAL,2447.6116412677384,moderada,11579,5298,1919962645193
2018,20175,Chimichagua,Cesar,TERRITORIAL,2442.0275477682208,moderada,226,171,12778846778
2018,41001,Neiva,Huila,NACIONAL,2437.4038646647728,moderada,573,474,73018294558
2018,47570,Puebloviejo,Magdalena,TERRITORIAL,2422.975956806897,moderada,334,177,10777099471
2018,73200,Coello,Tolima,TERRITORIAL,2421.2830554799652,moderada,397,232,8552738993
2018,47001,Santa Marta,Magdalena,NACIONAL,2417.177915042742,moderada,922,740,108657944734
2018,25398,La Peña,Cundinamarca,NACIONAL,2413.478438758588,moderada,8,6,33024200
2018,70124,Caimito,Sucre,NACIONAL,2401.1686345962885,moderada,5,5,9634000
2018,91001,Leticia,Amazonas,NO_DEFINIDO,2400.586877298322,moderada,10,6,21590000
2018,05154,Caucasia,Antioquia,NACIONAL,2391.375428911673,moderada,15,11,101217653
2018,76520,Palmira,Valle del Cauca,NACIONAL,2353.4450073573685,moderada,55,42,7044679654
2018,19137,Caldono,Cauca,TERRITORIAL,2325.006604578971,moderada,256,144,17315932605
2018,05686,Santa Rosa de Osos,Antioquia,NACIONAL,2315.1825594932616,moderada,8,7,9883619
2018,44110,El Molino,La Guajira,TERRITORIAL,2252.8989473401643,moderada,661,177,23249607273
2018,15550,Pisba,Boyacá,TERRITORIAL,2235.6042815689975,moderada,139,104,8610027626
2018,70230,Chalán,Sucre,TERRITORIAL,2214.7966966918834,moderada,125,98,5145521868
2018,23001,Montería,Córdoba,NACIONAL,2198.5744876452477,moderada,460,320,54571426724
2018,25612,Ricaurte,Cundinamarca,TERRITORIAL,2193.4190441456,moderada,635,441,39584457346
2018,25875,Villeta,Cundinamarca,NACIONAL,2187.1156532237965,moderada,17,11,132105078
2018,52506,Ospina,Nariño,TERRITORIAL,2181.873998353846,moderada,271,161,6669289786
2018,73236,Dolores,Tolima,TERRITORIAL,2163.441253779421,moderada,293,139,3548342125
2018,05030,Amagá,Antioquia,NACIONAL,2161.1264681026073,moderada,55,45,1439677304
2018,25293,Gachala,Cundinamarca,TERRITORIAL,2151.3099734670427,moderada,364,179,14286870537
2018,52224,Cuaspud,Nariño,TERRITORIAL,2144.8862998187983,moderada,12,7,57870640
2018,85430,Trinidad,Casanare,TERRITORIAL,2140.6716913257255,moderada,307,199,17854041624
2018,44035,Albania,La Guajira,TERRITORIAL,2140.15308421453,moderada,302,175,33663423692
2018,76111,Guadalajara de Buga,Valle del Cauca,NACIONAL,2136.404368690464,moderada,56,23,1603798584
2018,47030,Algarrobo,Magdalena,TERRITORIAL,2133.1512155479395,moderada,146,96,7508040297
2018,05628,Sabanalarga,Antioquia,TERRITORIAL,2131.292572748066,moderada,415,202,9280684008
2018,20295,Gamarra,Cesar,TERRITORIAL,2130.030159521177,moderada,136,82,10759076078
2018,54673,San Cayetano,Norte de Santander,TERRITORIAL,2129.5499281423504,moderada,352,191,21524475096
2018,50251,El Castillo,Meta,NACIONAL,2089.9693043819566,moderada,14,9,76706200
2018,47720,Santa Bárbara de Pinto,Magdalena,TERRITORIAL,2085.0465039950163,moderada,143,102,4263071514
2018,17616,Risaralda,Caldas,NACIONAL,2080.101284379392,moderada,5,5,31086833
2018,25377,La Calera,Cundinamarca,TERRITORIAL,2063.4533765376614,moderada,457,380,31145499517
2018,25053,Arbeláez,Cundinamarca,TERRITORIAL,2060.0018573970915,moderada,254,197,13404852046
2018,47960,Zapayán,Magdalena,TERRITORIAL,2050.320684189591,moderada,90,86,2078424751
2018,23807,Tierralta,Córdoba,NACIONAL,2038.1510827917082,moderada,32,17,518076289
2018,44279,Fonseca,La Guajira,TERRITORIAL,2018.2555033029864,moderada,637,261,19489821577
2018,81794,Tame,Arauca,TERRITORIAL,2013.3078170865142,moderada,446,246,21755567817
2018,05051,Arboletes,Antioquia,TERRITORIAL,2012.1867459871212,moderada,684,440,20678336299
2018,13549,Pinillos,Bolívar,TERRITORIAL,2011.8864730173227,moderada,69,64,4698438834
2018,25594,Quetame,Cundinamarca,TERRITORIAL,2008.3055787707638,moderada,149,99,8852735365
2018,70678,San Benito Abad,Sucre,NACIONAL,2006.4311409608997,moderada,10,8,66191550
2018,05142,Caracolí,Antioquia,TERRITORIAL,2005.0516860362115,moderada,208,122,3666730498
2018,68147,Capitanejo,Santander,TERRITORIAL,1998.8647985186628,moderada,204,125,7097649453
2018,19001,Popayán,Cauca,TERRITORIAL,1997.05557495922,moderada,7707,4268,1933606936753
2018,08634,Sabanagrande,Atlántico,TERRITORIAL,1990.8857900212263,moderada,228,144,25373124778
2018,20710,San Alberto,Cesar,TERRITORIAL,1975.655240264727,moderada,453,264,11056039870
2018,52786,Taminango,Nariño,NACIONAL,1947.2141825403696,moderada,8,8,33140615
2018,54670,San Calixto,Norte de Santander,TERRITORIAL,1942.2367476721697,moderada,190,113,8570546476
2018,18247,El Doncello,Caquetá,TERRITORIAL,1937.281228354323,moderada,782,393,26474040172
2018,05138,Cañasgordas,Antioquia,TERRITORIAL,1933.6381648700099,moderada,376,207,16692411809
2018,20011,Aguachica,Cesar,TERRITORIAL,1925.408453034856,moderada,405,283,30215676419
2018,73349,Honda,Tolima,NACIONAL,1920.7038135995972,moderada,14,11,102406167
2018,13430,Magangué,Bolívar,TERRITORIAL,1906.239786064493,moderada,179,137,5461321989
2018,68307,Girón,Santander,TERRITORIAL,1903.486317552913,moderada,1603,1334,146011074596
2018,13248,El Guamo,Bolívar,TERRITORIAL,1896.9053416278025,moderada,143,104,5318745435
2018,15238,Duitama,Boyacá,NACIONAL,1896.8312667309476,moderada,46,25,366323953
2018,08832,Tubará,Atlántico,TERRITORIAL,1893.5645591757273,moderada,42,29,3804350415
2018,27425,Medio Atrato,Chocó,TERRITORIAL,1883.1633932202083,moderada,26,14,2743296926
2018,41770,Suaza,Huila,NACIONAL,1876.493169042859,moderada,10,10,31910417
2018,15842,Umbita,Boyacá,TERRITORIAL,1868.1846201211602,moderada,239,137,17476334935
2018,41518,Paicol,Huila,TERRITORIAL,1857.7826834626903,moderada,586,244,11739954176
2018,23419,Los Córdobas,Córdoba,TERRITORIAL,1855.9356114276954,moderada,130,95,11754674499
2018,54498,Ocaña,Norte de Santander,NACIONAL,1826.0420359745544,moderada,44,21,266102730
2018,47268,El Retén,Magdalena,TERRITORIAL,1816.309586957254,moderada,362,149,13585360022
2018,05761,Sopetrán,Antioquia,TERRITORIAL,1811.945741570414,moderada,690,290,21355127931
2018,05647,San Andrés de Cuerquía,Antioquia,TERRITORIAL,1809.0402831293534,moderada,188,134,7198587451
2018,41349,Hobo,Huila,NACIONAL,1805.6019887507105,moderada,80,47,1723038217
2018,68255,El Playón,Santander,NACIONAL,1797.49758259355,moderada,35,13,133880422
2018,25524,Pandi,Cundinamarca,TERRITORIAL,1797.381956742526,moderada,95,42,4914618692
2018,52001,Pasto,Nariño,OTRO,1792.5815893715678,moderada,12,12,1397286983
2018,76147,Cartago,Valle del Cauca,NACIONAL,1786.1192233042707,moderada,16,13,197971468
2018,25843,Villa de San Diego de Ubate,Cundinamarca,NACIONAL,1783.7420776861263,moderada,24,13,120574748
2018,41020,Algeciras,Huila,NACIONAL,1779.6135635220235,moderada,8,7,28703899
2018,68298,Gambita,Santander,TERRITORIAL,1773.9664287312064,moderada,113,86,7508741646
2018,13188,Cicuco,Bolívar,TERRITORIAL,1769.4685647613546,moderada,103,89,2091569363
2018,27787,Tadó,Chocó,TERRITORIAL,1758.8927810776208,moderada,121,105,11040739785
2018,08372,Juan de Acosta,Atlántico,TERRITORIAL,1757.835259029626,moderada,20,15,656920320
2018,05591,Puerto Triunfo,Antioquia,NACIONAL,1755.6781256305612,moderada,55,21,1218858172
2018,50270,El Dorado,Meta,TERRITORIAL,1755.1075715124514,moderada,215,141,7828406925
2018,13062,Arroyohondo,Bolívar,TERRITORIAL,1731.1522957906298,moderada,173,122,4482577259
2018,68176,Chima,Santander,TERRITORIAL,1730.7221479661162,moderada,162,109,5003269447
2018,70820,Santiago de Tolú,Sucre,TERRITORIAL,1724.4035224120726,moderada,247,147,34425577376
2018,68549,Pinchote,Santander,TERRITORIAL,1721.7773482714508,moderada,165,108,4626189466
2018,54313,Gramalote,Norte de Santander,TERRITORIAL,1719.2346763411974,moderada,188,105,5299328885
2018,25183,Chocontá,Cundinamarca,NACIONAL,1716.3231327240776,moderada,26,15,111563542
2018,70110,Buenavista,Sucre,NACIONAL,1713.8509935154834,moderada,9,7,16102300
2018,25823,Topaipí,Cundinamarca,TERRITORIAL,1699.3642628009934,moderada,116,90,5564175161
2018,41244,Elías,Huila,TERRITORIAL,1672.8114515135342,moderada,379,195,5158322893
2018,15533,Paya,Boyacá,TERRITORIAL,1665.8070947476908,moderada,173,124,16437319684
2018,52885,Yacuanquer,Nariño,TERRITORIAL,1648.1732791950346,moderada,535,307,15426875405
2018,27099,Bojaya,Chocó,TERRITORIAL,1642.6520730153416,moderada,177,32,7657722771
2018,20383,La Gloria,Cesar,TERRITORIAL,1634.2389630690202,moderada,188,164,12846988807
2018,52720,Sapuyes,Nariño,TERRITORIAL,1633.0627646260768,moderada,531,270,7652659262
2018,15469,Moniquirá,Boyacá,NACIONAL,1632.8406755300866,moderada,28,18,136691269
2018,52317,Guachucal,Nariño,TERRITORIAL,1623.7095564595065,moderada,609,284,27886908388
2018,86755,San Francisco,Putumayo,TERRITORIAL,1610.5874907570244,moderada,295,121,6583724835
2018,70708,San Marcos,Sucre,TERRITORIAL,1607.737251130457,moderada,1266,504,82726840678
2018,15276,Floresta,Boyacá,TERRITORIAL,1597.2218506915822,moderada,176,109,6605048053
2018,19809,Timbiquí,Cauca,TERRITORIAL,1596.8805688007894,moderada,73,48,3193972572
2018,50325,Mapiripán,Meta,NACIONAL,1589.0390974908369,moderada,34,21,326991375
2018,86760,Santiago,Putumayo,TERRITORIAL,1583.1673560632341,moderada,274,141,5839767035
2018,70124,Caimito,Sucre,TERRITORIAL,1579.0628715582934,moderada,190,139,7093956212
2018,08638,Sabanalarga,Atlántico,TERRITORIAL,1575.658381745326,moderada,19,15,12719783429
2018,08296,Galapa,Atlántico,TERRITORIAL,1573.4543403773544,moderada,73,51,17081117158
2018,41483,Nátaga,Huila,TERRITORIAL,1570.694633633575,moderada,133,94,1960750975
2018,52317,Guachucal,Nariño,NACIONAL,1566.6628005936082,moderada,18,15,132627368
2018,41791,Tarqui,Huila,TERRITORIAL,1562.4364247265105,moderada,384,248,12384011097
2018,13655,San Jacinto del Cauca,Bolívar,TERRITORIAL,1557.4997058194767,moderada,187,118,5755981409
2018,23660,Sahagún,Córdoba,TERRITORIAL,1552.5154938977382,moderada,373,220,74116382550
2018,23182,Chinú,Córdoba,TERRITORIAL,1532.5789193199614,moderada,331,275,28442651159
2018,73686,Santa Isabel,Tolima,TERRITORIAL,1531.7065985261825,moderada,221,134,4562229539
2018,47205,Concordia,Magdalena,TERRITORIAL,1531.5692201887362,moderada,246,155,4403357019
2018,05154,Caucasia,Antioquia,TERRITORIAL,1516.466017785645,moderada,845,279,56931775428
2018,27001,Quibdó,Chocó,NACIONAL,1513.3444162719993,moderada,144,112,34154831613
2018,52083,Belén,Nariño,TERRITORIAL,1505.4466188119793,moderada,378,215,13801386379
2018,41378,La Argentina,Huila,TERRITORIAL,1498.5040864988334,baja,341,205,13762298589
2018,52838,Túquerres,Nariño,NACIONAL,1490.6623059562537,baja,11,11,80182341
2018,23686,San Pelayo,Córdoba,TERRITORIAL,1490.2532369105518,baja,13,9,238353068
2018,68081,Barrancabermeja,Santander,NACIONAL,1490.0251008002137,baja,32,25,415820880
2018,54553,Puerto Santander,Norte de Santander,TERRITORIAL,1488.5614332608109,baja,303,188,5819982970
2018,23464,Momil,Córdoba,TERRITORIAL,1486.4220344628295,baja,105,84,9845449500
2018,25740,Sibaté,Cundinamarca,NACIONAL,1477.687754307533,baja,289,146,6798746774
2018,47545,Pijiño del Carmen,Magdalena,TERRITORIAL,1475.9537316251028,baja,189,118,9683688581
2018,19318,Guapi,Cauca,TERRITORIAL,1473.8451094034624,baja,285,150,13711378454
2018,70400,La Unión,Sucre,TERRITORIAL,1470.212939467188,baja,110,76,6524555387
2018,08606,Repelón,Atlántico,TERRITORIAL,1465.2268940809304,baja,40,15,705416236
2018,63111,Buenavista,Quindío,TERRITORIAL,1464.2577331226453,baja,312,170,4109377347
2018,25899,Zipaquirá,Cundinamarca,NACIONAL,1457.6074399596873,baja,16,14,235270597
2018,47660,Sabanas de San Angel,Magdalena,TERRITORIAL,1455.58432153835,baja,344,163,5471947173
2018,13894,Zambrano,Bolívar,TERRITORIAL,1452.9598694835918,baja,262,130,5393254819
2018,13838,Turbaná,Bolívar,TERRITORIAL,1443.0974017300923,baja,14,13,339852023
2018,15778,Sutatenza,Boyacá,TERRITORIAL,1438.7250643538246,baja,46,29,1634993372
2018,52036,Ancuyá,Nariño,TERRITORIAL,1437.6267635878442,baja,473,236,5607051632
2018,13580,Regidor,Bolívar,TERRITORIAL,1432.3262441904146,baja,131,77,8291981203
2018,13006,Achí,Bolívar,TERRITORIAL,1430.5901269134818,baja,998,315,15030946893
2018,27745,Sipí,Chocó,TERRITORIAL,1428.090182581616,baja,32,28,2388532424
2018,50711,Vistahermosa,Meta,TERRITORIAL,1418.803234392437,baja,199,145,12939062641
2018,25178,Chipaque,Cundinamarca,TERRITORIAL,1413.0902497615623,baja,255,168,12144722861
2018,20238,El Copey,Cesar,TERRITORIAL,1411.7450532060134,baja,530,288,24191126787
2018,70713,San Onofre,Sucre,TERRITORIAL,1406.6985978681255,baja,163,118,6688649921
2018,05659,San Juan de Urabá,Antioquia,TERRITORIAL,1400.6026572046346,baja,192,110,13580695184
2018,05042,Santafé de Antioquia,Antioquia,NACIONAL,1400.0705798729155,baja,18,15,202151874
2018,68686,San Miguel,Santander,TERRITORIAL,1395.0684315020947,baja,204,138,5784527803
2018,05145,Caramanta,Antioquia,TERRITORIAL,1394.901309248149,baja,116,76,2247317273
2018,99624,Santa Rosalía,Vichada,TERRITORIAL,1382.2635669323242,baja,165,96,5362028444
2018,27491,Nóvita,Chocó,TERRITORIAL,1377.396763535788,baja,76,45,4938664947
2018,25758,Sopó,Cundinamarca,TERRITORIAL,1375.395462973838,baja,728,596,37476305030
2018,27001,Quibdó,Chocó,TERRITORIAL,1369.9831974275191,baja,2056,1470,239629957209
2018,27205,Condoto,Chocó,TERRITORIAL,1364.131885070466,baja,59,43,2875960764
2018,20045,Becerril,Cesar,TERRITORIAL,1362.2434333476965,baja,324,201,35043961197
2018,54001,Cúcuta,Norte de Santander,NACIONAL,1358.775896296088,baja,182,124,9987500897
2018,25871,Villagómez,Cundinamarca,TERRITORIAL,1356.2662086159996,baja,180,124,5932213787
2018,70771,Sucre,Sucre,NACIONAL,1351.5405130124755,baja,28,15,72047918
2018,25580,Pulí,Cundinamarca,TERRITORIAL,1350.8281485028479,baja,210,92,4275837076
2018,15248,El Espino,Boyacá,TERRITORIAL,1345.9519074603784,baja,210,119,4910677894
2018,25293,Gachala,Cundinamarca,NACIONAL,1343.9965797682005,baja,517,347,32242820359
2018,52215,Córdoba,Nariño,TERRITORIAL,1338.4073418288644,baja,570,343,31649049384
2018,68679,San Gil,Santander,NACIONAL,1336.8030192707552,baja,35,18,171750807
2018,23500,Moñitos,Córdoba,TERRITORIAL,1336.2846624942185,baja,117,92,3504473539
2018,63548,Pijao,Quindío,NACIONAL,1335.6803992529697,baja,10,9,14793555
2018,44874,Villanueva,La Guajira,TERRITORIAL,1325.2450615278879,baja,297,160,7080893474
2018,05044,Anza,Antioquia,TERRITORIAL,1322.1276933612778,baja,302,170,7820269790
2018,15380,La Capilla,Boyacá,TERRITORIAL,1321.917841040691,baja,147,106,2454215500
2018,52685,San Bernardo,Nariño,TERRITORIAL,1319.0549417918219,baja,690,320,8056106960
2018,68895,Zapatoca,Santander,TERRITORIAL,1318.4031649871183,baja,133,98,5813712217
2018,05315,Guadalupe,Antioquia,TERRITORIAL,1315.2753746772296,baja,241,125,7309271340
2018,70204,Coloso,Sucre,TERRITORIAL,1311.314180241599,baja,433,227,11120283920
2018,70771,Sucre,Sucre,TERRITORIAL,1311.2133791300696,baja,469,254,17488729316
2018,50313,Granada,Meta,NACIONAL,1306.7889063129542,baja,16,14,82323177
2018,68179,Chipatá,Santander,TERRITORIAL,1300.9520983930058,baja,201,134,5437534434
2018,70215,Corozal,Sucre,TERRITORIAL,1300.4777750314342,baja,551,347,33944820544
2018,76364,Jamundí,Valle del Cauca,NACIONAL,1299.6209699079743,baja,66,34,2511114587
2018,15087,Belén,Boyacá,TERRITORIAL,1292.9183309636255,baja,195,149,7467553880
2018,13244,El Carmen de Bolívar,Bolívar,TERRITORIAL,1288.8265240285825,baja,219,168,22654332123
2018,25200,Cogua,Cundinamarca,TERRITORIAL,1286.9727359440114,baja,87,75,7586491631
2018,54518,Pamplona,Norte de Santander,NACIONAL,1280.9782542283394,baja,34,17,234518135
2018,76122,Caicedonia,Valle del Cauca,NACIONAL,1280.2584568141813,baja,20,14,91189088
2018,15204,Cómbita,Boyacá,NACIONAL,1276.340294660548,baja,51,37,417270313
2018,05579,Puerto Berrío,Antioquia,NACIONAL,1271.774082366392,baja,27,16,114315980
2018,08433,Malambo,Atlántico,TERRITORIAL,1265.7687658467378,baja,172,157,18467749356
2018,54223,Cucutilla,Norte de Santander,TERRITORIAL,1256.1355391564214,baja,368,211,5568876592
2018,47053,Aracataca,Magdalena,TERRITORIAL,1255.5713294978991,baja,707,282,22685234045
2018,52203,Colón,Nariño,TERRITORIAL,1251.0648641694986,baja,800,284,13823341568
2018,47980,Zona Bananera,Magdalena,TERRITORIAL,1244.545100188579,baja,397,290,28567486338
2018,68444,Matanza,Santander,TERRITORIAL,1227.4117834588155,baja,227,110,3671644372
2018,86219,Colón,Putumayo,TERRITORIAL,1223.4593240208221,baja,232,129,2913429087
2018,68092,Betulia,Santander,TERRITORIAL,1222.269372884112,baja,166,125,14300544395
2018,25885,Yacopí,Cundinamarca,TERRITORIAL,1210.7120839502825,baja,284,143,9038165601
2018,17050,Aranzazu,Caldas,TERRITORIAL,1210.4938221897646,baja,482,258,8713882674
2018,15664,San José de Pare,Boyacá,TERRITORIAL,1202.595973008818,baja,112,77,3313787078
2018,25797,Tena,Cundinamarca,TERRITORIAL,1199.0113617828858,baja,206,127,6863724476
2018,20614,Río de Oro,Cesar,TERRITORIAL,1197.5202761324288,baja,70,45,14075924491
2018,52378,La Cruz,Nariño,TERRITORIAL,1196.2706123236549,baja,998,456,18076146264
2018,15299,Garagoa,Boyacá,TERRITORIAL,1187.3036980336578,baja,242,168,11646993593
2018,54261,El Zulia,Norte de Santander,TERRITORIAL,1187.1441005957975,baja,597,282,15908075246
2018,54239,Durania,Norte de Santander,TERRITORIAL,1184.6799634834347,baja,265,127,8335765193
2018,85325,San Luis de Palenque,Casanare,TERRITORIAL,1183.9325488360237,baja,337,193,21224720698
2018,73483,Natagaima,Tolima,TERRITORIAL,1182.703348408074,baja,497,254,16823658354
2018,15798,Tenza,Boyacá,TERRITORIAL,1179.3237386627338,baja,158,91,3696866459
2018,15001,Tunja,Boyacá,NACIONAL,1176.733932890826,baja,599,486,54664671802
2018,68547,Piedecuesta,Santander,TERRITORIAL,1175.883260511559,baja,1801,1180,119802735309
2018,05088,Bello,Antioquia,NACIONAL,1172.780549538517,baja,148,68,2897697523
2018,17873,Villamaría,Caldas,NACIONAL,1171.665732901191,baja,14,13,76344724
2018,25805,Tibacuy,Cundinamarca,TERRITORIAL,1171.6023999578865,baja,197,135,5518333187
2018,19022,Almaguer,Cauca,TERRITORIAL,1169.6398354311377,baja,180,124,10376937119
2018,05284,Frontino,Antioquia,NACIONAL,1168.593215518381,baja,34,12,204836035
2018,52390,La Tola,Nariño,TERRITORIAL,1167.973263221445,baja,100,54,2335880822
2018,27073,Bagadó,Chocó,TERRITORIAL,1167.1021264021035,baja,91,32,3799231105
2018,41551,Pitalito,Huila,NACIONAL,1166.1544059317907,baja,17,14,65032734
2018,15480,Muzo,Boyacá,TERRITORIAL,1157.9703149158436,baja,302,164,9708612293
2018,13442,María la Baja,Bolívar,TERRITORIAL,1153.520770912018,baja,229,159,12774328401
2018,05264,Entrerrios,Antioquia,TERRITORIAL,1149.1727083590704,baja,215,149,12147525292
2018,25214,Cota,Cundinamarca,TERRITORIAL,1141.2431946608176,baja,1333,1059,200292510816
2018,50350,La Macarena,Meta,TERRITORIAL,1140.7380756157663,baja,230,156,13675552030
2018,15322,Guateque,Boyacá,NACIONAL,1138.7154853253353,baja,41,24,133208448
2018,25339,Gutiérrez,Cundinamarca,TERRITORIAL,1137.2121089555021,baja,183,118,5891864653
2018,41791,Tarqui,Huila,NACIONAL,1130.9064798029133,baja,15,15,55954500
2018,23586,Purísima,Córdoba,TERRITORIAL,1127.6968168926223,baja,305,192,7337929473
2018,50110,Barranca de Upía,Meta,TERRITORIAL,1123.5377484359249,baja,307,192,11677112258
2018,86573,Leguízamo,Putumayo,NACIONAL,1122.7901176874634,baja,59,47,7044289092
2018,47245,El Banco,Magdalena,TERRITORIAL,1121.1736233439303,baja,2841,790,39263330986
2018,05091,Betania,Antioquia,TERRITORIAL,1119.8218926952677,baja,328,198,6332414857
2018,13433,Mahates,Bolívar,TERRITORIAL,1114.071934734752,baja,86,54,5237545880
2018,41396,La Plata,Huila,NACIONAL,1112.0658033963227,baja,26,23,190141581
2018,15162,Cerinza,Boyacá,TERRITORIAL,1109.485000216474,baja,137,105,5222837770
2018,13780,Talaigua Nuevo,Bolívar,TERRITORIAL,1106.3636414526918,baja,42,37,1192392330
2018,63130,Calarca,Quindío,NACIONAL,1106.1309247617862,baja,23,18,60807877
2018,13074,Barranco de Loba,Bolívar,TERRITORIAL,1105.01139373972,baja,59,53,1972337762
2018,08137,Campo de la Cruz,Atlántico,TERRITORIAL,1099.7678809458644,baja,586,260,5677238588
2018,25312,Granada,Cundinamarca,TERRITORIAL,1098.4693968429797,baja,230,144,11893895174
2018,15810,Tipacoque,Boyacá,TERRITORIAL,1097.2644110833403,baja,175,107,8129304995
2018,19532,Patía,Cauca,TERRITORIAL,1096.1781215699768,baja,349,181,13207676871
2018,68689,San Vicente de Chucurí,Santander,TERRITORIAL,1093.4740981147502,baja,277,181,11699417269
2018,25086,Beltrán,Cundinamarca,TERRITORIAL,1091.8359059675886,baja,223,136,7019250626
2018,17388,La Merced,Caldas,TERRITORIAL,1090.4127540014642,baja,313,169,5890673449
2018,05858,Vegachí,Antioquia,TERRITORIAL,1090.3942907965336,baja,294,175,12894677828
2018,70429,Majagual,Sucre,TERRITORIAL,1089.5576307263698,baja,422,206,16786798195
2018,73449,Melgar,Tolima,TERRITORIAL,1089.5214842307482,baja,1566,687,35157468427
2018,68307,Girón,Santander,NACIONAL,1086.4146981379242,baja,55,29,1472781881
2018,44378,Hatonuevo,La Guajira,TERRITORIAL,1080.9273782839375,baja,69,47,9334594519
2018,15676,San Miguel de Sema,Boyacá,TERRITORIAL,1080.905720593216,baja,128,96,3634813261
2018,70110,Buenavista,Sucre,TERRITORIAL,1080.6744829468037,baja,363,180,8632477738
2018,73067,Ataco,Tolima,TERRITORIAL,1078.640941161911,baja,300,107,5013322877
2018,76364,Jamundí,Valle del Cauca,TERRITORIAL,1077.9387591301247,baja,1965,1470,90709334347
2018,25019,Albán,Cundinamarca,TERRITORIAL,1077.2703995148834,baja,227,125,8988939738
2018,17513,Pácora,Caldas,NACIONAL,1071.7507347755795,baja,51,30,140205005
2018,15837,Tuta,Boyacá,TERRITORIAL,1068.3714670786258,baja,239,130,8639819361
2018,50325,Mapiripán,Meta,TERRITORIAL,1068.235797917417,baja,180,116,12203590965
2018,76863,Versalles,Valle del Cauca,TERRITORIAL,1067.9260409049648,baja,182,117,3295057728
2018,15090,Berbeo,Boyacá,TERRITORIAL,1067.3959360384529,baja,195,105,3848550062
2018,23670,San Andrés Sotavento,Córdoba,TERRITORIAL,1066.6993980296093,baja,400,244,7119940398
2018,20770,San Martín,Cesar,TERRITORIAL,1061.1250012109722,baja,166,103,4775182244
2018,15696,Santa Sofía,Boyacá,TERRITORIAL,1059.8200150737553,baja,203,112,7272472534
2018,15693,Santa Rosa de Viterbo,Boyacá,TERRITORIAL,1059.005316653447,baja,131,106,2406956101
2018,05036,Angelópolis,Antioquia,TERRITORIAL,1056.4327503481206,baja,300,175,4751665932
2018,20250,El Paso,Cesar,TERRITORIAL,1056.2444180491404,baja,310,181,19682318727
2018,85300,Sabanalarga,Casanare,TERRITORIAL,1047.6350325824246,baja,297,183,9269212009
2018,50223,Cubarral,Meta,TERRITORIAL,1047.28853286902,baja,252,167,4212184267
2018,47707,Santa Ana,Magdalena,TERRITORIAL,1046.9735011544278,baja,639,237,8590055433
2018,81001,Arauca,Arauca,NACIONAL,1044.4425479277218,baja,66,55,1627933116
2018,70001,Sincelejo,Sucre,TERRITORIAL,1042.8995776863976,baja,5380,2789,482593254731
2018,15051,Arcabuco,Boyacá,TERRITORIAL,1042.465368706996,baja,160,110,4512895355
2018,13490,Norosí,Bolívar,TERRITORIAL,1042.1947498154002,baja,24,16,806126641
2018,52385,La Llanada,Nariño,TERRITORIAL,1040.731827960075,baja,377,185,7264721467
2018,08078,Baranoa,Atlántico,TERRITORIAL,1037.8181489054123,baja,925,388,19976233783
2018,70235,Galeras,Sucre,TERRITORIAL,1028.3087550799842,baja,612,288,19663962671
2018,81736,Saravena,Arauca,NACIONAL,1028.2664103019472,baja,32,25,1695048301
2018,41872,Villavieja,Huila,TERRITORIAL,1026.7443485209403,baja,109,70,614677023
2018,68121,Cabrera,Santander,TERRITORIAL,1023.202734197651,baja,185,121,5588868574
2018,05147,Carepa,Antioquia,TERRITORIAL,1021.6413746850185,baja,211,154,42404884966
2018,11001,Bogotá D.C.,Bogotá,OTRO,1014.6331836156559,baja,1221,301,65873279123
2018,97161,Caruru,Vaupés,TERRITORIAL,1014.1413221233222,baja,203,90,10566613147
2018,44650,San Juan del Cesar,La Guajira,NACIONAL,1011.3748654891043,baja,118,69,2556791540
2018,05847,Urrao,Antioquia,TERRITORIAL,1006.9012617931684,baja,465,292,14615671397
2018,50313,Granada,Meta,TERRITORIAL,1006.8348235256597,baja,885,553,73023846451
2018,50150,Castilla la Nueva,Meta,TERRITORIAL,1006.709081579045,baja,649,347,50713510962
2018,76520,Palmira,Valle del Cauca,TERRITORIAL,1005.1423291834624,baja,3437,1681,407236187199
2018,47460,Nueva Granada,Magdalena,TERRITORIAL,1002.1816008961899,baja,382,235,11209574097
2018,44078,Barrancas,La Guajira,TERRITORIAL,1001.2990187122741,baja,287,217,46768738680
2018,23555,Planeta Rica,Córdoba,TERRITORIAL,1001.1922962958031,baja,285,155,23182511727
2018,25398,La Peña,Cundinamarca,TERRITORIAL,999.0046730669408,baja,225,153,14441602461
2018,08520,Palmar de Varela,Atlántico,TERRITORIAL,998.9583917133111,baja,1073,256,12297770817
2018,76845,Ulloa,Valle del Cauca,TERRITORIAL,997.7633847017289,baja,135,93,2618808648
2018,05360,Itagui,Antioquia,NACIONAL,993.4225338996695,baja,53,36,850553622
2018,05172,Chigorodó,Antioquia,TERRITORIAL,993.1009511690521,baja,662,366,28547894081
2018,25430,Madrid,Cundinamarca,NACIONAL,992.1773466891531,baja,67,55,5102840164
2018,15693,Santa Rosa de Viterbo,Boyacá,NACIONAL,990.0917034150824,baja,62,32,495443967
2018,41615,Rivera,Huila,NACIONAL,982.3595654978288,baja,45,31,1030578560
2018,52022,Aldana,Nariño,TERRITORIAL,980.2556487409671,baja,565,260,11469521580
2018,76248,El Cerrito,Valle del Cauca,TERRITORIAL,977.069263298234,baja,389,230,46902856104
2018,52678,Samaniego,Nariño,NACIONAL,974.1630667349162,baja,29,22,210954167
2018,15774,Susacón,Boyacá,TERRITORIAL,971.3494139898487,baja,149,78,4867483970
2018,66170,Dosquebradas,Risaralda,TERRITORIAL,967.5905916239268,baja,3279,2238,135696574678
2018,85400,Támara,Casanare,TERRITORIAL,963.7669544786271,baja,164,126,6836104908
2018,99773,Cumaribo,Vichada,TERRITORIAL,953.2904032527192,baja,287,169,19609524106
2018,47555,Plato,Magdalena,TERRITORIAL,952.9734781182366,baja,816,340,26568713386
2018,52427,Magüi,Nariño,TERRITORIAL,952.7770410701163,baja,636,339,12852251716
2018,25335,Guayabetal,Cundinamarca,TERRITORIAL,952.1619998051966,baja,238,153,11480137170
2018,68211,Contratación,Santander,NACIONAL,951.4918909223627,baja,22,19,315092406
2018,05856,Valparaíso,Antioquia,TERRITORIAL,949.0926560399641,baja,44,23,1044612884
2018,19473,Morales,Cauca,TERRITORIAL,946.9218097738193,baja,354,205,9828882366
2018,13657,San Juan Nepomuceno,Bolívar,TERRITORIAL,946.825837336274,baja,378,225,15588906410
2018,25258,El Peñón,Cundinamarca,TERRITORIAL,946.7970500473405,baja,316,200,9382098797
2018,76041,Ansermanuevo,Valle del Cauca,TERRITORIAL,946.0877435283343,baja,206,140,5678067215
2018,73217,Coyaima,Tolima,TERRITORIAL,943.9239892109393,baja,506,243,17614517553
2018,23350,La Apartada,Córdoba,TERRITORIAL,936.8773171188376,baja,226,147,9247706598
2018,13473,Morales,Bolívar,TERRITORIAL,934.8668467308644,baja,189,127,8721184318
2018,63470,Montenegro,Quindío,NACIONAL,931.81674993716,baja,17,16,90391555
2018,20787,Tamalameque,Cesar,TERRITORIAL,928.5706608988322,baja,325,193,8544574886
2018,73275,Flandes,Tolima,TERRITORIAL,928.1228959773,baja,482,317,12707947201
2018,25286,Funza,Cundinamarca,TERRITORIAL,927.8394457072902,baja,1080,805,122111440344
2018,68432,Málaga,Santander,TERRITORIAL,926.8858669634503,baja,345,217,21453107852
2018,13873,Villanueva,Bolívar,TERRITORIAL,923.420789840061,baja,21,17,105228790
2018,47318,Guamal,Magdalena,TERRITORIAL,919.870537577237,baja,286,217,11879764149
2018,68425,Macaravita,Santander,TERRITORIAL,919.0978608312192,baja,139,88,7269264631
2018,76736,Sevilla,Valle del Cauca,NACIONAL,918.1871461090047,baja,33,21,162473981
2018,05107,Briceño,Antioquia,TERRITORIAL,917.8341471638596,baja,404,237,25343627294
2018,81065,Arauquita,Arauca,TERRITORIAL,917.8273633280453,baja,297,193,38020666053
2018,68385,Landázuri,Santander,TERRITORIAL,917.6703990143643,baja,359,196,11250174437
2018,41132,Campoalegre,Huila,TERRITORIAL,911.075541225289,baja,494,280,8702804293
2018,13440,Margarita,Bolívar,TERRITORIAL,907.6441027420967,baja,166,91,5408545768
2018,25851,Útica,Cundinamarca,TERRITORIAL,906.0699472041031,baja,251,139,8075641557
2018,27006,Acandí,Chocó,TERRITORIAL,904.158169724876,baja,80,61,3746047816
2018,05038,Angostura,Antioquia,TERRITORIAL,897.3040907532136,baja,475,276,12881722412
2018,15469,Moniquirá,Boyacá,TERRITORIAL,897.1812837980032,baja,605,347,30745657304
2018,86568,Puerto Asís,Putumayo,TERRITORIAL,896.6821966861474,baja,1274,579,30995292425
2018,23580,Puerto Libertador,Córdoba,TERRITORIAL,893.7770236585118,baja,191,111,19321515759
2018,52323,Gualmatán,Nariño,TERRITORIAL,893.4912240778782,baja,607,267,9666865476
2018,25843,Villa de San Diego de Ubate,Cundinamarca,TERRITORIAL,889.2271918431691,baja,1542,601,40424460691
2018,19743,Silvia,Cauca,TERRITORIAL,883.6666400994474,baja,297,144,9810679114
2018,20060,Bosconia,Cesar,TERRITORIAL,883.1141527066416,baja,126,77,5430881722
2018,05652,San Francisco,Antioquia,TERRITORIAL,882.2870152184618,baja,377,216,6193841900
2018,15531,Pauna,Boyacá,TERRITORIAL,882.076793226091,baja,214,130,6770002431
2018,27245,El Carmen de Atrato,Chocó,TERRITORIAL,875.8013864038696,baja,157,106,5360000532
2018,25297,Gachetá,Cundinamarca,TERRITORIAL,875.445179139813,baja,541,311,28004705181
2018,85001,Yopal,Casanare,NACIONAL,873.9176160736553,baja,863,642,67988909931
2018,70221,Coveñas,Sucre,TERRITORIAL,872.9149553717385,baja,303,198,17177052333
2018,05031,Amalfi,Antioquia,TERRITORIAL,871.5239206057838,baja,537,282,29031810834
2018,25386,La Mesa,Cundinamarca,NACIONAL,871.1148489149138,baja,23,18,65658510
2018,50577,Puerto Lleras,Meta,TERRITORIAL,868.6662757078582,baja,184,112,9498946351
2018,19364,Jambaló,Cauca,TERRITORIAL,866.1706930386993,baja,122,76,6421784960
2018,52520,Francisco Pizarro,Nariño,TERRITORIAL,866.1337891027562,baja,283,171,5835295487
2018,27580,Río Iro,Chocó,TERRITORIAL,865.8308967208455,baja,30,17,519100661
2018,05120,Cáceres,Antioquia,TERRITORIAL,864.1262127350595,baja,229,184,11633274951
2018,44560,Manaure,La Guajira,TERRITORIAL,861.7649855916214,baja,144,99,28144174664
2018,20013,Agustín Codazzi,Cesar,TERRITORIAL,856.8338517428367,baja,906,448,16534623157
2018,05615,Rionegro,Antioquia,NACIONAL,853.6681391067885,baja,38,35,973405045
2018,25594,Quetame,Cundinamarca,NACIONAL,846.2941616662949,baja,23,18,111038260
2018,25328,Guayabal de Siquima,Cundinamarca,TERRITORIAL,843.220368339579,baja,193,110,6790092439
2018,05736,Segovia,Antioquia,TERRITORIAL,841.4883396728532,baja,993,496,37747006460
2018,25368,Jerusalén,Cundinamarca,TERRITORIAL,840.5952118517494,baja,111,59,1624181794
2018,27660,San José del Palmar,Chocó,TERRITORIAL,840.54551012386,baja,180,112,7448739170
2018,25035,Anapoima,Cundinamarca,TERRITORIAL,838.5908847206113,baja,414,256,36792171701
2018,25489,Nimaima,Cundinamarca,TERRITORIAL,838.0310325943767,baja,308,205,10571436380
2018,15839,Tutazá,Boyacá,TERRITORIAL,835.2002335528276,baja,104,79,3979209886
2018,15097,Boavita,Boyacá,TERRITORIAL,834.2908235522758,baja,194,128,4426354512
2018,18756,Solano,Caquetá,TERRITORIAL,834.1038503545387,baja,306,172,12554422441
2018,41298,Garzón,Huila,NACIONAL,832.9514775485536,baja,35,33,279319234
2018,15189,Ciénega,Boyacá,TERRITORIAL,829.5759943066175,baja,195,123,4650161622
2018,68322,Guapotá,Santander,TERRITORIAL,829.3108936505247,baja,126,87,3081839433
2018,25658,San Francisco,Cundinamarca,TERRITORIAL,826.4368036914242,baja,327,202,10274700807
2018,19807,Timbío,Cauca,TERRITORIAL,826.3712033868787,baja,202,137,11224125493
2018,25599,Apulo,Cundinamarca,TERRITORIAL,823.836794649352,baja,338,187,8143027679
2018,20032,Astrea,Cesar,TERRITORIAL,821.437509794824,baja,864,294,12060179961
2018,81794,Tame,Arauca,NACIONAL,819.0764078651731,baja,33,30,1117829326
2018,63190,Circasia,Quindío,NACIONAL,818.9693430810188,baja,23,21,116558019
2018,13654,San Jacinto,Bolívar,TERRITORIAL,818.507478488504,baja,204,139,8324970826
2018,15761,Somondoco,Boyacá,TERRITORIAL,815.4638551015834,baja,187,118,4614085828
2018,68720,Santa Helena del Opón,Santander,TERRITORIAL,809.0409007399886,baja,224,134,9506506737
2018,15442,Maripí,Boyacá,TERRITORIAL,808.7759422131352,baja,176,116,5197368629
2018,95001,San José del Guaviare,Guaviare,NACIONAL,808.4400082210758,baja,68,47,4015476681
2018,05282,Fredonia,Antioquia,TERRITORIAL,808.3838635472019,baja,952,264,9312316533
2018,05093,Betulia,Antioquia,TERRITORIAL,808.1508542735348,baja,443,253,12802138318
2018,17867,Victoria,Caldas,TERRITORIAL,807.2961370136285,baja,525,250,9974120327
2018,85125,Hato Corozal,Casanare,TERRITORIAL,806.9773600588439,baja,181,127,8473450404
2018,25867,Vianí,Cundinamarca,TERRITORIAL,806.7724325005512,baja,265,169,4770571910
2018,52411,Linares,Nariño,TERRITORIAL,804.9344646457737,baja,676,328,11023997653
2018,15226,Cuítiva,Boyacá,TERRITORIAL,804.3445555597259,baja,125,85,3158944707
2018,70670,Sampués,Sucre,TERRITORIAL,803.2701049703068,baja,925,379,26486149445
2018,25175,Chía,Cundinamarca,TERRITORIAL,801.9946830689493,baja,2010,1212,203976305373
2018,15185,Chitaraque,Boyacá,TERRITORIAL,801.659668553644,baja,260,163,7870795531
2018,20178,Chiriguaná,Cesar,TERRITORIAL,800.3316627928104,baja,494,327,40851355716
2018,19533,Piamonte,Cauca,TERRITORIAL,799.8883581730264,baja,179,94,7714622176
2018,68500,Oiba,Santander,TERRITORIAL,798.6376811906867,baja,274,174,10892587926
2018,52320,Guaitarilla,Nariño,TERRITORIAL,797.560600510334,baja,756,363,14143681355
2018,05658,San José de la Montaña,Antioquia,TERRITORIAL,797.2146366918575,baja,158,106,2924903430
2018,25245,El Colegio,Cundinamarca,NACIONAL,795.3968871188708,baja,16,16,112808942
2018,19455,Miranda,Cauca,TERRITORIAL,794.4053522334982,baja,485,289,21939861330
2018,05411,Liborina,Antioquia,TERRITORIAL,790.748797484543,baja,268,126,4760720922
2018,44855,Urumita,La Guajira,TERRITORIAL,790.0501245891428,baja,367,181,5625894359
2018,68522,Palmar,Santander,TERRITORIAL,787.9817744501305,baja,171,123,3782748289
2018,66001,Pereira,Risaralda,NACIONAL,786.6378038779975,baja,163,133,29780328879
2018,05209,Concordia,Antioquia,TERRITORIAL,786.5849915946716,baja,462,263,15316815862
2018,08001,Barranquilla,Atlántico,NO_DEFINIDO,785.9922679159573,baja,126,103,621407042
2018,68498,Ocamonte,Santander,TERRITORIAL,785.9621393840544,baja,122,85,3393295656
2018,41016,Aipe,Huila,NACIONAL,783.6421243457469,baja,20,17,194049393
2018,05030,Amagá,Antioquia,TERRITORIAL,781.6013200964911,baja,361,216,9485088410
2018,86571,Puerto Guzmán,Putumayo,TERRITORIAL,781.4449044096974,baja,425,194,6660560479
2018,76275,Florida,Valle del Cauca,TERRITORIAL,780.5247137542649,baja,838,546,26593548072
2018,25807,Tibirita,Cundinamarca,TERRITORIAL,780.1026753921391,baja,99,82,3089930194
2018,50686,San Juanito,Meta,TERRITORIAL,777.3893938388466,baja,105,70,2305738001
2018,23807,Tierralta,Córdoba,TERRITORIAL,775.8867623984548,baja,343,248,55970031219
2018,18592,Puerto Rico,Caquetá,TERRITORIAL,775.4319508603413,baja,130,77,5729668408
2018,25530,Paratebueno,Cundinamarca,TERRITORIAL,774.509895986277,baja,290,187,11504609779
2018,68264,Encino,Santander,TERRITORIAL,770.7223555428301,baja,158,103,4889198174
2018,05885,Yalí,Antioquia,TERRITORIAL,770.0409328532172,baja,262,187,6074332509
2018,68615,Rionegro,Santander,TERRITORIAL,768.1499892685495,baja,464,273,18431923687
2018,76622,Roldanillo,Valle del Cauca,TERRITORIAL,764.4617459075205,baja,336,192,10443152982
2018,73678,San Luis,Tolima,TERRITORIAL,762.8671305925938,baja,768,333,7846579560
2018,50287,Fuente de Oro,Meta,TERRITORIAL,762.6596853415407,baja,347,176,7122467820
2018,27025,Alto Baudo,Chocó,TERRITORIAL,760.774202313212,baja,64,30,1123879094
2018,15172,Chinavita,Boyacá,TERRITORIAL,757.9685573168842,baja,129,81,2078390929
2018,25295,Gachancipá,Cundinamarca,TERRITORIAL,756.6172393094341,baja,419,258,10553169962
2018,19290,Florencia,Cauca,TERRITORIAL,753.1951879755911,baja,201,101,4227621694
2018,25878,Viotá,Cundinamarca,TERRITORIAL,751.0134492034653,baja,431,249,9704070391
2018,15224,Cucaita,Boyacá,TERRITORIAL,750.6060329436943,baja,167,119,5280219058
2018,41357,Iquira,Huila,TERRITORIAL,750.266644232168,baja,428,234,9511285154
2018,76890,Yotoco,Valle del Cauca,TERRITORIAL,749.7316135650082,baja,301,234,3862144010
2018,25862,Vergara,Cundinamarca,TERRITORIAL,747.9998561189084,baja,422,226,13548876390
2018,73270,Falan,Tolima,TERRITORIAL,747.9962799631893,baja,288,181,6921416939
2018,17513,Pácora,Caldas,TERRITORIAL,747.6719322630003,baja,652,347,16574781468
2018,25841,Ubaque,Cundinamarca,TERRITORIAL,745.0957833281977,baja,257,151,3736367139
2018,19785,Sucre,Cauca,TERRITORIAL,744.383707136528,baja,228,147,6905903737
2018,25718,Sasaima,Cundinamarca,TERRITORIAL,742.9026632107799,baja,212,133,9268026609
2018,15740,Siachoque,Boyacá,TERRITORIAL,742.2451964241919,baja,213,160,5138237712
2018,68020,Albania,Santander,TERRITORIAL,740.7534990831073,baja,200,137,7864252986
2018,76616,Riofrío,Valle del Cauca,TERRITORIAL,740.7430387318959,baja,274,207,8593469510
2018,50245,El Calvario,Meta,TERRITORIAL,736.067818790998,baja,117,88,1984134395
2018,27135,El Cantón del San Pablo,Chocó,TERRITORIAL,733.3446877432341,baja,154,86,5156313382
2018,44090,Dibulla,La Guajira,TERRITORIAL,732.5256768015666,baja,270,147,20545157174
2018,15755,Socotá,Boyacá,TERRITORIAL,730.2915222055587,baja,216,135,5599668250
2018,19256,El Tambo,Cauca,TERRITORIAL,723.2989131874095,baja,464,242,18865997115
2018,05890,Yolombó,Antioquia,TERRITORIAL,723.0843054833373,baja,2451,375,31017309246
2018,20517,Pailitas,Cesar,TERRITORIAL,720.9125212358027,baja,185,140,5245081288
2018,20001,Valledupar,Cesar,NACIONAL,720.1361010854761,baja,534,442,69662982214
2018,25488,Nilo,Cundinamarca,NACIONAL,719.2534918541073,baja,434,359,31779122221
2018,27615,Riosucio,Chocó,TERRITORIAL,718.9066294132602,baja,341,156,14162508011
2018,41206,Colombia,Huila,TERRITORIAL,718.4224129416436,baja,332,197,7519829934
2018,17442,Marmato,Caldas,TERRITORIAL,717.5869832160053,baja,563,183,7581176747
2018,25317,Guachetá,Cundinamarca,TERRITORIAL,717.1112556622417,baja,157,127,6604729382
2018,50251,El Castillo,Meta,TERRITORIAL,716.7737283918856,baja,190,110,5378199734
2018,25845,Une,Cundinamarca,TERRITORIAL,716.6879762673544,baja,419,220,8937031897
2018,54206,Convención,Norte de Santander,TERRITORIAL,716.5146098591193,baja,260,148,7200651209
2018,15686,Santana,Boyacá,TERRITORIAL,715.5949055109369,baja,200,133,6983912274
2018,52405,Leiva,Nariño,TERRITORIAL,714.0360559706255,baja,332,183,6528999764
2018,63470,Montenegro,Quindío,TERRITORIAL,712.4133488339933,baja,802,522,16660610626
2018,25506,Venecia,Cundinamarca,TERRITORIAL,711.0264532328474,baja,140,96,3795662347
2018,15476,Motavita,Boyacá,TERRITORIAL,710.1596221312229,baja,185,131,3967600894
2018,27413,Lloró,Chocó,TERRITORIAL,709.7325842454597,baja,87,47,2944037838
2018,68368,Jesús María,Santander,TERRITORIAL,707.6407180060461,baja,112,72,5192864580
2018,73148,Carmen de Apicalá,Tolima,TERRITORIAL,707.0656608369486,baja,522,280,13233628522
2018,44001,Riohacha,La Guajira,NACIONAL,706.1027327427761,baja,163,133,15047345510
2018,47189,Ciénaga,Magdalena,TERRITORIAL,705.6664385887206,baja,1568,793,76807862146
2018,05819,Toledo,Antioquia,TERRITORIAL,705.3156187997329,baja,248,145,8424801178
2018,99001,Puerto Carreño,Vichada,TERRITORIAL,704.4795486540429,baja,2397,1215,115209465190
2018,15494,Nuevo Colón,Boyacá,TERRITORIAL,701.9611760543685,baja,191,114,4607625417
2018,70215,Corozal,Sucre,NACIONAL,701.0247093963635,baja,80,67,3193842120
2018,68655,Sabana de Torres,Santander,TERRITORIAL,699.8764217534613,baja,396,206,21315624966
2018,15325,Guayatá,Boyacá,TERRITORIAL,699.2383038041941,baja,148,88,4373536457
2018,50573,Puerto López,Meta,TERRITORIAL,698.691344217737,baja,899,477,56096681028
2018,05086,Belmira,Antioquia,TERRITORIAL,697.8608388400002,baja,235,160,6119621799
2018,52490,Olaya Herrera,Nariño,TERRITORIAL,696.8509938302692,baja,657,277,15275123341
2018,05686,Santa Rosa de Osos,Antioquia,TERRITORIAL,696.5018853921769,baja,400,231,20659195208
2018,68524,Palmas del Socorro,Santander,TERRITORIAL,696.2764919285643,baja,105,77,2085333259
2018,52788,Tangua,Nariño,TERRITORIAL,696.1226079668454,baja,782,368,10348223164
2018,15790,Tasco,Boyacá,TERRITORIAL,696.0414509375387,baja,141,101,2433478273
2018,15047,Aquitania,Boyacá,TERRITORIAL,695.1951155717323,baja,186,140,7976586925
2018,15022,Almeida,Boyacá,TERRITORIAL,692.8912222829638,baja,129,82,3283460238
2018,41013,Agrado,Huila,TERRITORIAL,692.4207457884704,baja,214,102,2602742687
2018,25120,Cabrera,Cundinamarca,TERRITORIAL,691.5953635174013,baja,110,89,3998214409
2018,68464,Mogotes,Santander,TERRITORIAL,691.0027670192658,baja,294,171,7768067021
2018,05306,Giraldo,Antioquia,TERRITORIAL,690.9280391410269,baja,310,168,5579343557
2018,25001,Agua de Dios,Cundinamarca,TERRITORIAL,690.2803254252732,baja,1291,988,69509947490
2018,15599,Ramiriquí,Boyacá,TERRITORIAL,689.2529663892902,baja,299,205,13094676684
2018,50370,Uribe,Meta,TERRITORIAL,688.8688500739786,baja,229,143,7886170063
2018,20001,Valledupar,Cesar,NO_DEFINIDO,688.0537258622136,baja,279,141,663078955
2018,15403,La Uvita,Boyacá,TERRITORIAL,687.6576530611871,baja,245,138,5161882075
2018,15839,Tutazá,Boyacá,NACIONAL,686.7899550908664,baja,41,26,136849266
2018,70702,San Juan de Betulia,Sucre,TERRITORIAL,686.2030621319493,baja,122,78,4227823068
2018,05649,San Carlos,Antioquia,TERRITORIAL,685.3978511229516,baja,471,275,20053296324
2018,05380,La Estrella,Antioquia,TERRITORIAL,684.6024033897895,baja,2180,709,52302059757
2018,25290,Fusagasugá,Cundinamarca,NACIONAL,683.0086745684047,baja,171,122,3145489212
2018,05579,Puerto Berrío,Antioquia,TERRITORIAL,682.0952053933495,baja,503,279,29426663681
2018,15401,La Victoria,Boyacá,TERRITORIAL,680.9225319006664,baja,80,53,1698809112
2018,18256,El Paujil,Caquetá,TERRITORIAL,679.8316270156251,baja,187,135,7386808889
2018,50680,San Carlos de Guaroa,Meta,TERRITORIAL,679.3902881239397,baja,481,229,12747425229
2018,73268,Espinal,Tolima,NACIONAL,678.9824474291627,baja,33,27,458053681
2018,15723,Sativasur,Boyacá,TERRITORIAL,678.3696188184124,baja,138,94,3109523763
2018,50590,Puerto Rico,Meta,TERRITORIAL,676.0253213752931,baja,428,236,13770523512
2018,05591,Puerto Triunfo,Antioquia,TERRITORIAL,675.1868367556947,baja,319,176,15989092077
2018,85136,La Salina,Casanare,TERRITORIAL,673.6413108338038,baja,194,104,3838694054
2018,15820,Tópaga,Boyacá,NACIONAL,673.5583598248863,baja,65,37,240061975
2018,52110,Buesaco,Nariño,TERRITORIAL,671.8336700487433,baja,1101,449,11962764332
2018,05789,Támesis,Antioquia,TERRITORIAL,670.8154025563721,baja,551,275,10956541305
2018,05045,Apartadó,Antioquia,TERRITORIAL,668.4854556560795,baja,492,349,72257096669
2018,68682,San Joaquín,Santander,TERRITORIAL,665.2079702927465,baja,131,87,2532453857
2018,25269,Facatativá,Cundinamarca,NO_DEFINIDO,663.0156642425663,baja,315,154,2706565871
2018,41885,Yaguará,Huila,TERRITORIAL,661.2506040294248,baja,512,271,10743633775
2018,25596,Quipile,Cundinamarca,TERRITORIAL,660.7740766585952,baja,187,131,5961248698
2018,25473,Mosquera,Cundinamarca,TERRITORIAL,660.6942726244085,baja,1835,1354,124256904752
2018,76130,Candelaria,Valle del Cauca,TERRITORIAL,659.2749451143377,baja,2488,1317,72808495657
2018,05667,San Rafael,Antioquia,TERRITORIAL,654.6142432282243,baja,503,239,12469661835
2018,52835,San Andrés de Tumaco,Nariño,TERRITORIAL,654.473141072471,baja,1451,415,60632186031
2018,41503,Oporapa,Huila,TERRITORIAL,653.7884815556674,baja,490,256,7711406184
2018,70265,Guaranda,Sucre,TERRITORIAL,652.8269527182238,baja,433,236,12410786850
2018,54344,Hacarí,Norte de Santander,TERRITORIAL,650.4572404317669,baja,153,106,4819251870
2018,23855,Valencia,Córdoba,TERRITORIAL,650.4024711349803,baja,188,127,15356639729
2018,95015,Calamar,Guaviare,TERRITORIAL,649.0381665083321,baja,183,94,3368979067
2018,15753,Soatá,Boyacá,TERRITORIAL,648.7016947034373,baja,425,262,14076844882
2018,18205,Curillo,Caquetá,TERRITORIAL,647.3650920011654,baja,145,85,3545893917
2018,68079,Barichara,Santander,TERRITORIAL,645.674797963272,baja,365,177,8176634262
2018,70235,Galeras,Sucre,NACIONAL,644.9491562010902,baja,50,31,344102223
2018,41006,Acevedo,Huila,TERRITORIAL,644.6472347754532,baja,681,305,19464197665
2018,15180,Chiscas,Boyacá,TERRITORIAL,643.4311781064231,baja,212,115,5185808554
2018,68820,Tona,Santander,TERRITORIAL,641.8239372627849,baja,236,163,8560550312
2018,68001,Bucaramanga,Santander,NACIONAL,641.4639830639585,baja,2949,2073,255166257100
2018,76243,El Águila,Valle del Cauca,TERRITORIAL,640.6453535154089,baja,304,143,5822818688
2018,13160,Cantagallo,Bolívar,TERRITORIAL,639.6599754338904,baja,311,171,16679850955
2018,44098,Distracción,La Guajira,TERRITORIAL,639.3207967783534,baja,158,78,2544342611
2018,25817,Tocancipá,Cundinamarca,TERRITORIAL,638.8602515702113,baja,896,781,225615533409
2018,05887,Yarumal,Antioquia,TERRITORIAL,637.540590676292,baja,459,302,40877155433
2018,19142,Caloto,Cauca,TERRITORIAL,636.8408984600032,baja,618,383,27110882521
2018,27361,Istmina,Chocó,TERRITORIAL,636.1528231841498,baja,203,125,8262006697
2018,76318,Guacarí,Valle del Cauca,TERRITORIAL,636.0073066146965,baja,230,169,14793884831
2018,23675,San Bernardo del Viento,Córdoba,TERRITORIAL,635.5916907081692,baja,353,195,15786547888
2018,17446,Marulanda,Caldas,TERRITORIAL,635.1720228863053,baja,57,47,368043973
2018,05004,Abriaquí,Antioquia,TERRITORIAL,633.7201883905078,baja,156,79,2823924072
2018,25743,Silvania,Cundinamarca,TERRITORIAL,633.0234462682419,baja,954,443,15151328736
2018,41676,Santa María,Huila,TERRITORIAL,632.7307596999259,baja,219,131,5005497653
2018,99524,La Primavera,Vichada,TERRITORIAL,631.1392796421569,baja,380,186,11153378430
2018,19075,Balboa,Cauca,TERRITORIAL,630.9993896802832,baja,121,89,2762130319
2018,85162,Monterrey,Casanare,TERRITORIAL,630.9056792640288,baja,403,290,43767198610
2018,18150,Cartagena del Chairá,Caquetá,TERRITORIAL,627.7065790809119,baja,452,259,18084506645
2018,20400,La Jagua de Ibirico,Cesar,TERRITORIAL,625.3930443277986,baja,751,472,84040156411
2018,52354,Imués,Nariño,TERRITORIAL,622.8844234572908,baja,39,29,160628645
2018,66682,Santa Rosa de Cabal,Risaralda,NO_DEFINIDO,620.9737771754167,baja,88,68,144312903
2018,70508,Ovejas,Sucre,TERRITORIAL,620.753382054379,baja,445,241,8702732201
2018,25592,Quebradanegra,Cundinamarca,TERRITORIAL,620.5347383411946,baja,249,137,4985141803
2018,25898,Zipacón,Cundinamarca,TERRITORIAL,620.3463796271988,baja,253,160,5592553904
2018,05656,San Jerónimo,Antioquia,TERRITORIAL,619.5805086824427,baja,440,252,12695340726
2018,97666,Taraira,Vaupés,TERRITORIAL,618.4507802276406,baja,192,86,9925369742
2018,15500,Oicatá,Boyacá,TERRITORIAL,615.6720639001143,baja,147,122,4433032770
2018,41026,Altamira,Huila,TERRITORIAL,614.7111810170857,baja,151,99,1986092808
2018,76147,Cartago,Valle del Cauca,TERRITORIAL,614.6378077099001,baja,1000,557,83145660256
2018,13670,San Pablo,Bolívar,TERRITORIAL,614.6213506781081,baja,151,93,4899729539
2018,13300,Hatillo de Loba,Bolívar,TERRITORIAL,613.8914467858812,baja,173,106,4078504829
2018,23079,Buenavista,Córdoba,TERRITORIAL,610.7832267531394,baja,377,217,15861024307
2018,50606,Restrepo,Meta,TERRITORIAL,610.5354714250466,baja,330,200,10874703994
2018,76020,Alcalá,Valle del Cauca,TERRITORIAL,610.528680832809,baja,289,172,6419908207
2018,05206,Concepción,Antioquia,TERRITORIAL,609.935330979846,baja,195,132,3567282735
2018,15183,Chita,Boyacá,TERRITORIAL,607.6890284798474,baja,129,68,5020354929
2018,68229,Curití,Santander,TERRITORIAL,607.1039497807699,baja,200,144,8034513038
2018,25785,Tabio,Cundinamarca,TERRITORIAL,603.6086348794232,baja,843,568,19117814833
2018,05585,Puerto Nare,Antioquia,TERRITORIAL,603.1150531399836,baja,374,192,12493851642
2018,19130,Cajibío,Cauca,TERRITORIAL,601.5719053325272,baja,272,167,10640909388
2018,05861,Venecia,Antioquia,TERRITORIAL,601.2434526124226,baja,856,302,10445921377
2018,41770,Suaza,Huila,TERRITORIAL,598.2921603770062,baja,497,271,8488707109
2018,15820,Tópaga,Boyacá,TERRITORIAL,597.8919684090716,baja,152,79,2971983588
2018,50006,Acacías,Meta,NACIONAL,595.8817734173098,baja,143,51,3488338273
2018,05361,Ituango,Antioquia,TERRITORIAL,595.2455269519501,baja,437,310,17531903238
2018,54800,Teorama,Norte de Santander,TERRITORIAL,594.3564861343217,baja,156,97,9457499808
2018,19824,Totoró,Cauca,TERRITORIAL,594.0545560884519,baja,246,185,14412226752
2018,41319,Guadalupe,Huila,TERRITORIAL,593.6127336930484,baja,394,279,13099698729
2018,95200,Miraflores,Guaviare,TERRITORIAL,593.313941482385,baja,168,94,6113523528
2018,68327,Güepsa,Santander,TERRITORIAL,592.7430603007689,baja,127,94,3819773277
2018,05674,San Vicente,Antioquia,TERRITORIAL,591.8702452269123,baja,264,139,9541662296
2018,52678,Samaniego,Nariño,TERRITORIAL,591.1258823148651,baja,1573,559,22176139049
2018,41359,Isnos,Huila,TERRITORIAL,589.6487313045707,baja,548,275,9801331240
2018,15667,San Luis de Gaceno,Boyacá,TERRITORIAL,589.1443721161651,baja,193,133,5074530167
2018,68245,El Guacamayo,Santander,TERRITORIAL,588.815259983909,baja,134,83,3153754047
2018,05376,La Ceja,Antioquia,TERRITORIAL,588.5721337085096,baja,874,470,27708000858
2018,68861,Vélez,Santander,NACIONAL,587.4896607093577,baja,71,48,762041126
2018,25281,Fosca,Cundinamarca,TERRITORIAL,583.4940787378875,baja,358,184,6572776941
2018,73520,Palocabildo,Tolima,TERRITORIAL,583.0224013184553,baja,406,227,11242450545
2018,85279,Recetor,Casanare,TERRITORIAL,581.4472476781016,baja,151,109,3045593692
2018,52418,Los Andes,Nariño,TERRITORIAL,579.932430033367,baja,435,245,14465008764
2018,63401,La Tebaida,Quindío,TERRITORIAL,579.6628213351499,baja,967,430,13906673596
2018,15542,Pesca,Boyacá,TERRITORIAL,577.422150763495,baja,179,110,4474357140
2018,41349,Hobo,Huila,TERRITORIAL,572.7741538805035,baja,352,205,4671624494
2018,05873,Vigía del Fuerte,Antioquia,TERRITORIAL,571.053220626295,baja,85,65,1422160667
2018,05079,Barbosa,Antioquia,TERRITORIAL,569.6711004806938,baja,526,360,35350922914
2018,05250,El Bagre,Antioquia,TERRITORIAL,568.8077994740903,baja,553,296,26036293871
2018,05495,Nechí,Antioquia,TERRITORIAL,567.1317385283381,baja,294,227,7552979184
2018,68572,Puente Nacional,Santander,TERRITORIAL,566.8399984276675,baja,437,264,11654265581
2018,68013,Aguada,Santander,TERRITORIAL,562.6600116329347,baja,126,84,1290290343
2018,18029,Albania,Caquetá,TERRITORIAL,562.3523796496431,baja,115,77,3334662266
2018,70523,Palmito,Sucre,TERRITORIAL,561.6522166130366,baja,169,121,10851770311
2018,05240,Ebéjico,Antioquia,TERRITORIAL,561.2774461227452,baja,247,126,5454544008
2018,68211,Contratación,Santander,TERRITORIAL,560.789414041032,baja,128,77,3086809875
2018,23466,Montelíbano,Córdoba,TERRITORIAL,560.1641940891835,baja,351,211,36976779286
2018,68418,Los Santos,Santander,TERRITORIAL,558.9447323607527,baja,259,171,10374876938
2018,15332,Güicán,Boyacá,TERRITORIAL,558.1484106374595,baja,279,131,6172644426
2018,15897,Zetaquira,Boyacá,TERRITORIAL,557.2101877992692,baja,205,136,5328904250
2018,05670,San Roque,Antioquia,TERRITORIAL,555.9617076114915,baja,387,229,12930274594
2018,15720,Sativanorte,Boyacá,TERRITORIAL,555.8261953786455,baja,129,65,4018608943
2018,23574,Puerto Escondido,Córdoba,TERRITORIAL,553.3795354683482,baja,357,254,11452485910
2018,15572,Puerto Boyacá,Boyacá,TERRITORIAL,550.8695203953114,baja,749,502,54378699032
2018,15204,Cómbita,Boyacá,TERRITORIAL,550.5475255660097,baja,173,118,6194538657
2018,50001,Villavicencio,Meta,NACIONAL,550.0810681436425,baja,1545,1165,99972448890
2018,18479,Morelia,Caquetá,TERRITORIAL,549.9024968545701,baja,78,58,1869015216
2018,52696,Santa Bárbara,Nariño,TERRITORIAL,548.549050358455,baja,417,224,13993211343
2018,18460,Milán,Caquetá,TERRITORIAL,547.4496979418775,baja,203,120,5642446762
2018,76246,El Cairo,Valle del Cauca,TERRITORIAL,546.6927653222318,baja,250,145,3748690221
2018,52473,Mosquera,Nariño,TERRITORIAL,545.796836150252,baja,264,122,9448720024
2018,19821,Toribio,Cauca,TERRITORIAL,544.1813782447147,baja,392,231,20235604355
2018,70221,Coveñas,Sucre,NACIONAL,543.3267437754893,baja,75,59,4716737529
2018,05790,Tarazá,Antioquia,TERRITORIAL,543.254877127264,baja,224,147,7982127011
2018,25769,Subachoque,Cundinamarca,TERRITORIAL,542.2448602088015,baja,159,134,8396042807
2018,54820,Toledo,Norte de Santander,TERRITORIAL,541.5266586865282,baja,389,242,10801245752
2018,52079,Barbacoas,Nariño,TERRITORIAL,541.3264705351203,baja,997,521,16424616394
2018,05642,Salgar,Antioquia,TERRITORIAL,540.3521230907211,baja,758,291,11394272272
2018,05002,Abejorral,Antioquia,TERRITORIAL,539.8166181367224,baja,498,264,8057414877
2018,73449,Melgar,Tolima,NACIONAL,538.8797064907071,baja,102,94,5685536877
2018,68684,San José de Miranda,Santander,TERRITORIAL,538.8586125313619,baja,207,124,7758656023
2018,95001,San José del Guaviare,Guaviare,NO_DEFINIDO,538.1808161114253,baja,117,70,178206862
2018,52693,San Pablo,Nariño,TERRITORIAL,535.6070843926252,baja,1116,412,10741728760
2018,23672,San Antero,Córdoba,TERRITORIAL,534.8760651679655,baja,424,245,29020874430
2018,68855,Valle de San José,Santander,TERRITORIAL,533.3881143511006,baja,190,124,4593541380
2018,15816,Togüí,Boyacá,TERRITORIAL,533.3566319123357,baja,244,151,4488842784
2018,25839,Ubalá,Cundinamarca,TERRITORIAL,532.5025972379266,baja,255,166,11247273946
2018,15296,Gameza,Boyacá,TERRITORIAL,532.3246323563602,baja,226,139,5484861992
2018,15580,Quípama,Boyacá,TERRITORIAL,531.659331349579,baja,251,157,6517945430
2018,05895,Zaragoza,Antioquia,TERRITORIAL,530.4729486527743,baja,340,183,11920390883
2018,52287,Funes,Nariño,TERRITORIAL,529.9703275488406,baja,837,372,7232470612
2018,15507,Otanche,Boyacá,TERRITORIAL,529.7081960348572,baja,318,158,12203547884
2018,27495,Nuquí,Chocó,TERRITORIAL,529.4898914765824,baja,94,61,1778552687
2018,68755,Socorro,Santander,TERRITORIAL,529.0187663196184,baja,423,291,40846480637
2018,66572,Pueblo Rico,Risaralda,TERRITORIAL,528.799673502363,baja,332,218,12737075718
2018,52254,El Peñol,Nariño,TERRITORIAL,528.6524575503736,baja,677,316,9107232013
2018,25745,Simijaca,Cundinamarca,TERRITORIAL,526.8183057474149,baja,216,165,10887521930
2018,81300,Fortul,Arauca,TERRITORIAL,526.4209422910524,baja,224,128,10641651708
2018,76834,Tuluá,Valle del Cauca,NO_DEFINIDO,525.6190628057293,baja,822,218,1463947402
2018,05045,Apartadó,Antioquia,NACIONAL,525.255207554226,baja,89,49,897525707
2018,52480,Nariño,Nariño,TERRITORIAL,524.8217466381814,baja,450,265,5937430522
2018,52694,San Pedro de Cartago,Nariño,TERRITORIAL,524.219391376275,baja,569,278,9786298522
2018,76054,Argelia,Valle del Cauca,TERRITORIAL,523.8581163067109,baja,256,108,4556703801
2018,52573,Puerres,Nariño,TERRITORIAL,523.6725238861547,baja,796,319,10571889892
2018,15455,Miraflores,Boyacá,TERRITORIAL,523.3889155430592,baja,395,249,10812911800
2018,25649,San Bernardo,Cundinamarca,TERRITORIAL,523.3023781164283,baja,241,142,6593841686
2018,85225,Nunchía,Casanare,TERRITORIAL,522.6119763908413,baja,242,146,9928619674
2018,23162,Cereté,Córdoba,TERRITORIAL,522.5141153808564,baja,1306,642,74996717867
2018,54250,El Tarra,Norte de Santander,TERRITORIAL,522.3117470876999,baja,263,145,9992961244
2018,19573,Puerto Tejada,Cauca,TERRITORIAL,520.1745753626639,baja,544,331,15969891282
2018,15537,Paz de Río,Boyacá,TERRITORIAL,520.0124350343125,baja,304,163,4189205963
2018,05368,Jericó,Antioquia,TERRITORIAL,518.859583288057,baja,501,272,6796512697
2018,20570,Pueblo Bello,Cesar,TERRITORIAL,518.325356084086,baja,440,231,12841524784
2018,73547,Piedras,Tolima,TERRITORIAL,517.71833866286,baja,275,154,7606781702
2018,66383,La Celia,Risaralda,TERRITORIAL,517.6461385486896,baja,215,150,4764934788
2018,25299,Gama,Cundinamarca,TERRITORIAL,517.5702215628759,baja,187,100,3827182524
2018,54498,Ocaña,Norte de Santander,TERRITORIAL,517.1687525643831,baja,1768,863,71913869399
2018,05197,Cocorná,Antioquia,TERRITORIAL,517.0405962013571,baja,441,229,9203695762
2018,73030,Ambalema,Tolima,NACIONAL,516.766500648832,baja,78,46,692061049
2018,23570,Pueblo Nuevo,Córdoba,TERRITORIAL,516.2020956660779,baja,518,261,21994279577
2018,20550,Pelaya,Cesar,TERRITORIAL,514.4268411939178,baja,211,128,2509913273
2018,54480,Mutiscua,Norte de Santander,TERRITORIAL,511.9405377513979,baja,160,94,2935063502
2018,70001,Sincelejo,Sucre,NACIONAL,511.34435543346433,baja,360,230,8011552768
2018,52786,Taminango,Nariño,TERRITORIAL,509.9915138729101,baja,818,378,12145880477
2018,15690,Santa María,Boyacá,TERRITORIAL,509.7262002282496,baja,130,100,4850233973
2018,25793,Tausa,Cundinamarca,TERRITORIAL,509.54325341793,baja,261,189,6481586867
2018,05040,Anorí,Antioquia,TERRITORIAL,508.99056023850875,baja,547,283,14054840104
2018,15621,Rondón,Boyacá,TERRITORIAL,508.17812441310645,baja,170,109,2832736891
2018,76250,El Dovio,Valle del Cauca,TERRITORIAL,507.5967785443227,baja,213,136,4593740254
2018,15135,Campohermoso,Boyacá,TERRITORIAL,507.30963467212837,baja,288,123,5356534046
2018,54418,Lourdes,Norte de Santander,TERRITORIAL,504.11255029100204,baja,218,120,2242013553
2018,05364,Jardín,Antioquia,TERRITORIAL,503.6098530337405,baja,1138,319,8909951455
2018,17541,Pensilvania,Caldas,TERRITORIAL,503.1656298612777,baja,820,381,12529290035
2018,15236,Chivor,Boyacá,TERRITORIAL,501.96470870987275,baja,146,88,3987008506
2018,17616,Risaralda,Caldas,TERRITORIAL,500.77647049861616,baja,371,199,4591220626
2018,15367,Jenesano,Boyacá,TERRITORIAL,498.8690804281803,baja,243,151,9419489996
2018,76892,Yumbo,Valle del Cauca,TERRITORIAL,496.58423712732804,baja,3412,2601,149555767544
2018,54599,Ragonvalia,Norte de Santander,TERRITORIAL,496.44949075973744,baja,206,124,4516692216
2018,05697,El Santuario,Antioquia,NACIONAL,495.16963844717094,baja,220,143,10731321331
2018,54125,Cácota,Norte de Santander,TERRITORIAL,495.01990751595184,baja,195,112,3915601277
2018,15187,Chivatá,Boyacá,TERRITORIAL,494.94504143332955,baja,218,123,5880602410
2018,68861,Vélez,Santander,TERRITORIAL,493.7782973369394,baja,374,226,16380464502
2018,44847,Uribia,La Guajira,TERRITORIAL,492.8259938354206,baja,304,195,118115581377
2018,15673,San Mateo,Boyacá,TERRITORIAL,491.33400387799446,baja,162,86,2515991200
2018,05148,El Carmen de Viboral,Antioquia,TERRITORIAL,491.3318583894745,baja,465,318,31949359918
2018,19397,La Vega,Cauca,TERRITORIAL,490.88808972482445,baja,422,293,17771670477
2018,54347,Herrán,Norte de Santander,TERRITORIAL,490.8809673741952,baja,156,94,3033588201
2018,66400,La Virginia,Risaralda,TERRITORIAL,490.2951471949589,baja,630,441,22180024077
2018,85263,Pore,Casanare,TERRITORIAL,489.0334463847091,baja,292,172,8408331099
2018,05147,Carepa,Antioquia,NACIONAL,488.8318818059096,baja,72,58,2653255983
2018,25001,Agua de Dios,Cundinamarca,NACIONAL,488.43222486707725,baja,899,687,60045048800
2018,05665,San Pedro de Uraba,Antioquia,TERRITORIAL,487.5732477054925,baja,743,360,30529422736
2018,05125,Caicedo,Antioquia,TERRITORIAL,487.5697571592634,baja,296,188,5518259264
2018,50400,Lejanías,Meta,TERRITORIAL,487.2479395912949,baja,190,90,3981249275
2018,25873,Villapinzón,Cundinamarca,TERRITORIAL,487.2277159646077,baja,323,243,11418733624
2018,52227,Cumbal,Nariño,TERRITORIAL,485.6135498962845,baja,764,456,19651748634
2018,68468,Molagavita,Santander,TERRITORIAL,484.298124585502,baja,199,129,5197045768
2018,13140,Calamar,Bolívar,TERRITORIAL,483.7731263928788,baja,662,252,10117759790
2018,25662,San Juan de Río Seco,Cundinamarca,TERRITORIAL,482.38134879154387,baja,616,320,9683467885
2018,86749,Sibundoy,Putumayo,TERRITORIAL,481.19259443089277,baja,231,145,3450996736
2018,68770,Suaita,Santander,TERRITORIAL,480.4903267968141,baja,288,180,11356377493
2018,41524,Palermo,Huila,TERRITORIAL,479.3540390103945,baja,737,468,23430438236
2018,68152,Carcasí,Santander,TERRITORIAL,479.0657960331224,baja,152,80,3092679803
2018,19693,San Sebastián,Cauca,TERRITORIAL,478.50845116446857,baja,296,152,6739524301
2018,19100,Bolívar,Cauca,TERRITORIAL,477.9818930068107,baja,287,192,6560798875
2018,76736,Sevilla,Valle del Cauca,TERRITORIAL,477.5491791494711,baja,627,364,27151754209
2018,15763,Sotaquirá,Boyacá,TERRITORIAL,477.1037492875626,baja,178,130,3113090014
2018,25740,Sibaté,Cundinamarca,TERRITORIAL,477.01118427155205,baja,456,308,18707118584
2018,54003,Abrego,Norte de Santander,TERRITORIAL,476.58338922903806,baja,758,447,16204938658
2018,18785,Solita,Caquetá,TERRITORIAL,474.8899860616544,baja,169,110,4814099314
2018,54405,Los Patios,Norte de Santander,TERRITORIAL,473.2110663320258,baja,1181,728,38005300167
2018,19513,Padilla,Cauca,TERRITORIAL,472.36552691958707,baja,197,114,2006997623
2018,19355,Inzá,Cauca,TERRITORIAL,472.0310062420144,baja,246,154,12596244879
2018,68406,Lebríja,Santander,TERRITORIAL,470.42019721491556,baja,936,481,30666094002
2018,25815,Tocaima,Cundinamarca,TERRITORIAL,469.817041494154,baja,1126,562,23050446068
2018,15759,Sogamoso,Boyacá,TERRITORIAL,468.8621798111085,baja,2366,1461,93318736656
2018,91001,Leticia,Amazonas,NACIONAL,468.7760589983151,baja,727,539,26839618473
2018,25430,Madrid,Cundinamarca,TERRITORIAL,468.55928431684197,baja,1356,971,72543992278
2018,23068,Ayapel,Córdoba,TERRITORIAL,467.5264929802972,baja,435,251,17627590612
2018,73770,Suárez,Tolima,TERRITORIAL,467.0351842736483,baja,231,138,4014750046
2018,68773,Sucre,Santander,TERRITORIAL,465.9051095652497,baja,195,130,5292904605
2018,25154,Carmen de Carupa,Cundinamarca,TERRITORIAL,465.8850423798737,baja,369,268,7409117487
2018,68101,Bolívar,Santander,TERRITORIAL,464.71054631315843,baja,182,136,6715411697
2018,25875,Villeta,Cundinamarca,TERRITORIAL,464.51213835617466,baja,585,391,25675815658
2018,17042,Anserma,Caldas,TERRITORIAL,463.9106802710635,baja,800,415,12519339604
2018,05212,Copacabana,Antioquia,TERRITORIAL,462.8660158365837,baja,882,653,35242043189
2018,15861,Ventaquemada,Boyacá,TERRITORIAL,462.72567415241025,baja,261,181,6247295317
2018,70717,San Pedro,Sucre,TERRITORIAL,462.1267612676213,baja,356,176,10170885873
2018,68575,Puerto Wilches,Santander,TERRITORIAL,460.22080372970095,baja,437,217,18978457016
2018,05425,Maceo,Antioquia,TERRITORIAL,460.147812448467,baja,407,189,7949608998
2018,50568,Puerto Gaitán,Meta,TERRITORIAL,459.27340620339356,baja,799,580,150988608559
2018,50330,Mesetas,Meta,TERRITORIAL,456.004840641338,baja,269,153,6656181018
2018,25123,Cachipay,Cundinamarca,TERRITORIAL,454.12307282975223,baja,185,113,3548400724
2018,18410,La Montañita,Caquetá,TERRITORIAL,453.599016483419,baja,294,182,9020187829
2018,63594,Quimbaya,Quindío,TERRITORIAL,452.2793936221599,baja,1005,525,10337662529
2018,15646,Samacá,Boyacá,TERRITORIAL,450.1143822242169,baja,473,306,17854639659
2018,15293,Gachantivá,Boyacá,TERRITORIAL,448.95824333163466,baja,204,131,4824493692
2018,54520,Pamplonita,Norte de Santander,TERRITORIAL,448.882180950401,baja,252,107,5289585908
2018,50006,Acacías,Meta,TERRITORIAL,447.4335506065723,baja,1701,788,120206118146
2018,05893,Yondó,Antioquia,TERRITORIAL,446.16527918071,baja,699,439,26830321903
2018,05809,Titiribí,Antioquia,TERRITORIAL,445.7557902699694,baja,216,121,4547687383
2018,73555,Planadas,Tolima,TERRITORIAL,444.5624935410105,baja,731,399,14628730308
2018,05440,Marinilla,Antioquia,NACIONAL,444.2682409976205,baja,92,84,4190601154
2018,25779,Susa,Cundinamarca,TERRITORIAL,443.9727493579341,baja,144,118,5732155505
2018,15362,Iza,Boyacá,TERRITORIAL,443.0025886250695,baja,155,110,2503537480
2018,19548,Piendamó,Cauca,TERRITORIAL,442.3616335123055,baja,786,443,24162773731
2018,73349,Honda,Tolima,TERRITORIAL,442.12541092818356,baja,302,203,7796863784
2018,66440,Marsella,Risaralda,TERRITORIAL,441.7821090749395,baja,378,228,5701808511
2018,25099,Bojacá,Cundinamarca,TERRITORIAL,440.994587180548,baja,205,177,7030804844
2018,70473,Morroa,Sucre,TERRITORIAL,438.78276953046316,baja,449,243,7951569293
2018,73870,Villahermosa,Tolima,TERRITORIAL,438.7551135338081,baja,299,165,4957325499
2018,68679,San Gil,Santander,TERRITORIAL,435.6939093556459,baja,978,602,72113807332
2018,66045,Apía,Risaralda,TERRITORIAL,435.41545124929235,baja,337,191,6232926295
2018,68209,Confines,Santander,TERRITORIAL,435.27756742902784,baja,151,91,2954201073
2018,19392,La Sierra,Cauca,TERRITORIAL,434.71599551817735,baja,176,95,4729496489
2018,68705,Santa Bárbara,Santander,TERRITORIAL,434.6104685802727,baja,85,55,1311511861
2018,52356,Ipiales,Nariño,NACIONAL,434.4255456641339,baja,104,51,362224154
2018,25372,Junín,Cundinamarca,TERRITORIAL,434.01159574760044,baja,383,245,6794841532
2018,25772,Suesca,Cundinamarca,TERRITORIAL,431.61104003930393,baja,423,282,8897426951
2018,13468,Mompós,Bolívar,TERRITORIAL,431.43516719621545,baja,521,226,5573500185
2018,54377,Labateca,Norte de Santander,TERRITORIAL,431.3453477224608,baja,167,110,4116980203
2018,15638,Sáchica,Boyacá,TERRITORIAL,430.1464625969053,baja,206,141,3833496825
2018,76670,San Pedro,Valle del Cauca,TERRITORIAL,428.2514219001543,baja,589,278,9240825649
2018,66318,Guática,Risaralda,TERRITORIAL,427.9750638283712,baja,211,152,5921311509
2018,15104,Boyacá,Boyacá,TERRITORIAL,427.60265210610754,baja,246,168,6212823362
2018,15218,Covarachía,Boyacá,TERRITORIAL,427.4359159087688,baja,202,121,5260659280
2018,76036,Andalucía,Valle del Cauca,TERRITORIAL,427.23174965840855,baja,576,286,11182715824
2018,73461,Murillo,Tolima,TERRITORIAL,426.93329353392113,baja,215,150,2573226688
2018,15368,Jericó,Boyacá,TERRITORIAL,426.5131112912842,baja,202,136,5148281180
2018,25653,San Cayetano,Cundinamarca,TERRITORIAL,426.50643079766803,baja,217,110,5386019950
2018,25777,Supatá,Cundinamarca,TERRITORIAL,426.0713290111108,baja,221,128,4785789104
2018,95025,El Retorno,Guaviare,TERRITORIAL,423.49685702349984,baja,357,221,10362016204
2018,41078,Baraya,Huila,TERRITORIAL,423.1627582449609,baja,500,272,10817843527
2018,23168,Chimá,Córdoba,TERRITORIAL,423.0327347985729,baja,105,92,1893269868
2018,15757,Socha,Boyacá,TERRITORIAL,423.00636703410805,baja,213,137,2957741856
2018,15425,Macanal,Boyacá,TERRITORIAL,421.2229985804488,baja,226,161,8083910534
2018,70418,Los Palmitos,Sucre,TERRITORIAL,421.1285592264748,baja,394,211,7188440635
2018,52565,Providencia,Nariño,TERRITORIAL,420.63022034700197,baja,733,361,6890129926
2018,97001,Mitú,Vaupés,TERRITORIAL,420.1509134852741,baja,1322,836,95518200582
2018,25288,Fúquene,Cundinamarca,TERRITORIAL,419.81442267761935,baja,164,125,3720830619
2018,68266,Enciso,Santander,TERRITORIAL,419.32315206731624,baja,198,104,4834426969
2018,05101,Ciudad Bolívar,Antioquia,TERRITORIAL,419.055574518103,baja,494,306,24116167217
2018,15764,Soracá,Boyacá,TERRITORIAL,418.31997732878403,baja,241,178,6395963133
2018,68745,Simacota,Santander,TERRITORIAL,417.95546173763563,baja,218,140,7193347805
2018,25224,Cucunubá,Cundinamarca,TERRITORIAL,416.8445759826985,baja,214,152,4231704813
2018,15804,Tibaná,Boyacá,TERRITORIAL,416.27308504515327,baja,235,155,5983197649
2018,41530,Palestina,Huila,TERRITORIAL,415.7719195399396,baja,571,304,9036651857
2018,73352,Icononzo,Tolima,NACIONAL,414.17246545298224,baja,64,41,219072780
2018,23417,Lorica,Córdoba,TERRITORIAL,413.7402753620199,baja,1131,669,66694658604
2018,15762,Sora,Boyacá,TERRITORIAL,412.34208256495043,baja,160,120,3571096711
2018,25168,Chaguaní,Cundinamarca,TERRITORIAL,411.319831681631,baja,163,115,5464453494
2018,54871,Villa Caro,Norte de Santander,TERRITORIAL,410.03456469673426,baja,154,96,2854326531
2018,25095,Bituima,Cundinamarca,TERRITORIAL,409.6606918775142,baja,124,90,2106989964
2018,52585,Pupiales,Nariño,TERRITORIAL,408.5035296470095,baja,801,383,12420993413
2018,54810,Tibú,Norte de Santander,TERRITORIAL,408.18943137168674,baja,431,247,18491530534
2018,68207,Concepción,Santander,TERRITORIAL,407.8821499330474,baja,207,125,4570368636
2018,19760,Sotara,Cauca,TERRITORIAL,407.8629677852651,baja,205,140,4931541453
2018,25572,Puerto Salgar,Cundinamarca,TERRITORIAL,406.2412746550613,baja,402,228,8777776552
2018,68051,Aratoca,Santander,TERRITORIAL,406.01789549029405,baja,280,166,8391598677
2018,68370,Jordán,Santander,TERRITORIAL,405.8132015574379,baja,133,77,2161705027
2018,15464,Mongua,Boyacá,TERRITORIAL,405.09061359225166,baja,232,130,3027376407
2018,17541,Pensilvania,Caldas,NACIONAL,405.0646631454252,baja,124,81,993995009
2018,76403,La Victoria,Valle del Cauca,TERRITORIAL,404.9626765482024,baja,373,184,5444216749
2018,41668,San Agustín,Huila,TERRITORIAL,404.8498684554552,baja,687,383,20815723818
2018,70678,San Benito Abad,Sucre,TERRITORIAL,403.9058368392091,baja,427,311,7835713723
2018,15106,Briceño,Boyacá,TERRITORIAL,401.6114840893878,baja,154,105,2863089035
2018,05837,Turbo,Antioquia,TERRITORIAL,401.3381915156541,baja,955,635,91114868656
2018,63212,Córdoba,Quindío,TERRITORIAL,400.43808259184556,baja,362,210,3678548713
2018,86569,Puerto Caicedo,Putumayo,TERRITORIAL,399.12460960200633,baja,233,163,3316902415
2018,17495,Norcasia,Caldas,TERRITORIAL,398.33250610355094,baja,432,166,4926464473
2018,73024,Alpujarra,Tolima,TERRITORIAL,398.28311290722496,baja,254,141,2977832424
2018,54518,Pamplona,Norte de Santander,TERRITORIAL,397.0712041492615,baja,1144,590,25036868620
2018,52210,Contadero,Nariño,TERRITORIAL,396.74524904184517,baja,955,335,8000535314
2018,73675,San Antonio,Tolima,TERRITORIAL,396.6251258177621,baja,370,192,7071945345
2018,15832,Tununguá,Boyacá,TERRITORIAL,396.43715394671534,baja,102,77,1520774132
2018,41615,Rivera,Huila,TERRITORIAL,396.2603711171482,baja,672,420,12790968850
2018,68077,Barbosa,Santander,TERRITORIAL,395.67660665147486,baja,320,220,8976313674
2018,13268,El Peñón,Bolívar,TERRITORIAL,393.687573883552,baja,223,123,3470467242
2018,50226,Cumaral,Meta,TERRITORIAL,393.00456723038326,baja,609,362,12842132313
2018,54874,Villa del Rosario,Norte de Santander,TERRITORIAL,391.7933270756141,baja,955,594,41077205747
2018,68502,Onzaga,Santander,TERRITORIAL,391.5677594456661,baja,199,132,5173622282
2018,18756,Solano,Caquetá,NACIONAL,390.1499859838181,baja,204,150,11718817149
2018,63130,Calarca,Quindío,TERRITORIAL,389.1895388717356,baja,1504,791,27932645209
2018,52612,Ricaurte,Nariño,TERRITORIAL,387.9921590029598,baja,991,484,14027513952
2018,15092,Betéitiva,Boyacá,TERRITORIAL,387.69458602230776,baja,150,105,3896503387
2018,25320,Guaduas,Cundinamarca,NACIONAL,387.0585670589252,baja,330,178,6674634790
2018,73352,Icononzo,Tolima,TERRITORIAL,386.7838265721016,baja,378,238,8380695397
2018,15114,Busbanzá,Boyacá,TERRITORIAL,385.3144286824306,baja,159,92,3357587414
2018,25040,Anolaima,Cundinamarca,TERRITORIAL,384.2876257304801,baja,540,293,7102525803
2018,15835,Turmequé,Boyacá,TERRITORIAL,383.8802272124232,baja,174,118,2715872418
2018,05660,San Luis,Antioquia,TERRITORIAL,383.42141928904607,baja,717,309,11626711804
2018,15681,San Pablo de Borbur,Boyacá,TERRITORIAL,382.51899819475676,baja,137,96,3750077826
2018,05318,Guarne,Antioquia,TERRITORIAL,382.1421127282003,baja,731,517,39229450789
2018,41797,Tesalia,Huila,TERRITORIAL,378.5741893868452,baja,289,177,2442607998
2018,68673,San Benito,Santander,TERRITORIAL,377.9363628145539,baja,165,112,2563066873
2018,63302,Génova,Quindío,TERRITORIAL,375.33035964325285,baja,404,218,3763419519
2018,68344,Hato,Santander,TERRITORIAL,374.8972559736763,baja,133,102,3052990503
2018,15814,Toca,Boyacá,TERRITORIAL,374.63541074895244,baja,254,157,3250989081
2018,25245,El Colegio,Cundinamarca,TERRITORIAL,374.33898009909365,baja,531,287,10080178775
2018,68533,Páramo,Santander,TERRITORIAL,373.5435159903484,baja,213,138,4267480824
2018,05697,El Santuario,Antioquia,TERRITORIAL,373.08351714854723,baja,452,354,23359329862
2018,41801,Teruel,Huila,TERRITORIAL,370.88903513092134,baja,207,140,2630204259
2018,15466,Monguí,Boyacá,TERRITORIAL,370.63525702035037,baja,209,140,2587197378
2018,25491,Nocaima,Cundinamarca,TERRITORIAL,370.16420501430014,baja,271,174,6037894745
2018,25269,Facatativá,Cundinamarca,TERRITORIAL,368.9662707130715,baja,2247,1196,95968672910
2018,47551,Pivijay,Magdalena,TERRITORIAL,368.6282146249211,baja,1460,449,21627237229
2018,68397,La Paz,Santander,TERRITORIAL,368.4058068523762,baja,154,115,3206917896
2018,15660,San Eduardo,Boyacá,TERRITORIAL,367.7569622142645,baja,243,113,2693714674
2018,44650,San Juan del Cesar,La Guajira,TERRITORIAL,367.38873934301535,baja,633,311,39173018254
2018,85015,Chameza,Casanare,TERRITORIAL,366.2700335835318,baja,146,108,3352535169
2018,05679,Santa Bárbara,Antioquia,TERRITORIAL,365.3429548061974,baja,473,272,9404747845
2018,68250,El Peñón,Santander,TERRITORIAL,365.3325899359294,baja,264,179,6207335448
2018,73504,Ortega,Tolima,TERRITORIAL,365.2606135659535,baja,658,316,13477186797
2018,27250,El Litoral del San Juan,Chocó,TERRITORIAL,365.071183004077,baja,255,118,5020005682
2018,19780,Suárez,Cauca,TERRITORIAL,364.89903096326697,baja,212,143,6892143016
2018,25148,Caparrapí,Cundinamarca,TERRITORIAL,364.7204828665698,baja,324,185,9446620026
2018,15511,Pachavita,Boyacá,TERRITORIAL,364.45197851524983,baja,231,121,3330646001
2018,15212,Coper,Boyacá,TERRITORIAL,363.20425370280896,baja,155,106,3355705206
2018,19845,Villa Rica,Cauca,TERRITORIAL,361.1205343981048,baja,184,124,3255994885
2018,25645,San Antonio del Tequendama,Cundinamarca,TERRITORIAL,359.7651774363492,baja,372,207,7306729572
2018,76122,Caicedonia,Valle del Cauca,TERRITORIAL,359.6484392229909,baja,645,303,13926846443
2018,11001,Bogotá D.C.,Bogotá,TERRITORIAL,359.2814809924629,baja,75249,48544,14450636749457
2018,85139,Maní,Casanare,TERRITORIAL,358.6249590018887,baja,393,230,10405467045
2018,66687,Santuario,Risaralda,TERRITORIAL,358.4130650109059,baja,330,201,7600789790
2018,05483,Nariño,Antioquia,TERRITORIAL,358.1864669225437,baja,288,176,5134079989
2018,05440,Marinilla,Antioquia,TERRITORIAL,356.4994867092189,baja,586,463,37086612088
2018,15272,Firavitoba,Boyacá,TERRITORIAL,353.52923433396654,baja,214,149,3220489891
2018,05576,Pueblorrico,Antioquia,TERRITORIAL,353.1081040321292,baja,183,112,3044984370
2018,76834,Tuluá,Valle del Cauca,TERRITORIAL,352.75059449878336,baja,1630,1160,104504901567
2018,05021,Alejandría,Antioquia,TERRITORIAL,352.30670892288794,baja,342,171,5972649124
2018,54128,Cachirá,Norte de Santander,TERRITORIAL,351.7377921367564,baja,221,135,4880615454
2018,18610,San José del Fragua,Caquetá,TERRITORIAL,350.6624567906659,baja,202,153,4439465667
2018,73616,Rioblanco,Tolima,TERRITORIAL,348.8390849116111,baja,569,271,10379096611
2018,73043,Anzoátegui,Tolima,TERRITORIAL,347.71553761281365,baja,344,243,5813811045
2018,44430,Maicao,La Guajira,TERRITORIAL,347.5955358924265,baja,1510,910,46247702429
2018,18753,San Vicente del Caguán,Caquetá,TERRITORIAL,345.84449681300737,baja,266,181,16429227098
2018,05234,Dabeiba,Antioquia,TERRITORIAL,345.4448522096445,baja,507,250,11193942390
2018,25535,Pasca,Cundinamarca,TERRITORIAL,344.57023113366455,baja,218,160,4686944286
2018,15131,Caldas,Boyacá,TERRITORIAL,344.1411700208904,baja,110,87,2689791358
2018,13873,Villanueva,Bolívar,NACIONAL,343.0992519091582,baja,48,38,802249130
2018,41660,Saladoblanco,Huila,TERRITORIAL,342.5604117980068,baja,286,161,3545469527
2018,54245,El Carmen,Norte de Santander,TERRITORIAL,342.3187201512902,baja,240,125,4455579927
2018,05237,Don Matías,Antioquia,TERRITORIAL,341.91544458461846,baja,297,197,10539795380
2018,15322,Guateque,Boyacá,TERRITORIAL,340.73233969553985,baja,631,293,17536470974
2018,05113,Buriticá,Antioquia,TERRITORIAL,339.6792794703035,baja,410,248,8567445025
2018,68669,San Andrés,Santander,TERRITORIAL,339.06476077495347,baja,249,156,4183378973
2018,05310,Gómez Plata,Antioquia,TERRITORIAL,338.3260192876173,baja,400,223,6431782658
2018,41306,Gigante,Huila,TERRITORIAL,337.5940814559038,baja,679,359,11045630327
2018,54172,Chinácota,Norte de Santander,TERRITORIAL,337.25377444169027,baja,548,284,10422246482
2018,13052,Arjona,Bolívar,TERRITORIAL,337.06853166308093,baja,1228,520,14521823773
2018,15522,Panqueba,Boyacá,TERRITORIAL,336.97434423227,baja,128,77,2461660252
2018,66456,Mistrató,Risaralda,TERRITORIAL,336.71941419243933,baja,372,228,10067863488
2018,47692,San Sebastián de Buenavista,Magdalena,TERRITORIAL,336.57277817209837,baja,760,254,6077613056
2018,76497,Obando,Valle del Cauca,TERRITORIAL,334.6485111835924,baja,414,256,7226361277
2018,47745,Sitionuevo,Magdalena,TERRITORIAL,334.40254818866345,baja,948,462,11290911840
2018,17524,Palestina,Caldas,TERRITORIAL,334.29636152218154,baja,436,267,8181601841
2018,94001,Inírida,Guainía,TERRITORIAL,333.74782244708365,baja,1402,914,113215978206
2018,54174,Chitagá,Norte de Santander,TERRITORIAL,332.95859164209753,baja,234,132,5284129294
2018,68377,La Belleza,Santander,TERRITORIAL,330.90784967060523,baja,227,164,6793419997
2018,41396,La Plata,Huila,TERRITORIAL,330.5824817731625,baja,1862,717,48398992048
2018,68160,Cepitá,Santander,TERRITORIAL,329.51698964358263,baja,112,77,1688422823
2018,05284,Frontino,Antioquia,TERRITORIAL,329.2211474590868,baja,353,212,8931312863
2018,25126,Cajicá,Cundinamarca,NACIONAL,328.03877628655874,baja,162,153,3920089326
2018,05490,Necoclí,Antioquia,TERRITORIAL,325.96789208594663,baja,1406,354,17369573848
2018,18001,Florencia,Caquetá,NACIONAL,325.89043029570536,baja,346,246,17102977170
2018,76113,Bugalagrande,Valle del Cauca,TERRITORIAL,325.6710185368115,baja,580,389,15257774777
2018,73124,Cajamarca,Tolima,TERRITORIAL,325.2255806864205,baja,625,398,10945405306
2018,76895,Zarzal,Valle del Cauca,TERRITORIAL,323.1933767550223,baja,688,317,27281975390
2018,76111,Guadalajara de Buga,Valle del Cauca,TERRITORIAL,321.55876562187206,baja,2209,1429,39608308182
2018,13836,Turbaco,Bolívar,TERRITORIAL,321.2848850417257,baja,4808,3130,564922578848
2018,05347,Heliconia,Antioquia,TERRITORIAL,319.94617499302825,baja,325,184,5098929367
2018,76823,Toro,Valle del Cauca,TERRITORIAL,318.8592300099447,baja,204,112,4097142049
2018,25320,Guaduas,Cundinamarca,TERRITORIAL,318.5638827171075,baja,291,217,9963399033
2018,15514,Páez,Boyacá,TERRITORIAL,318.28845320907277,baja,139,87,2748575726
2018,19450,Mercaderes,Cauca,TERRITORIAL,318.1345577108343,baja,163,122,4441242542
2018,76400,La Unión,Valle del Cauca,TERRITORIAL,317.60025047620775,baja,627,328,14220329204
2018,05360,Itagui,Antioquia,TERRITORIAL,317.1798324020499,baja,5541,1121,244768754722
2018,05792,Tarso,Antioquia,TERRITORIAL,316.57827340080587,baja,446,239,5649603339
2018,52687,San Lorenzo,Nariño,TERRITORIAL,314.3490913599554,baja,1006,490,16133038027
2018,54109,Bucarasica,Norte de Santander,TERRITORIAL,314.0750373291983,baja,179,125,3021886033
2018,76622,Roldanillo,Valle del Cauca,NACIONAL,313.26937533755006,baja,103,77,1193945575
2018,15238,Duitama,Boyacá,TERRITORIAL,312.25491455355615,baja,1179,828,92479905699
2018,41799,Tello,Huila,TERRITORIAL,311.04543046164537,baja,427,253,7437829855
2018,15244,El Cocuy,Boyacá,TERRITORIAL,310.97307920795254,baja,237,146,4902940529
2018,63690,Salento,Quindío,TERRITORIAL,310.001985168706,baja,457,286,6014467521
2018,66594,Quinchía,Risaralda,TERRITORIAL,309.8554156546883,baja,537,316,10347040548
2018,15491,Nobsa,Boyacá,TERRITORIAL,308.5710950327,baja,459,294,12122827226
2018,68271,Florián,Santander,TERRITORIAL,308.3356871795089,baja,305,193,7611630343
2018,20001,Valledupar,Cesar,TERRITORIAL,308.03572419438603,baja,3285,2174,742586541095
2018,73854,Valle de San Juan,Tolima,TERRITORIAL,307.38687627828773,baja,335,175,3338936262
2018,68318,Guaca,Santander,TERRITORIAL,307.3389274335749,baja,199,126,3701760383
2018,76306,Ginebra,Valle del Cauca,TERRITORIAL,307.2123798793996,baja,382,253,9411576241
2018,91001,Leticia,Amazonas,TERRITORIAL,306.78649579932255,baja,2574,1723,94515254173
2018,15632,Saboyá,Boyacá,TERRITORIAL,305.0171808900454,baja,276,190,5862218985
2018,54680,Santiago,Norte de Santander,TERRITORIAL,303.8081443546851,baja,207,110,2084238434
2018,13042,Arenal,Bolívar,TERRITORIAL,302.5350375168868,baja,340,175,5714269963
2018,66075,Balboa,Risaralda,TERRITORIAL,301.77749096305917,baja,239,154,6799038838
2018,13688,Santa Rosa del Sur,Bolívar,TERRITORIAL,300.8576841614564,baja,500,283,17169679448
2018,27810,Unión Panamericana,Chocó,TERRITORIAL,300.0226344968886,baja,69,53,699554177
2018,76233,Dagua,Valle del Cauca,TERRITORIAL,299.4619883783598,baja,665,390,17741620372
2018,73347,Herveo,Tolima,TERRITORIAL,299.13316336131265,baja,119,77,773556371
2018,68324,Guavatá,Santander,TERRITORIAL,297.362178059729,baja,204,132,3116671189
2018,68780,Suratá,Santander,TERRITORIAL,296.91985990908523,baja,309,170,6058607438
2018,25322,Guasca,Cundinamarca,TERRITORIAL,296.4599016367378,baja,398,262,10120006466
2018,70708,San Marcos,Sucre,NACIONAL,296.20393393719024,baja,70,51,613796334
2018,13222,Clemencia,Bolívar,TERRITORIAL,295.89119955037717,baja,263,160,5744216329
2018,05842,Uramita,Antioquia,TERRITORIAL,295.7550911436359,baja,367,136,2760211060
2018,25486,Nemocón,Cundinamarca,TERRITORIAL,294.7857161139217,baja,450,284,14136007568
2018,52540,Policarpa,Nariño,TERRITORIAL,293.83934912345353,baja,719,295,8410739613
2018,50124,Cabuyaro,Meta,TERRITORIAL,293.1603292056476,baja,300,172,7277686284
2018,05659,San Juan de Urabá,Antioquia,NACIONAL,292.83782447652726,baja,119,84,1746897626
2018,50450,Puerto Concordia,Meta,TERRITORIAL,292.380926184652,baja,283,157,5536544043
2018,05400,La Unión,Antioquia,TERRITORIAL,291.61687171535607,baja,782,331,10622339886
2018,63001,Armenia,Quindío,TERRITORIAL,290.76428671071534,baja,11010,6124,334335860000
2018,68169,Charta,Santander,TERRITORIAL,290.68672879888743,baja,116,76,1835421964
2018,15407,Villa de Leyva,Boyacá,TERRITORIAL,290.57462914685556,baja,316,240,11740605559
2018,15109,Buenavista,Boyacá,TERRITORIAL,290.42244602043144,baja,194,124,2927513407
2018,05190,Cisneros,Antioquia,TERRITORIAL,289.9637670737452,baja,362,225,5059110948
2018,17444,Marquetalia,Caldas,TERRITORIAL,289.7484255705036,baja,380,225,5905406072
2018,15806,Tibasosa,Boyacá,TERRITORIAL,289.25029338180974,baja,284,197,9797535959
2018,47541,Pedraza,Magdalena,TERRITORIAL,288.916649276033,baja,157,92,1292945540
2018,25279,Fomeque,Cundinamarca,TERRITORIAL,287.3960719379341,baja,711,425,13930633569
2018,25781,Sutatausa,Cundinamarca,TERRITORIAL,286.5909154473288,baja,164,137,5318350655
2018,41298,Garzón,Huila,TERRITORIAL,285.58271607655075,baja,1993,749,73148970929
2018,68320,Guadalupe,Santander,TERRITORIAL,285.0721214987522,baja,180,122,2751607380
2018,19212,Corinto,Cauca,TERRITORIAL,285.04493253075606,baja,273,158,5783556532
2018,68867,Vetas,Santander,TERRITORIAL,284.63614927521775,baja,155,90,1656197319
2018,52233,Cumbitara,Nariño,TERRITORIAL,284.2754879227243,baja,667,295,14376105147
2018,68217,Coromoro,Santander,TERRITORIAL,283.4324909122352,baja,209,127,3183769139
2018,25181,Choachí,Cundinamarca,TERRITORIAL,282.6362979007446,baja,292,192,7412640021
2018,25407,Lenguazaque,Cundinamarca,TERRITORIAL,282.26474031007086,baja,196,154,6499452723
2018,05055,Argelia,Antioquia,TERRITORIAL,281.78292561308217,baja,236,149,3916614328
2018,17001,Manizales,Caldas,NACIONAL,279.43323355211106,baja,4961,2855,370118067599
2018,05129,Caldas,Antioquia,TERRITORIAL,279.2457642996656,baja,2211,750,45456660516
2018,76001,Cali,Valle del Cauca,NACIONAL,279.22318665794666,baja,2367,1810,255858681606
2018,47605,Remolino,Magdalena,TERRITORIAL,278.70011727670123,baja,221,100,1707202044
2018,05001,Medellín,Antioquia,OTRO,277.98010004616,baja,242,181,49548414669
2018,52207,Consaca,Nariño,TERRITORIAL,276.8063320136093,baja,852,400,7743444165
2018,05475,Murindó,Antioquia,TERRITORIAL,276.21488052333723,baja,381,197,6683201316
2018,17272,Filadelfia,Caldas,TERRITORIAL,275.17739482482574,baja,300,191,2513911526
2018,54720,Sardinata,Norte de Santander,TERRITORIAL,274.5722231492334,baja,300,217,5243791613
2018,52435,Mallama,Nariño,TERRITORIAL,274.5557945894016,baja,851,317,7999580799
2018,76606,Restrepo,Valle del Cauca,TERRITORIAL,273.59393773285296,baja,387,222,4610422268
2018,73001,Ibagué,Tolima,NACIONAL,273.34348557410027,baja,1072,919,62106083601
2018,54385,La Esperanza,Norte de Santander,TERRITORIAL,271.9642799172652,baja,345,148,4251170194
2018,05134,Campamento,Antioquia,TERRITORIAL,270.81542040024414,baja,376,181,6660559753
2018,50318,Guamal,Meta,TERRITORIAL,270.33025846306356,baja,438,284,9010639680
2018,13673,Santa Catalina,Bolívar,TERRITORIAL,270.15219618109086,baja,90,82,897047220
2018,68190,Cimitarra,Santander,TERRITORIAL,268.19126897241966,baja,743,329,31255842360
2018,15223,Cubará,Boyacá,TERRITORIAL,268.10639094377603,baja,348,203,5846498433
2018,73226,Cunday,Tolima,TERRITORIAL,268.04637302310545,baja,170,104,1765140336
2018,68132,California,Santander,TERRITORIAL,267.12237248559364,baja,186,111,1909425495
2018,17433,Manzanares,Caldas,TERRITORIAL,267.02944092482653,baja,1233,341,9363597697
2018,85410,Tauramena,Casanare,TERRITORIAL,266.4617448047749,baja,888,558,32197110178
2018,08001,Barranquilla,Atlántico,TERRITORIAL,266.0354739174478,baja,11620,7172,1644213366795
2018,63548,Pijao,Quindío,TERRITORIAL,265.96027147046914,baja,234,149,1966678894
2018,25488,Nilo,Cundinamarca,TERRITORIAL,265.360500912342,baja,274,177,6893361446
2018,13744,Simití,Bolívar,TERRITORIAL,264.95071572970437,baja,168,108,2758227747
2018,41807,Timaná,Huila,TERRITORIAL,264.8781751485057,baja,617,342,9457404682
2018,17665,San José,Caldas,TERRITORIAL,264.6581548711868,baja,283,186,3916735588
2018,05042,Santafé de Antioquia,Antioquia,TERRITORIAL,264.26259946040443,baja,940,547,37392248106
2018,05501,Olaya,Antioquia,TERRITORIAL,264.240411092627,baja,265,121,2271142975
2018,25126,Cajicá,Cundinamarca,TERRITORIAL,263.5414343849855,baja,1749,1255,106770066948
2018,52354,Imués,Nariño,NACIONAL,260.5847999433518,baja,518,223,4019922018
2018,66088,Belén de Umbría,Risaralda,TERRITORIAL,259.8062024615638,baja,479,303,15517121244
2018,05604,Remedios,Antioquia,TERRITORIAL,257.6424113586724,baja,685,394,21769443016
2018,52399,La Unión,Nariño,TERRITORIAL,256.92200774926073,baja,2472,773,27210122892
2018,25317,Guachetá,Cundinamarca,NACIONAL,255.50515825376505,baja,184,95,1210104557
2018,25736,Sesquilé,Cundinamarca,TERRITORIAL,254.32706933560377,baja,850,417,11312800149
2018,73030,Ambalema,Tolima,TERRITORIAL,253.73906267925182,baja,327,185,2688879688
2018,25324,Guataquí,Cundinamarca,TERRITORIAL,252.55714156842416,baja,223,123,1930966414
2018,54051,Arboledas,Norte de Santander,TERRITORIAL,251.49836162096162,baja,225,123,2739589757
2018,52560,Potosí,Nariño,TERRITORIAL,250.96930588495903,baja,1026,408,8175573335
2018,25402,La Vega,Cundinamarca,TERRITORIAL,249.44358402148535,baja,762,464,17494804685
2018,08758,Soledad,Atlántico,TERRITORIAL,248.86706883963475,baja,4731,1593,146544247397
2018,05266,Envigado,Antioquia,NACIONAL,246.48014530429862,baja,1345,1017,79703906236
2018,73873,Villarrica,Tolima,TERRITORIAL,246.20989725997782,baja,147,82,1659667123
2018,52352,Iles,Nariño,TERRITORIAL,245.11605435895805,baja,931,373,6345420353
2018,68255,El Playón,Santander,TERRITORIAL,243.51167092436157,baja,293,174,3965664999
2018,27372,Juradó,Chocó,TERRITORIAL,243.2629635325296,baja,77,63,1496209639
2018,73055,Armero,Tolima,TERRITORIAL,241.90722345011972,baja,304,162,2237937864
2018,73622,Roncesvalles,Tolima,TERRITORIAL,241.1259823276304,baja,446,213,3330323147
2018,52699,Santacruz,Nariño,TERRITORIAL,239.53564898583554,baja,610,364,12390305297
2018,76109,Buenaventura,Valle del Cauca,TERRITORIAL,239.1835603986756,baja,3402,1840,131762182226
2018,41001,Neiva,Huila,TERRITORIAL,238.32896877950913,baja,6975,4322,472707612211
2018,19050,Argelia,Cauca,TERRITORIAL,237.42461449165287,baja,298,187,6460529011
2018,25269,Facatativá,Cundinamarca,NACIONAL,237.366006302033,baja,299,226,23926097402
2018,85440,Villanueva,Casanare,TERRITORIAL,236.19755234672613,baja,547,322,18254333211
2018,76377,La Cumbre,Valle del Cauca,TERRITORIAL,235.92488368922358,baja,282,175,2317403335
2018,68081,Barrancabermeja,Santander,TERRITORIAL,235.75878936594205,baja,5930,3316,248593774945
2018,68872,Villanueva,Santander,TERRITORIAL,235.58351535499042,baja,277,178,5196616339
2018,50001,Villavicencio,Meta,TERRITORIAL,234.8266027928895,baja,16101,8101,1244686530148
2018,05321,Guatapé,Antioquia,TERRITORIAL,234.38769755587188,baja,981,426,14929692391
2018,25436,Manta,Cundinamarca,TERRITORIAL,233.9461343409791,baja,198,121,2573289360
2018,73671,Saldaña,Tolima,TERRITORIAL,231.76888365689544,baja,522,268,7549891997
2018,44001,Riohacha,La Guajira,TERRITORIAL,231.31844774538692,baja,3565,1966,362653146882
2018,05467,Montebello,Antioquia,TERRITORIAL,231.21266092034492,baja,369,204,3804493538
2018,68162,Cerrito,Santander,TERRITORIAL,231.1482175824115,baja,263,165,4632664576
2018,25899,Zipaquirá,Cundinamarca,TERRITORIAL,230.99494137393506,baja,1051,819,61734038627
2018,85010,Aguazul,Casanare,TERRITORIAL,230.70146442979575,baja,1410,817,77143628241
2018,63190,Circasia,Quindío,TERRITORIAL,230.31792324397478,baja,1121,530,10077659370
2018,17653,Salamina,Caldas,TERRITORIAL,228.8584392138875,baja,359,216,3943944016
2018,15001,Tunja,Boyacá,TERRITORIAL,227.83187799833667,baja,7940,5456,895745809389
2018,19701,Santa Rosa,Cauca,TERRITORIAL,227.46274071122457,baja,230,143,4099108272
2018,05088,Bello,Antioquia,TERRITORIAL,226.64957382240524,baja,6504,1785,185316697149
2018,17088,Belalcázar,Caldas,TERRITORIAL,224.7264663783756,baja,318,210,7469552723
2018,85001,Yopal,Casanare,TERRITORIAL,223.7455967461664,baja,9679,5539,754225745103
2018,17380,La Dorada,Caldas,TERRITORIAL,218.09343132785054,baja,2001,874,48673928243
2018,17013,Aguadas,Caldas,TERRITORIAL,215.89904229331185,baja,936,498,11670460446
2018,19622,Rosas,Cauca,TERRITORIAL,215.00804169135793,baja,492,256,6829645790
2018,25799,Tenjo,Cundinamarca,TERRITORIAL,210.85361691453383,baja,896,645,40084572614
2018,73563,Prado,Tolima,TERRITORIAL,208.1397592304487,baja,200,127,1157931952
2018,66682,Santa Rosa de Cabal,Risaralda,TERRITORIAL,206.34749424560803,baja,575,424,26965403556
2018,17486,Neira,Caldas,TERRITORIAL,205.3113372192252,baja,655,386,7500397590
2018,52256,El Rosario,Nariño,TERRITORIAL,204.8370015485861,baja,612,310,7127436654
2018,25438,Medina,Cundinamarca,TERRITORIAL,204.36453473751152,baja,411,255,6062792226
2018,68167,Charalá,Santander,TERRITORIAL,203.7240424361677,baja,261,171,6531931010
2018,25518,Paime,Cundinamarca,TERRITORIAL,203.05516921014026,baja,206,125,2574782095
2018,13667,San Martín de Loba,Bolívar,TERRITORIAL,202.35395087412147,baja,185,149,1952757252
2018,54099,Bochalema,Norte de Santander,TERRITORIAL,202.34929392575302,baja,253,144,3063735401
2018,05059,Armenia,Antioquia,TERRITORIAL,199.46213869757773,baja,210,141,2479049634
2018,73283,Fresno,Tolima,TERRITORIAL,198.09609832751207,baja,947,436,9210444178
2018,52051,Arboleda,Nariño,TERRITORIAL,198.072944486435,baja,514,213,6000634499
2018,25426,Macheta,Cundinamarca,TERRITORIAL,196.7727976382512,baja,193,118,2475458124
2018,25326,Guatavita,Cundinamarca,TERRITORIAL,192.06853714206287,baja,510,325,10346703542
2018,05631,Sabaneta,Antioquia,TERRITORIAL,191.43700578363251,baja,2433,1427,101990082736
2018,66001,Pereira,Risaralda,OTRO,190.20511488931422,baja,504,434,18734672396
2018,73152,Casabianca,Tolima,TERRITORIAL,185.5654638166747,baja,386,259,4419238558
2018,25307,Girardot,Cundinamarca,TERRITORIAL,182.81060930941143,baja,1042,830,23866255147
2018,05034,Andes,Antioquia,NACIONAL,182.29276799816083,baja,478,425,19783331401
2018,17662,Samaná,Caldas,TERRITORIAL,182.16672357167562,baja,735,414,10342440129
2018,20250,El Paso,Cesar,NACIONAL,181.4587273447772,baja,146,107,1127355016
2018,25151,Caqueza,Cundinamarca,TERRITORIAL,180.9353342860479,baja,928,662,24667917138
2018,41551,Pitalito,Huila,TERRITORIAL,180.41199894349114,baja,3073,1377,122866144177
2018,41001,Neiva,Huila,NO_DEFINIDO,179.79027715918792,baja,195,133,1962875851
2018,50689,San Martín,Meta,TERRITORIAL,179.6148954085982,baja,401,325,10357863610
2018,05266,Envigado,Antioquia,TERRITORIAL,179.23325916997337,baja,1746,1340,137730647322
2018,17877,Viterbo,Caldas,TERRITORIAL,177.68431441278227,baja,505,328,6389593799
2018,81001,Arauca,Arauca,TERRITORIAL,175.61059988978423,baja,11412,3141,538498172435
2018,05756,Sonson,Antioquia,TERRITORIAL,174.9814035775008,baja,3638,728,24693497895
2018,15215,Corrales,Boyacá,TERRITORIAL,174.26856254647458,baja,221,149,2320357529
2018,18094,Belén de los Andaquies,Caquetá,TERRITORIAL,170.96585646511613,baja,504,279,9604865924
2018,73408,Lérida,Tolima,TERRITORIAL,170.11192785934733,baja,947,503,16212641811
2018,19698,Santander de Quilichao,Cauca,TERRITORIAL,169.1418690313855,baja,2339,820,56424572678
2018,52381,La Florida,Nariño,TERRITORIAL,169.13690908464704,baja,856,476,9537003158
2018,95001,San José del Guaviare,Guaviare,TERRITORIAL,169.06937386748413,baja,3885,2108,115443619827
2018,18001,Florencia,Caquetá,TERRITORIAL,167.00632659439833,baja,3958,1933,237563559792
2018,23001,Montería,Córdoba,TERRITORIAL,166.1377166787199,baja,6332,3782,538204347879
2018,05543,Peque,Antioquia,TERRITORIAL,165.8946287557319,baja,395,261,5417411233
2018,25483,Nariño,Cundinamarca,TERRITORIAL,161.5765572627455,baja,188,125,1990426871
2018,52258,El Tablón de Gómez,Nariño,TERRITORIAL,159.2401507159819,baja,709,324,5730791365
2018,25386,La Mesa,Cundinamarca,TERRITORIAL,158.26593440085577,baja,1293,781,30686516790
2018,73168,Chaparral,Tolima,TERRITORIAL,156.62650190413117,baja,1179,550,27820047017
2018,81736,Saravena,Arauca,TERRITORIAL,155.25112841691478,baja,1067,512,40271352099
2018,68276,Floridablanca,Santander,TERRITORIAL,153.24176596780777,baja,3922,2509,145051968345
2018,13001,Cartagena,Bolívar,TERRITORIAL,153.1359746062905,baja,11773,8406,862136676405
2018,73624,Rovira,Tolima,TERRITORIAL,152.84320596255796,baja,648,369,8361859122
2018,25513,Pacho,Cundinamarca,TERRITORIAL,152.37082250654916,baja,1337,588,33001356965
2018,15516,Paipa,Boyacá,TERRITORIAL,150.8279912614965,baja,813,549,16313663381
2018,76828,Trujillo,Valle del Cauca,TERRITORIAL,146.5818483857459,baja,423,261,7222549255
2018,08558,Polonuevo,Atlántico,TERRITORIAL,145.3289183078961,baja,259,160,2184557403
2018,05308,Girardota,Antioquia,TERRITORIAL,136.9629262783856,baja,1153,674,36114975379
2018,25183,Chocontá,Cundinamarca,TERRITORIAL,132.97342422576466,baja,1015,647,20958960443
2018,52240,Chachagüí,Nariño,TERRITORIAL,131.7165981167435,baja,836,416,6297234212
2018,52250,El Charco,Nariño,TERRITORIAL,127.47893085081252,baja,479,284,5604092583
2018,76126,Calima,Valle del Cauca,TERRITORIAL,126.650343249651,baja,207,141,1892403084
2018,66001,Pereira,Risaralda,TERRITORIAL,126.40011787626719,baja,12245,7698,570056696129
2018,17777,Supía,Caldas,TERRITORIAL,126.34700584645232,baja,568,328,10429599431
2018,17174,Chinchiná,Caldas,TERRITORIAL,122.05361704372571,baja,798,507,7442039237
2018,17873,Villamaría,Caldas,TERRITORIAL,121.79319132444832,baja,984,500,9518057179
2018,41016,Aipe,Huila,TERRITORIAL,119.76710253068724,baja,1036,426,7006259008
2018,25290,Fusagasugá,Cundinamarca,TERRITORIAL,114.69599629759344,baja,1956,1487,122551884818
2018,52356,Ipiales,Nariño,TERRITORIAL,111.99998185577212,baja,4341,2129,91493781097
2018,17614,Riosucio,Caldas,TERRITORIAL,103.83434375436289,baja,1281,644,17050670147
2018,63001,Armenia,Quindío,NACIONAL,102.86926690569867,baja,947,748,19058938710
2018,52001,Pasto,Nariño,TERRITORIAL,98.70555227407164,baja,10067,6046,559072766058
2018,73585,Purificación,Tolima,TERRITORIAL,95.73126328884261,baja,1763,723,13872944327
2018,08758,Soledad,Atlántico,NACIONAL,95.26620400314278,baja,879,500,13183638345
2018,19001,Popayán,Cauca,NACIONAL,94.4160163759936,baja,1047,772,36699369455
2018,05001,Medellín,Antioquia,TERRITORIAL,86.50399930905064,baja,81439,27601,8567817804466
2018,73001,Ibagué,Tolima,TERRITORIAL,83.94984903067467,baja,10385,6521,571937902933
2018,25754,Soacha,Cundinamarca,TERRITORIAL,80.4709810056466,baja,4902,2696,168935202144
2018,13001,Cartagena,Bolívar,NACIONAL,77.53988211918151,baja,2071,1557,102127272862
2018,68001,Bucaramanga,Santander,TERRITORIAL,75.63850472003915,baja,16124,8466,1008466588938
2018,05001,Medellín,Antioquia,NACIONAL,74.43108544665256,baja,2940,2053,90314107034
2018,25286,Funza,Cundinamarca,NACIONAL,72.59964557946623,baja,365,257,4181566282
2018,20228,Curumaní,Cesar,TERRITORIAL,66.89315279034632,baja,1099,407,6779516031
2018,63272,Filandia,Quindío,TERRITORIAL,62.928411436724105,baja,996,530,9493414279
2018,76001,Cali,Valle del Cauca,TERRITORIAL,57.71637595026735,baja,48670,26101,2801341933008
2018,11001,Bogotá D.C.,Bogotá,NACIONAL,39.97387759035106,baja,143937,103573,34364434570690
2019,08606,Repelón,Atlántico,NACIONAL,10000.0,alta,1,1,50000000
2019,13001,Cartagena,Bolívar,OTRO,10000.0,alta,1,1,371861156
2019,13760,Soplaviento,Bolívar,TERRITORIAL,10000.0,alta,1,1,578252332
2019,13838,Turbaná,Bolívar,NACIONAL,10000.0,alta,1,1,95000000
2019,27050,Atrato,Chocó,TERRITORIAL,10000.0,alta,1,1,4745330668
2019,27745,Sipí,Chocó,TERRITORIAL,10000.0,alta,2,1,599770752
2019,54001,Cúcuta,Norte de Santander,TERRITORIAL,10000.0,alta,1,1,35715000
2019,73861,Venadillo,Tolima,NACIONAL,10000.0,alta,1,1,3000000
2019,23686,San Pelayo,Córdoba,TERRITORIAL,9768.134163862189,alta,12,11,5230483308
2019,68001,Bucaramanga,Santander,NACIONAL,9660.764276033178,alta,2692,2164,9813022678395
2019,15455,Miraflores,Boyacá,NACIONAL,9649.455402260408,alta,12,7,653951600
2019,23500,Moñitos,Córdoba,TERRITORIAL,9458.490612213722,alta,204,133,515627795444
2019,25377,La Calera,Cundinamarca,TERRITORIAL,9347.64529866184,alta,387,347,567646227963
2019,13600,Río Viejo,Bolívar,TERRITORIAL,9145.25764845033,alta,2,2,447040600
2019,17616,Risaralda,Caldas,TERRITORIAL,9105.075552218657,alta,323,211,101134760451
2019,15755,Socotá,Boyacá,NACIONAL,9003.114129853198,alta,6,2,1081965689
2019,27150,Carmen del Darien,Chocó,TERRITORIAL,8921.730336335657,alta,2,2,1771564058
2019,05147,Carepa,Antioquia,TERRITORIAL,8873.092346358688,alta,209,154,584895927952
2019,23672,San Antero,Córdoba,TERRITORIAL,8818.100072332198,alta,443,261,906988999877
2019,25326,Guatavita,Cundinamarca,TERRITORIAL,8789.638310211665,alta,628,375,275978964808
2019,52418,Los Andes,Nariño,TERRITORIAL,8489.424133888037,alta,556,292,274405774340
2019,17616,Risaralda,Caldas,NACIONAL,8354.404488104838,alta,15,14,3310045419
2019,23090,Canalete,Córdoba,TERRITORIAL,8292.59712066459,alta,5,5,3299450000
2019,52405,Leiva,Nariño,TERRITORIAL,8187.072648263521,alta,334,169,116184353803
2019,52786,Taminango,Nariño,NACIONAL,8013.990947091412,alta,2,2,17889151
2019,25086,Beltrán,Cundinamarca,TERRITORIAL,7988.0521577749105,alta,212,142,23467627097
2019,05467,Montebello,Antioquia,NACIONAL,7759.788860005944,alta,3,3,24548200
2019,15822,Tota,Boyacá,TERRITORIAL,7690.333229681414,alta,223,174,229426636836
2019,15835,Turmequé,Boyacá,NACIONAL,7669.030099516621,alta,2,2,746107359
2019,19022,Almaguer,Cauca,TERRITORIAL,7439.856180547681,alta,232,160,89324750079
2019,15514,Páez,Boyacá,TERRITORIAL,7271.521463717429,alta,154,106,23470739048
2019,15442,Maripí,Boyacá,TERRITORIAL,7248.113561478241,alta,251,176,55509583543
2019,54820,Toledo,Norte de Santander,NACIONAL,7206.289952296812,alta,2,2,6326560
2019,27800,Unguía,Chocó,TERRITORIAL,7151.303245867571,alta,23,12,25005393695
2019,27001,Quibdó,Chocó,NACIONAL,6975.2272424695875,alta,89,70,72312898020
2019,27025,Alto Baudo,Chocó,TERRITORIAL,6925.939422430554,alta,4,2,105070333
2019,19075,Balboa,Cauca,TERRITORIAL,6905.362174098263,alta,9,9,1016445969
2019,18256,El Paujil,Caquetá,TERRITORIAL,6865.34512528866,alta,207,153,102133022993
2019,20060,Bosconia,Cesar,TERRITORIAL,6572.641007429496,alta,83,59,27151390585
2019,63001,Armenia,Quindío,TERRITORIAL,6433.601848209834,alta,14115,6575,1625568688120
2019,52001,Pasto,Nariño,NACIONAL,6247.921802553857,alta,848,550,152863554730
2019,73024,Alpujarra,Tolima,NACIONAL,6234.918656285943,alta,3,3,6513400
2019,63690,Salento,Quindío,TERRITORIAL,6214.251693525248,alta,412,259,28983455581
2019,25328,Guayabal de Siquima,Cundinamarca,NACIONAL,5975.310364485605,alta,4,2,15420991
2019,44098,Distracción,La Guajira,TERRITORIAL,5819.687229697329,alta,126,76,28691102940
2019,68207,Concepción,Santander,TERRITORIAL,5707.170390695671,alta,195,123,21452890991
2019,68176,Chima,Santander,TERRITORIAL,5679.923263366305,alta,186,125,17950660941
2019,05854,Valdivia,Antioquia,TERRITORIAL,5606.100062972075,alta,399,267,53546228333
2019,08638,Sabanalarga,Atlántico,TERRITORIAL,5587.285043706118,alta,4,4,749986157
2019,68573,Puerto Parra,Santander,TERRITORIAL,5574.19459891747,alta,278,167,29053696557
2019,15296,Gameza,Boyacá,TERRITORIAL,5430.967024798242,alta,266,167,28141937183
2019,50370,Uribe,Meta,TERRITORIAL,5386.953413129967,alta,280,150,45792989315
2019,13074,Barranco de Loba,Bolívar,TERRITORIAL,5362.858423104324,alta,46,43,2249170967
2019,19392,La Sierra,Cauca,TERRITORIAL,5306.145604861443,alta,180,93,28207610622
2019,70713,San Onofre,Sucre,TERRITORIAL,5249.194724603148,alta,144,94,6957684547
2019,76233,Dagua,Valle del Cauca,TERRITORIAL,5176.268608074883,alta,662,332,76982160467
2019,27430,Medio Baudó,Chocó,TERRITORIAL,5098.825445226805,alta,67,36,34409875321
2019,15808,Tinjacá,Boyacá,NACIONAL,5032.816209717186,alta,2,2,481029920
2019,47258,El Piñon,Magdalena,TERRITORIAL,5024.382301345204,alta,2,2,5608359
2019,85325,San Luis de Palenque,Casanare,TERRITORIAL,5020.8995856613765,alta,291,166,53572015561
2019,68296,Galán,Santander,TERRITORIAL,5015.544186607692,alta,196,132,12429077484
2019,27160,Cértegui,Chocó,TERRITORIAL,5013.198927788525,alta,24,22,7538607881
2019,25001,Agua de Dios,Cundinamarca,TERRITORIAL,5004.06576438466,alta,1289,982,430624753171
2019,66440,Marsella,Risaralda,TERRITORIAL,5003.190444673097,alta,321,225,21698513118
2019,15480,Muzo,Boyacá,NACIONAL,5001.377644889368,alta,2,2,329506500
2019,13683,Santa Rosa,Bolívar,TERRITORIAL,5000.0,alta,2,2,311263456
2019,05576,Pueblorrico,Antioquia,TERRITORIAL,4915.707766916266,alta,264,134,33459181835
2019,76834,Tuluá,Valle del Cauca,TERRITORIAL,4845.8142616062305,alta,1512,1196,372726908108
2019,73616,Rioblanco,Tolima,TERRITORIAL,4798.1252154252825,alta,651,302,57303184359
2019,27361,Istmina,Chocó,TERRITORIAL,4767.471487420634,alta,220,124,40890459278
2019,41396,La Plata,Huila,NACIONAL,4754.42791592218,alta,14,11,112448952
2019,70235,Galeras,Sucre,NACIONAL,4732.051021224226,alta,64,45,1970390186
2019,68255,El Playón,Santander,TERRITORIAL,4694.144210614583,alta,375,223,30850873308
2019,73270,Falan,Tolima,TERRITORIAL,4689.704211489364,alta,304,199,29958783562
2019,15090,Berbeo,Boyacá,TERRITORIAL,4666.816285689545,alta,191,102,34034878000
2019,41396,La Plata,Huila,TERRITORIAL,4613.46318262853,alta,2038,803,148379203459
2019,13188,Cicuco,Bolívar,TERRITORIAL,4610.228492033991,alta,30,18,2588135716
2019,25839,Ubalá,Cundinamarca,TERRITORIAL,4603.241906642375,alta,335,187,44537381294
2019,81591,Puerto Rondón,Arauca,TERRITORIAL,4569.769332496972,alta,101,49,7048978998
2019,27205,Condoto,Chocó,TERRITORIAL,4550.420539117871,alta,37,26,6410365958
2019,15500,Oicatá,Boyacá,NACIONAL,4517.119459667495,alta,3,3,4854400
2019,73443,Mariquita,Tolima,TERRITORIAL,4486.754700145042,alta,3,3,45303750
2019,27491,Nóvita,Chocó,TERRITORIAL,4486.59918114659,alta,89,49,25666656407
2019,91001,Leticia,Amazonas,NO_DEFINIDO,4477.55522307406,alta,9,7,380690465
2019,19573,Puerto Tejada,Cauca,TERRITORIAL,4388.791989172929,alta,592,395,101568446341
2019,15185,Chitaraque,Boyacá,NACIONAL,4367.887317636646,alta,8,7,69196479
2019,15238,Duitama,Boyacá,TERRITORIAL,4364.714828535413,alta,1448,972,350405469957
2019,63548,Pijao,Quindío,TERRITORIAL,4356.724775451858,alta,446,206,7323387902
2019,25535,Pasca,Cundinamarca,NACIONAL,4338.762319496758,alta,3,3,14980000
2019,47960,Zapayán,Magdalena,TERRITORIAL,4338.283007471703,alta,15,11,2836981298
2019,08832,Tubará,Atlántico,TERRITORIAL,4189.3984114365,alta,5,4,1214690143
2019,15516,Paipa,Boyacá,NACIONAL,4186.217423257392,alta,3,3,6650000
2019,52378,La Cruz,Nariño,NO_DEFINIDO,4152.401471300875,alta,12,6,83112098
2019,13030,Altos del Rosario,Bolívar,TERRITORIAL,4121.173324372619,alta,33,29,1613671973
2019,86320,Orito,Putumayo,TERRITORIAL,4090.202284663668,alta,833,428,127271392341
2019,15272,Firavitoba,Boyacá,TERRITORIAL,4069.801989489533,alta,236,165,16856211864
2019,47551,Pivijay,Magdalena,TERRITORIAL,4044.5570263429554,alta,1468,362,85223086710
2019,73411,Líbano,Tolima,NACIONAL,4023.6964504923562,alta,15,8,82183086
2019,41524,Palermo,Huila,TERRITORIAL,4003.452716823389,alta,741,467,111864507436
2019,73671,Saldaña,Tolima,TERRITORIAL,4001.6358628032767,alta,596,274,74803583856
2019,27073,Bagadó,Chocó,TERRITORIAL,3961.1965672983147,alta,119,36,16781075952
2019,47161,Cerro San Antonio,Magdalena,TERRITORIAL,3954.9866015039947,alta,73,66,5924328824
2019,50686,San Juanito,Meta,TERRITORIAL,3879.769219495402,alta,104,65,7768312429
2019,15664,San José de Pare,Boyacá,NACIONAL,3855.2490886145515,alta,4,4,12461743
2019,25269,Facatativá,Cundinamarca,NO_DEFINIDO,3774.009862245227,alta,254,140,9659608868
2019,25269,Facatativá,Cundinamarca,NACIONAL,3739.1312992521052,alta,241,183,86486718264
2019,52356,Ipiales,Nariño,NO_DEFINIDO,3738.488759663937,alta,4,4,23166210
2019,15832,Tununguá,Boyacá,TERRITORIAL,3733.338524661695,alta,152,99,15222209916
2019,19809,Timbiquí,Cauca,TERRITORIAL,3724.586750142709,alta,15,12,7710529763
2019,73675,San Antonio,Tolima,TERRITORIAL,3723.6630171788365,alta,376,191,19015618403
2019,66400,La Virginia,Risaralda,NACIONAL,3713.504768076353,alta,6,5,38792263
2019,13620,San Cristóbal,Bolívar,TERRITORIAL,3705.069924057255,alta,9,7,465518336
2019,86760,Santiago,Putumayo,TERRITORIAL,3686.2941217648904,alta,212,104,6639622816
2019,73622,Roncesvalles,Tolima,TERRITORIAL,3664.8756455413827,alta,543,186,8889205370
2019,13549,Pinillos,Bolívar,TERRITORIAL,3562.341415357682,alta,8,7,5916266794
2019,70678,San Benito Abad,Sucre,TERRITORIAL,3555.6759131801614,alta,502,273,69629535884
2019,13810,Tiquisio,Bolívar,TERRITORIAL,3546.483996351008,alta,16,13,2589810953
2019,27600,Río Quito,Chocó,TERRITORIAL,3470.1747272268935,alta,11,10,483869802
2019,27810,Unión Panamericana,Chocó,TERRITORIAL,3461.198748207958,alta,3,3,54389598
2019,15367,Jenesano,Boyacá,TERRITORIAL,3442.7961869342325,alta,299,194,31624484458
2019,13838,Turbaná,Bolívar,TERRITORIAL,3390.6356113173724,alta,9,7,4719560291
2019,81736,Saravena,Arauca,NACIONAL,3387.133033873226,alta,37,19,3431329495
2019,50124,Cabuyaro,Meta,TERRITORIAL,3352.5366387611375,alta,238,192,31586016457
2019,15599,Ramiriquí,Boyacá,NACIONAL,3336.5228265391875,alta,4,4,9850318
2019,08573,Puerto Colombia,Atlántico,NACIONAL,3293.5143352941072,alta,4,4,184279000000
2019,68324,Guavatá,Santander,TERRITORIAL,3258.275281151273,alta,234,144,14838892795
2019,05034,Andes,Antioquia,TERRITORIAL,3220.687109111311,alta,723,441,57637508564
2019,15790,Tasco,Boyacá,NACIONAL,3196.974623312692,alta,33,24,154823976
2019,86001,Mocoa,Putumayo,TERRITORIAL,3175.9240072510042,alta,9,9,4150479312
2019,25843,Villa de San Diego de Ubate,Cundinamarca,NACIONAL,3154.074411331157,alta,4,4,57698844
2019,08849,Usiacurí,Atlántico,TERRITORIAL,3148.0421369744013,alta,27,23,1568290915
2019,73236,Dolores,Tolima,TERRITORIAL,3138.465447110295,alta,304,125,8624880660
2019,52233,Cumbitara,Nariño,TERRITORIAL,3122.5580334975443,alta,733,289,26313812482
2019,15511,Pachavita,Boyacá,TERRITORIAL,3099.642379203111,alta,244,144,8376488014
2019,23678,San Carlos,Córdoba,TERRITORIAL,3022.719082177548,alta,27,19,2377992774
2019,25398,La Peña,Cundinamarca,NACIONAL,3014.2381699789003,alta,8,6,28534411
2019,05353,Hispania,Antioquia,TERRITORIAL,2990.9912796448634,alta,458,177,12104502622
2019,13667,San Martín de Loba,Bolívar,TERRITORIAL,2967.2119424002553,alta,160,139,6723783437
2019,20550,Pelaya,Cesar,TERRITORIAL,2967.0208005476525,alta,265,132,9143884145
2019,54051,Arboledas,Norte de Santander,TERRITORIAL,2921.0097618238365,alta,314,160,8783873424
2019,25779,Susa,Cundinamarca,TERRITORIAL,2919.820162505822,alta,108,92,19548026414
2019,86219,Colón,Putumayo,TERRITORIAL,2899.7699906821813,alta,269,161,10069109688
2019,05030,Amagá,Antioquia,NACIONAL,2897.0914883366577,alta,27,27,870776293
2019,73030,Ambalema,Tolima,TERRITORIAL,2867.090179535366,alta,302,124,4469753210
2019,05686,Santa Rosa de Osos,Antioquia,NACIONAL,2854.9728491026785,alta,15,14,116703604
2019,52381,La Florida,Nariño,TERRITORIAL,2826.1214394078465,alta,919,449,39992685360
2019,52390,La Tola,Nariño,TERRITORIAL,2800.7413417842504,alta,92,60,5940327818
2019,70523,Palmito,Sucre,NACIONAL,2795.7822424108217,alta,20,18,576438250
2019,20383,La Gloria,Cesar,TERRITORIAL,2736.1811616997693,alta,280,147,12722210238
2019,25053,Arbeláez,Cundinamarca,TERRITORIAL,2735.5977772956876,alta,317,215,18084207359
2019,25181,Choachí,Cundinamarca,TERRITORIAL,2734.4799173618007,alta,307,198,27611978328
2019,15660,San Eduardo,Boyacá,TERRITORIAL,2719.5969132985347,alta,227,128,8499191793
2019,73067,Ataco,Tolima,TERRITORIAL,2717.6674969136616,alta,234,73,9637526317
2019,68245,El Guacamayo,Santander,TERRITORIAL,2711.959572281838,alta,126,83,11633208835
2019,20750,San Diego,Cesar,TERRITORIAL,2700.920548025147,alta,680,316,27670203442
2019,27413,Lloró,Chocó,TERRITORIAL,2681.618538994747,alta,97,67,8138699949
2019,99624,Santa Rosalía,Vichada,TERRITORIAL,2658.5539412628837,alta,158,95,2756147641
2019,15299,Garagoa,Boyacá,TERRITORIAL,2639.426903866266,alta,224,164,15524383524
2019,05674,San Vicente,Antioquia,TERRITORIAL,2584.672662930967,alta,323,172,22958204007
2019,15673,San Mateo,Boyacá,NACIONAL,2562.236869903806,alta,20,12,33493640
2019,41872,Villavieja,Huila,TERRITORIAL,2536.9279720902578,alta,233,108,2572405385
2019,15693,Santa Rosa de Viterbo,Boyacá,TERRITORIAL,2518.225576011814,alta,145,101,3339961790
2019,25183,Chocontá,Cundinamarca,NACIONAL,2505.8323263884663,alta,18,10,133301623
2019,18785,Solita,Caquetá,TERRITORIAL,2499.95672215393,moderada,184,126,10173509896
2019,27361,Istmina,Chocó,NACIONAL,2492.5234701115605,moderada,15,8,53547139
2019,05604,Remedios,Antioquia,TERRITORIAL,2492.0719183548576,moderada,687,393,61194233361
2019,47720,Santa Bárbara de Pinto,Magdalena,TERRITORIAL,2471.2620040173056,moderada,265,122,4412618642
2019,44650,San Juan del Cesar,La Guajira,TERRITORIAL,2462.258997838248,moderada,899,402,140419116974
2019,05885,Yalí,Antioquia,TERRITORIAL,2459.3695963265673,moderada,256,185,18435294394
2019,70233,El Roble,Sucre,TERRITORIAL,2453.4975398969077,moderada,154,131,13431476606
2019,76122,Caicedonia,Valle del Cauca,NACIONAL,2439.99381260157,moderada,10,6,50526429
2019,50313,Granada,Meta,TERRITORIAL,2434.0437176514397,moderada,1078,645,149187027642
2019,08141,Candelaria,Atlántico,TERRITORIAL,2419.844651969108,moderada,153,101,2591888821
2019,13580,Regidor,Bolívar,TERRITORIAL,2418.7910193783364,moderada,111,65,6775245655
2019,23419,Los Córdobas,Córdoba,TERRITORIAL,2414.3308335826096,moderada,40,24,8276657902
2019,23300,Cotorra,Córdoba,TERRITORIAL,2412.834564863851,moderada,92,62,5438518550
2019,05887,Yarumal,Antioquia,NACIONAL,2406.351525712047,moderada,23,16,340877704
2019,25513,Pacho,Cundinamarca,TERRITORIAL,2403.26313496008,moderada,1244,611,84464833109
2019,70230,Chalán,Sucre,TERRITORIAL,2403.1556410418134,moderada,181,143,14726195759
2019,25151,Caqueza,Cundinamarca,NACIONAL,2379.3616850193484,moderada,6,6,71526928
2019,73873,Villarrica,Tolima,TERRITORIAL,2375.416110250334,moderada,322,173,7090801938
2019,52323,Gualmatán,Nariño,TERRITORIAL,2374.2887112846397,moderada,572,263,12355203617
2019,15236,Chivor,Boyacá,TERRITORIAL,2361.925138177547,moderada,153,89,7659279957
2019,50006,Acacías,Meta,TERRITORIAL,2357.4962450561466,moderada,1635,839,174219295603
2019,19300,Guachené,Cauca,TERRITORIAL,2353.572838564214,moderada,447,312,120479223754
2019,68169,Charta,Santander,TERRITORIAL,2351.80401291867,moderada,116,78,6076524814
2019,41026,Altamira,Huila,TERRITORIAL,2342.173560108285,moderada,82,65,2022076981
2019,47660,Sabanas de San Angel,Magdalena,TERRITORIAL,2336.3896955555865,moderada,240,101,2947175017
2019,94001,Inírida,Guainía,NACIONAL,2335.3008874340517,moderada,31,19,2721571507
2019,19532,Patía,Cauca,TERRITORIAL,2330.3331093239576,moderada,431,172,21930736304
2019,52838,Túquerres,Nariño,TERRITORIAL,2325.3902503458507,moderada,449,282,26353822262
2019,15401,La Victoria,Boyacá,TERRITORIAL,2313.3461151114184,moderada,106,66,4871982504
2019,25426,Macheta,Cundinamarca,TERRITORIAL,2305.069735740481,moderada,162,127,5970360687
2019,70124,Caimito,Sucre,NACIONAL,2300.575116489973,moderada,12,9,24290679
2019,63548,Pijao,Quindío,NACIONAL,2298.8249800575454,moderada,11,10,22648879
2019,15681,San Pablo de Borbur,Boyacá,TERRITORIAL,2297.010929708624,moderada,180,121,12309051054
2019,63190,Circasia,Quindío,TERRITORIAL,2296.7752597965787,moderada,905,500,19975203132
2019,05607,Retiro,Antioquia,TERRITORIAL,2294.1978816587934,moderada,8,8,468343329
2019,50251,El Castillo,Meta,NACIONAL,2292.5193423373335,moderada,13,8,63359170
2019,25580,Pulí,Cundinamarca,TERRITORIAL,2278.326449801531,moderada,190,94,10661624987
2019,73563,Prado,Tolima,TERRITORIAL,2265.2040653322642,moderada,264,145,6380216025
2019,25875,Villeta,Cundinamarca,NACIONAL,2250.830234480889,moderada,13,11,133531823
2019,13430,Magangué,Bolívar,NACIONAL,2236.3041090406273,moderada,10,10,46976143
2019,76520,Palmira,Valle del Cauca,NACIONAL,2220.4381935322936,moderada,68,52,4990262486
2019,05400,La Unión,Antioquia,TERRITORIAL,2219.80413804837,moderada,661,334,74654243558
2019,05142,Caracolí,Antioquia,TERRITORIAL,2210.0915270478276,moderada,213,102,7606800092
2019,15480,Muzo,Boyacá,TERRITORIAL,2200.7320888637973,moderada,332,197,22540370964
2019,19573,Puerto Tejada,Cauca,NACIONAL,2183.3099157448314,moderada,33,16,117451743
2019,73686,Santa Isabel,Tolima,TERRITORIAL,2181.518101630242,moderada,233,141,7261486392
2019,13873,Villanueva,Bolívar,NACIONAL,2179.639088168898,moderada,26,9,9021657327
2019,63594,Quimbaya,Quindío,TERRITORIAL,2173.3780648101074,moderada,1170,614,23250654481
2019,08606,Repelón,Atlántico,TERRITORIAL,2160.4134989347262,moderada,40,10,861900081
2019,19100,Bolívar,Cauca,NACIONAL,2155.583011099366,moderada,33,17,160546880
2019,05873,Vigía del Fuerte,Antioquia,TERRITORIAL,2155.244464332371,moderada,8,6,88395222
2019,95001,San José del Guaviare,Guaviare,NO_DEFINIDO,2155.125168420277,moderada,61,41,148788150
2019,50680,San Carlos de Guaroa,Meta,TERRITORIAL,2154.1983205783195,moderada,488,224,25096896809
2019,08372,Juan de Acosta,Atlántico,TERRITORIAL,2152.8963356065415,moderada,26,21,5560384248
2019,76147,Cartago,Valle del Cauca,NACIONAL,2152.3128610269127,moderada,13,10,243960247
2019,85315,Sácama,Casanare,TERRITORIAL,2152.0296088764844,moderada,103,69,3816243723
2019,54800,Teorama,Norte de Santander,TERRITORIAL,2146.4330180375014,moderada,194,106,27766724608
2019,50568,Puerto Gaitán,Meta,TERRITORIAL,2145.600976720905,moderada,1044,663,241324649713
2019,47205,Concordia,Magdalena,TERRITORIAL,2144.75171685257,moderada,370,188,3693786034
2019,13780,Talaigua Nuevo,Bolívar,TERRITORIAL,2141.6236349352102,moderada,49,48,4007724693
2019,73347,Herveo,Tolima,TERRITORIAL,2132.3146142939563,moderada,149,100,3559409892
2019,13673,Santa Catalina,Bolívar,TERRITORIAL,2128.9515638272624,moderada,142,120,4400551782
2019,20032,Astrea,Cesar,TERRITORIAL,2124.856877667988,moderada,790,296,16626466915
2019,95025,El Retorno,Guaviare,TERRITORIAL,2124.0476514683855,moderada,395,221,18334413523
2019,54418,Lourdes,Norte de Santander,TERRITORIAL,2114.5954360793826,moderada,287,155,10091989557
2019,52693,San Pablo,Nariño,TERRITORIAL,2099.9630907616,moderada,1275,419,29877331947
2019,15185,Chitaraque,Boyacá,TERRITORIAL,2097.1248712701554,moderada,254,164,18176439155
2019,85250,Paz de Ariporo,Casanare,NACIONAL,2096.768863745789,moderada,18,12,156640936
2019,76890,Yotoco,Valle del Cauca,TERRITORIAL,2093.2057585360294,moderada,399,248,13766119145
2019,85430,Trinidad,Casanare,TERRITORIAL,2092.845318496887,moderada,305,157,16295626534
2019,41551,Pitalito,Huila,NACIONAL,2091.017596044374,moderada,16,10,65681147
2019,25805,Tibacuy,Cundinamarca,TERRITORIAL,2090.0484883658073,moderada,264,177,10686252397
2019,68255,El Playón,Santander,NACIONAL,2087.0269690918235,moderada,26,12,128190301
2019,27580,Río Iro,Chocó,TERRITORIAL,2086.5372832551107,moderada,42,20,1522362974
2019,18860,Valparaíso,Caquetá,TERRITORIAL,2068.69515341063,moderada,202,145,10725174263
2019,15244,El Cocuy,Boyacá,TERRITORIAL,2068.1042709402727,moderada,232,153,14984910353
2019,23670,San Andrés Sotavento,Córdoba,TERRITORIAL,2058.826086922327,moderada,362,245,11936304631
2019,41615,Rivera,Huila,NACIONAL,2036.6531439766586,moderada,36,26,1158085191
2019,13490,Norosí,Bolívar,TERRITORIAL,2027.5736088704098,moderada,13,8,2069745669
2019,05690,Santo Domingo,Antioquia,NACIONAL,2026.276954009904,moderada,82,58,2474228451
2019,25662,San Juan de Río Seco,Cundinamarca,NACIONAL,2019.1172952078255,moderada,5,5,28237506
2019,76845,Ulloa,Valle del Cauca,TERRITORIAL,1998.693620144334,moderada,113,72,7211553585
2019,47703,San Zenón,Magdalena,TERRITORIAL,1995.6202866785138,moderada,83,49,1813500497
2019,15135,Campohermoso,Boyacá,NACIONAL,1985.434266659647,moderada,30,14,44823553
2019,13670,San Pablo,Bolívar,TERRITORIAL,1983.785526069911,moderada,147,98,6778823886
2019,50223,Cubarral,Meta,TERRITORIAL,1980.9498910082411,moderada,289,189,10917425022
2019,15106,Briceño,Boyacá,TERRITORIAL,1979.1295514955248,moderada,169,120,6738053300
2019,44001,Riohacha,La Guajira,TERRITORIAL,1962.6625295324736,moderada,3667,1876,4414672865910
2019,44420,La Jagua del Pilar,La Guajira,TERRITORIAL,1958.5321412539586,moderada,344,157,24299259141
2019,25245,El Colegio,Cundinamarca,NACIONAL,1942.1626865612834,moderada,7,7,49977720
2019,52352,Iles,Nariño,TERRITORIAL,1940.8491759598155,moderada,910,342,15523373782
2019,13650,San Fernando,Bolívar,TERRITORIAL,1922.072696624675,moderada,10,8,194211446
2019,08758,Soledad,Atlántico,TERRITORIAL,1910.3316111950346,moderada,1245,595,357190433859
2019,50400,Lejanías,Meta,TERRITORIAL,1905.6430535326856,moderada,215,107,11076886126
2019,50325,Mapiripán,Meta,NACIONAL,1901.8502636503533,moderada,28,16,326826234
2019,19450,Mercaderes,Cauca,TERRITORIAL,1893.7412989054578,moderada,203,143,9543731121
2019,25488,Nilo,Cundinamarca,NACIONAL,1891.9281424365938,moderada,225,191,31119736021
2019,50590,Puerto Rico,Meta,TERRITORIAL,1891.521772839213,moderada,547,262,31328288731
2019,15755,Socotá,Boyacá,TERRITORIAL,1884.7887313826473,moderada,244,162,11424825178
2019,05467,Montebello,Antioquia,TERRITORIAL,1884.6488438624338,moderada,306,193,11445585626
2019,13458,Montecristo,Bolívar,TERRITORIAL,1873.5594802894177,moderada,147,98,7281983210
2019,05647,San Andrés de Cuerquía,Antioquia,TERRITORIAL,1872.3917451544733,moderada,194,131,7253173339
2019,73349,Honda,Tolima,NACIONAL,1865.8640653242624,moderada,20,15,116395113
2019,41524,Palermo,Huila,NACIONAL,1857.1209895873728,moderada,14,13,26777340
2019,54553,Puerto Santander,Norte de Santander,TERRITORIAL,1856.3672591441834,moderada,346,177,8820198383
2019,73443,Mariquita,Tolima,NACIONAL,1854.3591597217753,moderada,32,28,649916855
2019,25612,Ricaurte,Cundinamarca,TERRITORIAL,1831.250386761386,moderada,536,367,33437138568
2019,81220,Cravo Norte,Arauca,TERRITORIAL,1822.0713486369161,moderada,55,27,1698446212
2019,54670,San Calixto,Norte de Santander,TERRITORIAL,1817.2472242128379,moderada,211,128,18929796175
2019,47980,Zona Bananera,Magdalena,TERRITORIAL,1810.3898135142654,moderada,802,359,26560463839
2019,08001,Barranquilla,Atlántico,NACIONAL,1809.5776993883503,moderada,926,771,273493672561
2019,54498,Ocaña,Norte de Santander,NACIONAL,1809.366706464763,moderada,43,21,346816192
2019,73283,Fresno,Tolima,TERRITORIAL,1809.3634340099434,moderada,934,419,24411914784
2019,17873,Villamaría,Caldas,NACIONAL,1807.5520905271037,moderada,6,6,54972371
2019,23168,Chimá,Córdoba,TERRITORIAL,1799.6732725054358,moderada,83,71,5068398683
2019,25407,Lenguazaque,Cundinamarca,TERRITORIAL,1793.032241839652,moderada,197,162,15661623040
2019,68307,Girón,Santander,TERRITORIAL,1789.116331842444,moderada,2149,1645,141852306277
2019,15762,Sora,Boyacá,TERRITORIAL,1784.1456217095997,moderada,198,146,6970733370
2019,25592,Quebradanegra,Cundinamarca,TERRITORIAL,1784.015392378689,moderada,243,144,11172508598
2019,27075,Bahía Solano,Chocó,TERRITORIAL,1761.6281999229145,moderada,17,13,619461282
2019,52019,Albán,Nariño,TERRITORIAL,1754.6618892503852,moderada,557,260,9162932243
2019,76622,Roldanillo,Valle del Cauca,TERRITORIAL,1747.45466909327,moderada,361,178,14778769615
2019,05736,Segovia,Antioquia,TERRITORIAL,1746.7690486718816,moderada,870,484,54169983565
2019,25120,Cabrera,Cundinamarca,TERRITORIAL,1737.2450703423945,moderada,112,88,5128458461
2019,20238,El Copey,Cesar,TERRITORIAL,1735.7632957763833,moderada,614,321,15107479892
2019,50313,Granada,Meta,NACIONAL,1733.506247650928,moderada,16,14,198765593
2019,05154,Caucasia,Antioquia,NACIONAL,1733.1578561327485,moderada,17,11,88028080
2019,54261,El Zulia,Norte de Santander,TERRITORIAL,1729.9989317932923,moderada,741,297,28534644112
2019,41020,Algeciras,Huila,TERRITORIAL,1726.878104733209,moderada,433,288,12677143757
2019,73200,Coello,Tolima,TERRITORIAL,1722.029938445729,moderada,452,246,9082326547
2019,52694,San Pedro de Cartago,Nariño,TERRITORIAL,1721.1725669097718,moderada,625,265,12303611854
2019,05837,Turbo,Antioquia,TERRITORIAL,1718.5807752900046,moderada,1094,734,213561243885
2019,05055,Argelia,Antioquia,TERRITORIAL,1714.7998323188708,moderada,214,131,14146210570
2019,52385,La Llanada,Nariño,TERRITORIAL,1711.2428210486437,moderada,351,181,13816815342
2019,25740,Sibaté,Cundinamarca,TERRITORIAL,1703.6649793874892,moderada,552,374,30456772320
2019,08758,Soledad,Atlántico,NACIONAL,1695.4730961547837,moderada,1115,620,40621838427
2019,76041,Ansermanuevo,Valle del Cauca,TERRITORIAL,1694.740718040412,moderada,194,121,13041464278
2019,85136,La Salina,Casanare,TERRITORIAL,1693.8020471406653,moderada,139,99,7369193755
2019,18610,San José del Fragua,Caquetá,TERRITORIAL,1682.1446465434753,moderada,239,166,15442347468
2019,76111,Guadalajara de Buga,Valle del Cauca,NACIONAL,1676.1929128020372,moderada,36,21,1551294119
2019,25649,San Bernardo,Cundinamarca,TERRITORIAL,1658.8536724305773,moderada,225,150,11924738794
2019,13268,El Peñón,Bolívar,TERRITORIAL,1658.7717341332984,moderada,180,103,2287024687
2019,41020,Algeciras,Huila,NACIONAL,1654.3318098130756,moderada,9,9,22769115
2019,08634,Sabanagrande,Atlántico,TERRITORIAL,1629.9954000990401,moderada,189,139,17243361025
2019,68092,Betulia,Santander,TERRITORIAL,1629.6665390587739,moderada,216,150,9845421549
2019,47053,Aracataca,Magdalena,TERRITORIAL,1619.646218175536,moderada,741,302,17427480086
2019,05134,Campamento,Antioquia,TERRITORIAL,1619.5634159484573,moderada,332,165,12460096786
2019,70110,Buenavista,Sucre,NACIONAL,1618.7110278769142,moderada,8,8,19460757
2019,25535,Pasca,Cundinamarca,TERRITORIAL,1614.7470289294015,moderada,170,135,14357031104
2019,47245,El Banco,Magdalena,NACIONAL,1601.1944862072537,moderada,15,11,62854759
2019,15673,San Mateo,Boyacá,TERRITORIAL,1599.9529267520506,moderada,203,115,7583174344
2019,19455,Miranda,Cauca,TERRITORIAL,1599.626826154438,moderada,364,248,23683324135
2019,68162,Cerrito,Santander,TERRITORIAL,1598.2003936927192,moderada,295,184,13233560532
2019,41349,Hobo,Huila,NACIONAL,1598.035592962633,moderada,69,58,1655507537
2019,41013,Agrado,Huila,TERRITORIAL,1595.2931332900762,moderada,194,74,2649106290
2019,25386,La Mesa,Cundinamarca,NACIONAL,1587.5575779478947,moderada,17,11,61223307
2019,44855,Urumita,La Guajira,TERRITORIAL,1586.995600521933,moderada,367,185,26796991870
2019,66170,Dosquebradas,Risaralda,NACIONAL,1580.8929971659304,moderada,28,20,293999012
2019,20621,La Paz,Cesar,TERRITORIAL,1573.7124664561563,moderada,181,148,10177773424
2019,23574,Puerto Escondido,Córdoba,TERRITORIAL,1571.6864376170608,moderada,228,147,34591714551
2019,05197,Cocorná,Antioquia,TERRITORIAL,1571.118435172263,moderada,462,229,32722082924
2019,44110,El Molino,La Guajira,TERRITORIAL,1562.1518120914875,moderada,643,244,29618199153
2019,15469,Moniquirá,Boyacá,NACIONAL,1558.8859293977061,moderada,26,14,131418945
2019,86569,Puerto Caicedo,Putumayo,TERRITORIAL,1556.042524709905,moderada,607,160,3733605757
2019,19290,Florencia,Cauca,TERRITORIAL,1551.962905534548,moderada,194,105,9852159709
2019,41001,Neiva,Huila,OTRO,1543.0824118362916,moderada,8,8,103585000
2019,13212,Córdoba,Bolívar,TERRITORIAL,1539.3606265011274,moderada,123,60,1820879125
2019,25168,Chaguaní,Cundinamarca,TERRITORIAL,1535.5221137769834,moderada,174,123,7407847217
2019,52001,Pasto,Nariño,OTRO,1534.2128944621886,moderada,7,7,623106034
2019,23855,Valencia,Córdoba,NACIONAL,1524.4675565258583,moderada,9,9,20923185
2019,05376,La Ceja,Antioquia,NACIONAL,1509.5824151154868,moderada,24,17,227555863
2019,13140,Calamar,Bolívar,TERRITORIAL,1506.1839868455254,moderada,715,261,12630419722
2019,50577,Puerto Lleras,Meta,TERRITORIAL,1506.1329496387705,moderada,180,114,13537973386
2019,05652,San Francisco,Antioquia,TERRITORIAL,1505.9527486932145,moderada,424,224,16754636825
2019,25799,Tenjo,Cundinamarca,TERRITORIAL,1505.060271790874,moderada,884,632,83195495549
2019,13300,Hatillo de Loba,Bolívar,TERRITORIAL,1504.747313717034,moderada,109,86,2694752425
2019,05697,El Santuario,Antioquia,NACIONAL,1495.1714022006058,baja,177,152,27752516473
2019,76318,Guacarí,Valle del Cauca,TERRITORIAL,1495.0514543938448,baja,177,139,19903355867
2019,15762,Sora,Boyacá,NACIONAL,1492.9991211830245,baja,22,16,52442622
2019,13442,María la Baja,Bolívar,TERRITORIAL,1480.1351917893928,baja,297,195,17276722257
2019,13160,Cantagallo,Bolívar,TERRITORIAL,1477.8908619745807,baja,294,159,45391167024
2019,27660,San José del Palmar,Chocó,TERRITORIAL,1475.8285429948721,baja,199,123,11258797468
2019,76250,El Dovio,Valle del Cauca,TERRITORIAL,1475.5338732191217,baja,267,166,9437958526
2019,15087,Belén,Boyacá,NACIONAL,1468.2787155427582,baja,11,9,44175320
2019,15778,Sutatenza,Boyacá,TERRITORIAL,1468.0216591122621,baja,67,40,1713367138
2019,68327,Güepsa,Santander,TERRITORIAL,1467.7168982179642,baja,118,90,5330254158
2019,19780,Suárez,Cauca,TERRITORIAL,1465.493116862858,baja,228,150,16788770800
2019,63130,Calarca,Quindío,NACIONAL,1460.6131824564768,baja,16,12,41429707
2019,41770,Suaza,Huila,NACIONAL,1458.520996102087,baja,9,8,33342613
2019,25815,Tocaima,Cundinamarca,TERRITORIAL,1457.0670793475408,baja,1141,621,27285911292
2019,15322,Guateque,Boyacá,NACIONAL,1454.660933976092,baja,43,30,173280833
2019,85263,Pore,Casanare,TERRITORIAL,1450.0386024810086,baja,286,177,20080256752
2019,05895,Zaragoza,Antioquia,TERRITORIAL,1441.787285023092,baja,346,171,21408822619
2019,52427,Magüi,Nariño,TERRITORIAL,1439.3829339527658,baja,553,287,89827731255
2019,52317,Guachucal,Nariño,NACIONAL,1434.4125822342216,baja,16,13,136782981
2019,20045,Becerril,Cesar,TERRITORIAL,1431.4836604449197,baja,332,220,54519473381
2019,81794,Tame,Arauca,NACIONAL,1427.2304233845095,baja,11,11,800890799
2019,13248,El Guamo,Bolívar,TERRITORIAL,1422.604214678467,baja,145,112,7580525481
2019,08685,Santo Tomás,Atlántico,TERRITORIAL,1421.3476737689755,baja,247,142,4510424498
2019,25307,Girardot,Cundinamarca,NACIONAL,1413.6494258879056,baja,42,22,1013793641
2019,15466,Monguí,Boyacá,TERRITORIAL,1412.921218711479,baja,189,119,3732905361
2019,54206,Convención,Norte de Santander,TERRITORIAL,1411.383040132825,baja,275,137,16698255490
2019,15696,Santa Sofía,Boyacá,TERRITORIAL,1407.3806696458103,baja,220,135,9439139122
2019,23815,Tuchín,Córdoba,TERRITORIAL,1403.9121726303501,baja,124,83,7033958169
2019,05002,Abejorral,Antioquia,TERRITORIAL,1403.6900991573548,baja,555,248,15191266812
2019,68720,Santa Helena del Opón,Santander,TERRITORIAL,1403.3984126984615,baja,254,147,11357522281
2019,20770,San Martín,Cesar,TERRITORIAL,1398.8577496808064,baja,78,61,22707369453
2019,41298,Garzón,Huila,NACIONAL,1395.1581295947828,baja,20,19,196340794
2019,76403,La Victoria,Valle del Cauca,TERRITORIAL,1393.473202128484,baja,499,185,13098586432
2019,05125,Caicedo,Antioquia,TERRITORIAL,1393.2863347175744,baja,255,164,9936797005
2019,17513,Pácora,Caldas,TERRITORIAL,1393.1323115984974,baja,729,369,19069850754
2019,52260,El Tambo,Nariño,TERRITORIAL,1386.67699118651,baja,719,296,12921493655
2019,25430,Madrid,Cundinamarca,NACIONAL,1382.784548479163,baja,51,47,4867610313
2019,20011,Aguachica,Cesar,TERRITORIAL,1382.4681673903856,baja,520,305,37605701607
2019,05264,Entrerrios,Antioquia,TERRITORIAL,1379.9210526733957,baja,225,155,22344497182
2019,44001,Riohacha,La Guajira,NACIONAL,1376.464901707642,baja,176,137,47510641711
2019,27245,El Carmen de Atrato,Chocó,TERRITORIAL,1375.4180312278947,baja,118,76,4832198962
2019,41791,Tarqui,Huila,TERRITORIAL,1371.1328261059855,baja,345,214,12542554632
2019,23807,Tierralta,Córdoba,NACIONAL,1366.5046944706462,baja,28,17,550451971
2019,41791,Tarqui,Huila,NACIONAL,1366.0631624233781,baja,12,11,57590493
2019,68655,Sabana de Torres,Santander,TERRITORIAL,1355.8375358310325,baja,332,231,39804671093
2019,15104,Boyacá,Boyacá,TERRITORIAL,1347.8797561229503,baja,239,162,7549265014
2019,25807,Tibirita,Cundinamarca,TERRITORIAL,1347.0717784433493,baja,102,89,3822861558
2019,52678,Samaniego,Nariño,NACIONAL,1346.7455742578516,baja,21,16,160623182
2019,85015,Chameza,Casanare,TERRITORIAL,1340.14129465042,baja,177,122,17839566652
2019,23464,Momil,Córdoba,TERRITORIAL,1338.8354563808741,baja,120,92,14652006907
2019,20295,Gamarra,Cesar,TERRITORIAL,1337.786108064313,baja,94,49,6161535284
2019,05321,Guatapé,Antioquia,TERRITORIAL,1331.669383401708,baja,1113,517,36564357226
2019,08770,Suan,Atlántico,TERRITORIAL,1324.6883179564459,baja,316,163,2495981058
2019,13244,El Carmen de Bolívar,Bolívar,TERRITORIAL,1323.711440255333,baja,282,252,19369549411
2019,19110,Buenos Aires,Cauca,TERRITORIAL,1319.7473853974482,baja,325,175,17268466126
2019,15204,Cómbita,Boyacá,NACIONAL,1319.6946535368393,baja,56,39,708306647
2019,91540,Puerto Nariño,Amazonas,TERRITORIAL,1310.6946006815194,baja,264,176,16462384871
2019,68368,Jesús María,Santander,TERRITORIAL,1299.6894343060803,baja,126,83,6973760857
2019,68549,Pinchote,Santander,TERRITORIAL,1299.6622776291385,baja,222,127,6874269448
2019,70678,San Benito Abad,Sucre,NACIONAL,1293.1925020209212,baja,11,11,67160859
2019,70204,Coloso,Sucre,TERRITORIAL,1289.2446516420807,baja,398,220,12148398643
2019,25851,Útica,Cundinamarca,TERRITORIAL,1288.7172413266949,baja,259,152,10128757106
2019,68502,Onzaga,Santander,TERRITORIAL,1284.9247757837397,baja,218,157,6045829196
2019,25594,Quetame,Cundinamarca,NACIONAL,1282.6211794089045,baja,23,16,98905137
2019,52506,Ospina,Nariño,TERRITORIAL,1276.0782770724975,baja,293,169,7771942298
2019,86568,Puerto Asís,Putumayo,TERRITORIAL,1274.664140334312,baja,1126,544,26443808235
2019,05858,Vegachí,Antioquia,TERRITORIAL,1273.9920494804705,baja,381,213,19835948998
2019,52317,Guachucal,Nariño,TERRITORIAL,1273.0845870142173,baja,638,362,17248336604
2019,23555,Planeta Rica,Córdoba,TERRITORIAL,1271.9409513596647,baja,350,206,32661028002
2019,47541,Pedraza,Magdalena,TERRITORIAL,1269.9194236766484,baja,242,116,3199829036
2019,52399,La Unión,Nariño,TERRITORIAL,1267.734421528503,baja,2629,764,42866238718
2019,27006,Acandí,Chocó,TERRITORIAL,1266.400843720458,baja,84,68,6740841809
2019,76736,Sevilla,Valle del Cauca,NACIONAL,1265.4027101749732,baja,24,22,156875399
2019,18592,Puerto Rico,Caquetá,TERRITORIAL,1261.8360666238223,baja,179,116,16955697871
2019,05660,San Luis,Antioquia,TERRITORIAL,1261.6910960491134,baja,709,299,25622062674
2019,15808,Tinjacá,Boyacá,TERRITORIAL,1260.6511738333033,baja,169,124,8519604106
2019,05138,Cañasgordas,Antioquia,TERRITORIAL,1259.770227560507,baja,477,264,33314732229
2019,15798,Tenza,Boyacá,TERRITORIAL,1249.6888707359,baja,141,85,4399663630
2019,68211,Contratación,Santander,TERRITORIAL,1246.4258673626352,baja,136,97,5133072796
2019,15238,Duitama,Boyacá,NACIONAL,1246.0050201634363,baja,33,22,370385928
2019,63401,La Tebaida,Quindío,TERRITORIAL,1238.443741527471,baja,1421,575,21910432461
2019,70771,Sucre,Sucre,TERRITORIAL,1235.5611196906284,baja,690,314,8963822699
2019,25740,Sibaté,Cundinamarca,NACIONAL,1232.5440474720608,baja,122,122,2968700693
2019,05284,Frontino,Antioquia,NACIONAL,1229.2336461898753,baja,26,12,151028802
2019,95001,San José del Guaviare,Guaviare,NACIONAL,1228.65234316253,baja,59,44,5675780029
2019,25123,Cachipay,Cundinamarca,TERRITORIAL,1223.506097098774,baja,227,145,8381955806
2019,44650,San Juan del Cesar,La Guajira,NACIONAL,1219.736056337571,baja,193,99,4896650176
2019,23350,La Apartada,Córdoba,TERRITORIAL,1219.6575698316458,baja,173,117,21922477938
2019,17513,Pácora,Caldas,NACIONAL,1215.815539189566,baja,43,27,134308567
2019,27425,Medio Atrato,Chocó,TERRITORIAL,1214.2480002717496,baja,75,53,11938946168
2019,68444,Matanza,Santander,TERRITORIAL,1207.7877779064636,baja,242,125,15153288599
2019,13430,Magangué,Bolívar,TERRITORIAL,1205.9249114171341,baja,263,180,11828463620
2019,19548,Piendamó,Cauca,TERRITORIAL,1203.5739675471327,baja,815,469,30556068032
2019,47707,Santa Ana,Magdalena,TERRITORIAL,1201.7773553197221,baja,757,247,17037242112
2019,20614,Río de Oro,Cesar,TERRITORIAL,1198.1900129644523,baja,79,52,12006103092
2019,25524,Pandi,Cundinamarca,TERRITORIAL,1194.4756085689567,baja,172,99,5193845517
2019,15835,Turmequé,Boyacá,TERRITORIAL,1190.978081765498,baja,228,163,6788735675
2019,44874,Villanueva,La Guajira,TERRITORIAL,1188.2682525439511,baja,377,182,31082889781
2019,27787,Tadó,Chocó,TERRITORIAL,1178.7026608767333,baja,126,96,6800782315
2019,73678,San Luis,Tolima,TERRITORIAL,1177.0246366346762,baja,258,162,6270187631
2019,54720,Sardinata,Norte de Santander,TERRITORIAL,1175.3613951004888,baja,527,282,14450418412
2019,63272,Filandia,Quindío,TERRITORIAL,1169.7478569059151,baja,1131,587,21481456968
2019,05044,Anza,Antioquia,TERRITORIAL,1168.4664006979006,baja,302,152,11235150890
2019,25488,Nilo,Cundinamarca,TERRITORIAL,1167.499907497251,baja,334,213,23450658901
2019,05790,Tarazá,Antioquia,TERRITORIAL,1164.9296855408195,baja,353,215,25706914138
2019,76100,Bolívar,Valle del Cauca,TERRITORIAL,1160.8752966048069,baja,477,187,11297272856
2019,68209,Confines,Santander,TERRITORIAL,1156.6747915442331,baja,165,101,5474859267
2019,08421,Luruaco,Atlántico,TERRITORIAL,1155.8870990948717,baja,363,176,16339314124
2019,15537,Paz de Río,Boyacá,TERRITORIAL,1152.7633602878225,baja,220,143,7389519336
2019,52838,Túquerres,Nariño,NACIONAL,1151.310670064654,baja,13,13,71480868
2019,11001,Bogotá D.C.,Bogotá,OTRO,1150.0551746021267,baja,470,184,45754429228
2019,05390,La Pintada,Antioquia,TERRITORIAL,1146.7686702987476,baja,173,106,6135894785
2019,66383,La Celia,Risaralda,TERRITORIAL,1145.5417048605839,baja,412,246,6127292929
2019,44279,Fonseca,La Guajira,TERRITORIAL,1145.0895493656183,baja,1092,285,35473465085
2019,25777,Supatá,Cundinamarca,TERRITORIAL,1144.5560557773406,baja,199,138,5061450720
2019,25095,Bituima,Cundinamarca,TERRITORIAL,1142.7393130915043,baja,95,79,3155900446
2019,25758,Sopó,Cundinamarca,TERRITORIAL,1140.5452042021202,baja,1329,936,51967405810
2019,15693,Santa Rosa de Viterbo,Boyacá,NACIONAL,1139.1483969633766,baja,47,27,483650260
2019,05042,Santafé de Antioquia,Antioquia,NACIONAL,1137.0249973002724,baja,12,12,113644773
2019,68464,Mogotes,Santander,TERRITORIAL,1129.4481623988256,baja,295,177,10457370917
2019,41885,Yaguará,Huila,TERRITORIAL,1128.123052570793,baja,523,265,23300630848
2019,17777,Supía,Caldas,TERRITORIAL,1126.580986638413,baja,695,442,28961741849
2019,97001,Mitú,Vaupés,NACIONAL,1123.1094703984636,baja,47,44,2779152319
2019,25899,Zipaquirá,Cundinamarca,NACIONAL,1120.4447788728976,baja,21,18,269217066
2019,70265,Guaranda,Sucre,TERRITORIAL,1113.8009409363128,baja,400,210,20572146682
2019,54518,Pamplona,Norte de Santander,NACIONAL,1112.6980223755606,baja,27,14,189198821
2019,44378,Hatonuevo,La Guajira,TERRITORIAL,1112.4857059887092,baja,63,52,41732660374
2019,13433,Mahates,Bolívar,TERRITORIAL,1110.1561458901886,baja,133,96,9724083426
2019,50226,Cumaral,Meta,TERRITORIAL,1108.463672111983,baja,799,352,29003431333
2019,52036,Ancuyá,Nariño,TERRITORIAL,1106.916790450125,baja,471,195,5740746966
2019,15879,Viracachá,Boyacá,TERRITORIAL,1105.881203791974,baja,205,130,5680885798
2019,19785,Sucre,Cauca,TERRITORIAL,1099.7840754457438,baja,279,180,16309575653
2019,20013,Agustín Codazzi,Cesar,TERRITORIAL,1092.7855483845547,baja,790,353,20493447922
2019,76364,Jamundí,Valle del Cauca,NACIONAL,1088.6319773433834,baja,49,28,2997006258
2019,27135,El Cantón del San Pablo,Chocó,TERRITORIAL,1087.895469511958,baja,154,80,6640830664
2019,15223,Cubará,Boyacá,TERRITORIAL,1086.7432831256979,baja,434,255,19339826981
2019,25328,Guayabal de Siquima,Cundinamarca,TERRITORIAL,1085.7783271112194,baja,147,110,6590835321
2019,25175,Chía,Cundinamarca,TERRITORIAL,1084.736336912913,baja,2063,1205,206343837016
2019,44078,Barrancas,La Guajira,TERRITORIAL,1083.444048009183,baja,900,381,67252823845
2019,05021,Alejandría,Antioquia,TERRITORIAL,1082.461108829213,baja,197,125,11490277100
2019,81001,Arauca,Arauca,NACIONAL,1082.1148621864716,baja,73,53,2411788002
2019,25867,Vianí,Cundinamarca,TERRITORIAL,1079.0008555360682,baja,231,172,9642478476
2019,47460,Nueva Granada,Magdalena,TERRITORIAL,1078.1717373761878,baja,271,191,22994650668
2019,15664,San José de Pare,Boyacá,TERRITORIAL,1077.9893251677972,baja,169,125,13116781696
2019,68425,Macaravita,Santander,TERRITORIAL,1075.2419043805671,baja,154,92,7657126005
2019,81300,Fortul,Arauca,TERRITORIAL,1071.9205879876693,baja,262,146,27883107041
2019,19137,Caldono,Cauca,TERRITORIAL,1063.3970404764493,baja,124,56,17663215386
2019,81794,Tame,Arauca,TERRITORIAL,1061.4915328844004,baja,460,263,19590358701
2019,20310,González,Cesar,TERRITORIAL,1057.4039996069826,baja,430,164,7938496060
2019,20175,Chimichagua,Cesar,TERRITORIAL,1053.4354467924354,baja,318,231,7196062927
2019,25781,Sutatausa,Cundinamarca,TERRITORIAL,1052.140602450608,baja,168,143,4964415349
2019,66045,Apía,Risaralda,TERRITORIAL,1051.098647137898,baja,362,201,10781103527
2019,05091,Betania,Antioquia,TERRITORIAL,1050.573828818343,baja,297,204,8779980727
2019,13894,Zambrano,Bolívar,TERRITORIAL,1050.1814729018265,baja,397,186,9630600347
2019,70124,Caimito,Sucre,TERRITORIAL,1045.529550112608,baja,273,203,8521403449
2019,68432,Málaga,Santander,TERRITORIAL,1043.3753712951052,baja,394,262,25893254658
2019,50330,Mesetas,Meta,TERRITORIAL,1036.7658342763016,baja,260,153,20714980393
2019,81736,Saravena,Arauca,TERRITORIAL,1036.0673112424076,baja,682,388,59350290333
2019,15676,San Miguel de Sema,Boyacá,NACIONAL,1030.744872622421,baja,28,19,28967279
2019,05154,Caucasia,Antioquia,TERRITORIAL,1025.9131388184278,baja,777,309,113335083832
2019,15814,Toca,Boyacá,TERRITORIAL,1022.8931215040806,baja,327,191,7124926607
2019,19807,Timbío,Cauca,TERRITORIAL,1022.3220534835765,baja,195,149,10404112325
2019,15531,Pauna,Boyacá,TERRITORIAL,1017.9644014044403,baja,219,143,9876054703
2019,05658,San José de la Montaña,Antioquia,TERRITORIAL,1017.0774530264652,baja,125,83,2045026221
2019,15204,Cómbita,Boyacá,TERRITORIAL,1006.3252890869798,baja,197,153,10760945379
2019,18460,Milán,Caquetá,TERRITORIAL,1001.1050973717721,baja,214,139,18749474403
2019,25322,Guasca,Cundinamarca,TERRITORIAL,996.3341013078516,baja,342,279,19984603151
2019,70670,Sampués,Sucre,TERRITORIAL,993.4993787968228,baja,1005,454,31593018423
2019,76520,Palmira,Valle del Cauca,TERRITORIAL,991.9449805458676,baja,3165,2013,177570167228
2019,52254,El Peñol,Nariño,TERRITORIAL,991.8134043442385,baja,671,292,15365905048
2019,68418,Los Santos,Santander,TERRITORIAL,990.6076170617193,baja,326,191,15811301743
2019,70820,Santiago de Tolú,Sucre,TERRITORIAL,990.2523084607843,baja,206,167,28853919516
2019,85125,Hato Corozal,Casanare,TERRITORIAL,989.4423811035585,baja,211,116,6315626966
2019,25281,Fosca,Cundinamarca,TERRITORIAL,987.3941711753439,baja,456,235,10040824628
2019,08296,Galapa,Atlántico,TERRITORIAL,984.1424548217996,baja,458,326,19870630966
2019,73226,Cunday,Tolima,TERRITORIAL,982.4492849366294,baja,228,127,4100253824
2019,76869,Vijes,Valle del Cauca,TERRITORIAL,979.3224742197199,baja,396,162,5189852759
2019,68077,Barbosa,Santander,TERRITORIAL,978.8323800506952,baja,410,285,27412502714
2019,44090,Dibulla,La Guajira,TERRITORIAL,974.2512926394215,baja,278,175,26346197989
2019,05313,Granada,Antioquia,TERRITORIAL,973.5839331173692,baja,392,252,28444586552
2019,54001,Cúcuta,Norte de Santander,NACIONAL,972.0830671259915,baja,239,145,22616806036
2019,19760,Sotara,Cauca,TERRITORIAL,971.7968382727761,baja,208,147,8423718584
2019,05579,Puerto Berrío,Antioquia,NACIONAL,971.3676790929436,baja,24,20,151103339
2019,52612,Ricaurte,Nariño,TERRITORIAL,970.5982967171967,baja,1330,550,30073504217
2019,41244,Elías,Huila,TERRITORIAL,964.8346179939953,baja,401,212,7463374147
2019,25335,Guayabetal,Cundinamarca,TERRITORIAL,961.3590039593827,baja,203,138,11022574537
2019,52110,Buesaco,Nariño,TERRITORIAL,960.613477856988,baja,1240,497,11196416460
2019,15362,Iza,Boyacá,TERRITORIAL,960.5277329500495,baja,253,163,5362359164
2019,15723,Sativasur,Boyacá,TERRITORIAL,955.6977398851028,baja,157,102,5209597712
2019,73547,Piedras,Tolima,TERRITORIAL,954.3790413809951,baja,292,132,10609972851
2019,52207,Consaca,Nariño,TERRITORIAL,954.3199210705075,baja,1040,415,9052427110
2019,05480,Mutatá,Antioquia,TERRITORIAL,953.8351779964311,baja,583,275,16334137517
2019,19364,Jambaló,Cauca,TERRITORIAL,951.1856145649429,baja,125,81,5761064008
2019,05659,San Juan de Urabá,Antioquia,TERRITORIAL,947.7295529428937,baja,157,103,30047813932
2019,63212,Córdoba,Quindío,TERRITORIAL,946.6062502263073,baja,468,258,8950792933
2019,68147,Capitanejo,Santander,TERRITORIAL,946.585227681602,baja,220,128,5324008985
2019,15646,Samacá,Boyacá,TERRITORIAL,944.812129993645,baja,531,372,40521708419
2019,50006,Acacías,Meta,NACIONAL,944.0544736756211,baja,111,52,3385092520
2019,05051,Arboletes,Antioquia,TERRITORIAL,944.01857270144,baja,520,319,21119333208
2019,15500,Oicatá,Boyacá,TERRITORIAL,940.7224434217505,baja,151,116,3956402062
2019,68615,Rionegro,Santander,TERRITORIAL,939.6211074342896,baja,542,317,36166683882
2019,47030,Algarrobo,Magdalena,TERRITORIAL,933.7833942291918,baja,373,171,6333146519
2019,05360,Itagui,Antioquia,NACIONAL,932.3717967431999,baja,49,35,989580058
2019,15469,Moniquirá,Boyacá,TERRITORIAL,931.0840152340967,baja,690,418,36057982724
2019,50110,Barranca de Upía,Meta,TERRITORIAL,929.5489767388931,baja,332,208,30807255579
2019,17524,Palestina,Caldas,TERRITORIAL,929.0715072551025,baja,332,229,13390199483
2019,19318,Guapi,Cauca,TERRITORIAL,924.6116903679175,baja,293,131,9543085355
2019,05789,Támesis,Antioquia,TERRITORIAL,921.599835881093,baja,603,269,15497169498
2019,68867,Vetas,Santander,TERRITORIAL,919.8505330184297,baja,166,108,3763206799
2019,54480,Mutiscua,Norte de Santander,TERRITORIAL,919.657629256474,baja,175,105,5857362322
2019,68020,Albania,Santander,TERRITORIAL,918.8666631980794,baja,174,135,8664652492
2019,13873,Villanueva,Bolívar,TERRITORIAL,918.6873543438952,baja,44,16,83482963
2019,25260,El Rosal,Cundinamarca,TERRITORIAL,918.1919555623222,baja,330,256,16341549206
2019,70235,Galeras,Sucre,TERRITORIAL,917.6832401925313,baja,365,247,15716424860
2019,05585,Puerto Nare,Antioquia,TERRITORIAL,917.0821509634095,baja,391,183,20614514483
2019,25224,Cucunubá,Cundinamarca,TERRITORIAL,913.3783299839921,baja,176,140,6000989373
2019,50711,Vistahermosa,Meta,TERRITORIAL,912.2210367880601,baja,183,150,7558612037
2019,08573,Puerto Colombia,Atlántico,TERRITORIAL,910.9793662135648,baja,90,85,3617550885
2019,41770,Suaza,Huila,TERRITORIAL,910.2872315719543,baja,545,266,17282850028
2019,63190,Circasia,Quindío,NACIONAL,909.8533735465292,baja,22,19,111838520
2019,15114,Busbanzá,Boyacá,TERRITORIAL,906.2857157578727,baja,147,85,6351099534
2019,13062,Arroyohondo,Bolívar,TERRITORIAL,904.188262500619,baja,438,197,7793109382
2019,54250,El Tarra,Norte de Santander,TERRITORIAL,903.5892206261977,baja,257,129,12411163255
2019,05591,Puerto Triunfo,Antioquia,NACIONAL,902.4398355052758,baja,46,28,1175327212
2019,54174,Chitagá,Norte de Santander,TERRITORIAL,900.5721999860714,baja,216,119,10822213071
2019,68575,Puerto Wilches,Santander,TERRITORIAL,900.1232977975741,baja,486,228,42404310998
2019,05440,Marinilla,Antioquia,NACIONAL,898.2517105577625,baja,32,28,948276166
2019,13744,Simití,Bolívar,TERRITORIAL,895.1695918501568,baja,179,123,13576839692
2019,15276,Floresta,Boyacá,TERRITORIAL,895.1636708723278,baja,236,138,6768851758
2019,52565,Providencia,Nariño,TERRITORIAL,894.2721061021056,baja,1104,436,12722621273
2019,15839,Tutazá,Boyacá,NACIONAL,892.5660948245269,baja,48,24,183874574
2019,85139,Maní,Casanare,TERRITORIAL,889.5272340703215,baja,457,285,29152784707
2019,13655,San Jacinto del Cauca,Bolívar,TERRITORIAL,887.5768763812914,baja,170,94,8231824047
2019,05856,Valparaíso,Antioquia,TERRITORIAL,887.3306039459227,baja,198,128,7970352707
2019,05206,Concepción,Antioquia,TERRITORIAL,886.4283967490227,baja,260,149,8130182503
2019,68682,San Joaquín,Santander,TERRITORIAL,886.1617639982328,baja,161,100,4229681403
2019,08520,Palmar de Varela,Atlántico,TERRITORIAL,884.856949586226,baja,1031,221,5962416158
2019,54673,San Cayetano,Norte de Santander,TERRITORIAL,882.5941804691257,baja,333,181,7493513215
2019,19256,El Tambo,Cauca,TERRITORIAL,882.1696124955006,baja,436,261,22422726895
2019,54239,Durania,Norte de Santander,TERRITORIAL,879.6501698314479,baja,216,130,6756388057
2019,27615,Riosucio,Chocó,TERRITORIAL,878.9650611111476,baja,339,168,23321459557
2019,70110,Buenavista,Sucre,TERRITORIAL,877.2801410800181,baja,401,190,10928326332
2019,70717,San Pedro,Sucre,TERRITORIAL,875.8689903532862,baja,357,180,17693006405
2019,70215,Corozal,Sucre,NACIONAL,875.5520592110286,baja,59,52,3539202978
2019,05847,Urrao,Antioquia,TERRITORIAL,873.7711268099991,baja,515,318,32092914132
2019,05347,Heliconia,Antioquia,TERRITORIAL,870.8248429708558,baja,259,161,7275061672
2019,15377,Labranzagrande,Boyacá,TERRITORIAL,870.5439157301482,baja,278,176,10439517269
2019,25324,Guataquí,Cundinamarca,TERRITORIAL,867.1621914888018,baja,263,138,4142536089
2019,15317,Guacamayas,Boyacá,TERRITORIAL,865.736407798267,baja,186,125,6284132659
2019,05079,Barbosa,Antioquia,TERRITORIAL,862.1327447128876,baja,373,303,19116418640
2019,54385,La Esperanza,Norte de Santander,TERRITORIAL,861.3816425595263,baja,338,139,12629931075
2019,05656,San Jerónimo,Antioquia,TERRITORIAL,858.8419617081739,baja,507,303,26603471747
2019,54245,El Carmen,Norte de Santander,TERRITORIAL,858.6289426215051,baja,232,143,12446571005
2019,15759,Sogamoso,Boyacá,NACIONAL,856.238635353218,baja,21,19,695625933
2019,19693,San Sebastián,Cauca,TERRITORIAL,856.0555787492809,baja,267,127,5946212411
2019,15842,Umbita,Boyacá,TERRITORIAL,855.7802708580847,baja,224,156,4986692901
2019,50350,La Macarena,Meta,TERRITORIAL,855.7612085542997,baja,217,154,12189186702
2019,25843,Villa de San Diego de Ubate,Cundinamarca,TERRITORIAL,854.1569681327004,baja,1778,649,44105537261
2019,05368,Jericó,Antioquia,TERRITORIAL,851.100322476817,baja,567,244,14310050437
2019,99773,Cumaribo,Vichada,TERRITORIAL,849.7280383284997,baja,460,250,20225298634
2019,25841,Ubaque,Cundinamarca,TERRITORIAL,845.0601707991408,baja,299,162,5534562530
2019,15740,Siachoque,Boyacá,TERRITORIAL,845.0376944620889,baja,218,153,7888963154
2019,23189,Ciénaga de Oro,Córdoba,TERRITORIAL,842.655650331525,baja,507,334,57487356130
2019,73055,Armero,Tolima,TERRITORIAL,841.0714190641872,baja,289,151,3492646811
2019,76111,Guadalajara de Buga,Valle del Cauca,TERRITORIAL,839.2378813652517,baja,1991,1345,50214670023
2019,41660,Saladoblanco,Huila,TERRITORIAL,838.3334423793207,baja,303,168,9016422045
2019,15764,Soracá,Boyacá,TERRITORIAL,838.1733152840048,baja,227,165,6544054000
2019,25898,Zipacón,Cundinamarca,TERRITORIAL,836.9058102275803,baja,283,183,11813848713
2019,52696,Santa Bárbara,Nariño,TERRITORIAL,836.3913737855617,baja,367,164,11868925481
2019,15047,Aquitania,Boyacá,TERRITORIAL,835.7543478103258,baja,334,210,16125958449
2019,15686,Santana,Boyacá,TERRITORIAL,833.2067943521803,baja,287,163,8003788091
2019,41016,Aipe,Huila,NACIONAL,830.4464773540963,baja,22,17,197263694
2019,70221,Coveñas,Sucre,NACIONAL,824.8845124753558,baja,61,53,5616670504
2019,68121,Cabrera,Santander,TERRITORIAL,823.8029750490166,baja,188,121,6920272653
2019,52490,Olaya Herrera,Nariño,TERRITORIAL,821.8037119205608,baja,654,250,16732645402
2019,66318,Guática,Risaralda,TERRITORIAL,818.6537599483092,baja,277,181,14456435518
2019,85279,Recetor,Casanare,TERRITORIAL,817.5288196403095,baja,179,97,6275200640
2019,15776,Sutamarchán,Boyacá,TERRITORIAL,816.864214612164,baja,221,160,11600364678
2019,52788,Tangua,Nariño,TERRITORIAL,816.0991107659328,baja,980,383,15985710899
2019,15322,Guateque,Boyacá,TERRITORIAL,813.6776801903292,baja,488,292,29414112644
2019,15790,Tasco,Boyacá,TERRITORIAL,813.5863305033087,baja,190,126,6632012004
2019,17272,Filadelfia,Caldas,TERRITORIAL,811.8803601427546,baja,518,273,5927024747
2019,54313,Gramalote,Norte de Santander,TERRITORIAL,811.1398318720063,baja,278,160,7181801233
2019,52378,La Cruz,Nariño,TERRITORIAL,810.9073860761865,baja,1253,487,13765667238
2019,66075,Balboa,Risaralda,TERRITORIAL,808.0575664020963,baja,276,188,11426604887
2019,25001,Agua de Dios,Cundinamarca,NACIONAL,800.7027617504949,baja,848,603,44017013438
2019,73555,Planadas,Tolima,TERRITORIAL,800.2959246287392,baja,764,403,22563914475
2019,23660,Sahagún,Córdoba,TERRITORIAL,799.8935297321106,baja,456,267,112246535008
2019,68684,San José de Miranda,Santander,TERRITORIAL,799.4833364711624,baja,197,112,6944799547
2019,13042,Arenal,Bolívar,TERRITORIAL,799.1222066927811,baja,204,97,4868627996
2019,05240,Ebéjico,Antioquia,TERRITORIAL,798.9978348834765,baja,264,141,9012478550
2019,73026,Alvarado,Tolima,TERRITORIAL,797.008901230041,baja,198,126,2725811596
2019,68745,Simacota,Santander,TERRITORIAL,796.5940854267209,baja,251,169,15207876853
2019,73217,Coyaima,Tolima,TERRITORIAL,795.7223433391825,baja,584,247,13514842523
2019,05667,San Rafael,Antioquia,TERRITORIAL,794.6660043273187,baja,503,217,18202749096
2019,70418,Los Palmitos,Sucre,TERRITORIAL,793.8318773314589,baja,419,250,23060445424
2019,70215,Corozal,Sucre,TERRITORIAL,793.0142170640249,baja,590,390,52288671203
2019,15522,Panqueba,Boyacá,TERRITORIAL,792.1455402905376,baja,143,88,3857273607
2019,68673,San Benito,Santander,TERRITORIAL,790.4366815246516,baja,174,111,3999344095
2019,54347,Herrán,Norte de Santander,TERRITORIAL,789.1541710235249,baja,162,90,5607873382
2019,52083,Belén,Nariño,TERRITORIAL,788.8080415811027,baja,463,227,8177750559
2019,25293,Gachala,Cundinamarca,NACIONAL,786.8721738921009,baja,303,247,23297684739
2019,68152,Carcasí,Santander,TERRITORIAL,782.7786231484162,baja,149,96,8603035524
2019,15638,Sáchica,Boyacá,TERRITORIAL,780.2326464598556,baja,210,157,8323750561
2019,15097,Boavita,Boyacá,TERRITORIAL,777.8694658459381,baja,263,160,6745105077
2019,85230,Orocué,Casanare,TERRITORIAL,774.0280472893385,baja,464,241,36545034073
2019,41503,Oporapa,Huila,TERRITORIAL,773.0679069256104,baja,343,204,9882993413
2019,76054,Argelia,Valle del Cauca,TERRITORIAL,772.3349627344669,baja,210,98,6160616421
2019,05113,Buriticá,Antioquia,TERRITORIAL,769.191559636229,baja,330,228,16206549542
2019,25878,Viotá,Cundinamarca,TERRITORIAL,769.1452584845118,baja,431,280,13068679782
2019,05147,Carepa,Antioquia,NACIONAL,769.1056290473355,baja,35,32,1523891924
2019,73043,Anzoátegui,Tolima,TERRITORIAL,767.4698905200502,baja,203,182,12191623905
2019,05380,La Estrella,Antioquia,TERRITORIAL,765.5738982081295,baja,2282,793,79758510285
2019,19100,Bolívar,Cauca,TERRITORIAL,765.525513200989,baja,302,201,7216183552
2019,05361,Ituango,Antioquia,TERRITORIAL,765.2689333394206,baja,454,321,35280148350
2019,05190,Cisneros,Antioquia,TERRITORIAL,763.8761435950834,baja,429,271,23987658419
2019,13440,Margarita,Bolívar,TERRITORIAL,763.5800454578302,baja,165,79,3411793868
2019,27495,Nuquí,Chocó,TERRITORIAL,763.4656050392265,baja,93,49,2005961115
2019,86749,Sibundoy,Putumayo,TERRITORIAL,763.0377753356336,baja,252,139,5253711641
2019,19050,Argelia,Cauca,TERRITORIAL,759.5013653096222,baja,239,182,4978711763
2019,85300,Sabanalarga,Casanare,TERRITORIAL,754.2006535952817,baja,308,199,19964758286
2019,68895,Zapatoca,Santander,TERRITORIAL,754.0158288815411,baja,140,111,5820892922
2019,50606,Restrepo,Meta,TERRITORIAL,753.425532174773,baja,333,211,9952300933
2019,05088,Bello,Antioquia,NACIONAL,751.9571644833815,baja,131,67,3979903716
2019,15248,El Espino,Boyacá,TERRITORIAL,751.3491185237823,baja,276,160,8362798276
2019,54810,Tibú,Norte de Santander,TERRITORIAL,748.4275867504745,baja,423,230,41807586809
2019,17614,Riosucio,Caldas,TERRITORIAL,747.7362169768057,baja,653,461,29269171213
2019,25885,Yacopí,Cundinamarca,TERRITORIAL,746.4281184739905,baja,326,170,9046900270
2019,76670,San Pedro,Valle del Cauca,TERRITORIAL,741.9959825709669,baja,634,267,9507256556
2019,05649,San Carlos,Antioquia,TERRITORIAL,741.8605049088259,baja,435,274,28123240432
2019,05670,San Roque,Antioquia,TERRITORIAL,741.001814106333,baja,391,192,20562428676
2019,05887,Yarumal,Antioquia,TERRITORIAL,740.342185873435,baja,497,342,52538270854
2019,52210,Contadero,Nariño,TERRITORIAL,740.1822823510574,baja,948,329,8798327501
2019,95200,Miraflores,Guaviare,TERRITORIAL,738.0622489115073,baja,243,112,8374563364
2019,68524,Palmas del Socorro,Santander,TERRITORIAL,730.9625271927003,baja,125,93,3932419399
2019,68298,Gambita,Santander,TERRITORIAL,726.8777443921124,baja,137,102,8789450450
2019,50318,Guamal,Meta,TERRITORIAL,726.0099163154641,baja,518,357,36797297486
2019,25594,Quetame,Cundinamarca,TERRITORIAL,723.4896911513728,baja,179,109,2019673273
2019,05631,Sabaneta,Antioquia,TERRITORIAL,722.8408130528156,baja,3197,1692,185217495417
2019,15753,Soatá,Boyacá,TERRITORIAL,721.6271515094683,baja,341,252,15451012887
2019,25823,Topaipí,Cundinamarca,TERRITORIAL,720.8455776535166,baja,98,65,3076075408
2019,05282,Fredonia,Antioquia,TERRITORIAL,719.9161980536525,baja,975,319,19508669211
2019,95015,Calamar,Guaviare,TERRITORIAL,719.6372397308057,baja,172,96,6530676853
2019,15180,Chiscas,Boyacá,TERRITORIAL,718.8182570777375,baja,204,139,7345447875
2019,52215,Córdoba,Nariño,TERRITORIAL,718.6340416445652,baja,561,274,10870837061
2019,68572,Puente Nacional,Santander,TERRITORIAL,718.2699718728898,baja,411,277,22859506172
2019,08433,Malambo,Atlántico,TERRITORIAL,717.7047864810974,baja,442,252,33660033065
2019,20250,El Paso,Cesar,TERRITORIAL,715.7727120881118,baja,329,177,24799726971
2019,15001,Tunja,Boyacá,NACIONAL,715.206682798774,baja,624,540,63342700984
2019,05628,Sabanalarga,Antioquia,TERRITORIAL,714.525437650374,baja,271,160,5915784822
2019,05679,Santa Bárbara,Antioquia,TERRITORIAL,711.0415416394965,baja,463,316,17119897641
2019,68322,Guapotá,Santander,TERRITORIAL,704.5710905531172,baja,134,95,4119477682
2019,68385,Landázuri,Santander,TERRITORIAL,703.4552921859474,baja,421,220,19470889821
2019,25317,Guachetá,Cundinamarca,TERRITORIAL,703.0893152880313,baja,213,167,18434790827
2019,05809,Titiribí,Antioquia,TERRITORIAL,701.5645400098633,baja,242,144,11970829915
2019,05425,Maceo,Antioquia,TERRITORIAL,701.2321054955005,baja,335,174,15859363109
2019,15837,Tuta,Boyacá,TERRITORIAL,699.7754819511806,baja,245,159,13155355721
2019,76823,Toro,Valle del Cauca,TERRITORIAL,699.686972734523,baja,249,132,6358817834
2019,54398,La Playa,Norte de Santander,TERRITORIAL,699.0155824072476,baja,19,18,352383000
2019,05690,Santo Domingo,Antioquia,TERRITORIAL,698.8951083563574,baja,281,186,17829946474
2019,86571,Puerto Guzmán,Putumayo,TERRITORIAL,698.7029531365289,baja,670,242,12158283230
2019,41349,Hobo,Huila,TERRITORIAL,698.5140244469476,baja,398,205,7164619387
2019,05615,Rionegro,Antioquia,TERRITORIAL,696.9821334926613,baja,3241,1920,761107445835
2019,13657,San Juan Nepomuceno,Bolívar,TERRITORIAL,696.5520662379753,baja,470,239,12936779192
2019,44847,Uribia,La Guajira,TERRITORIAL,694.4859742065427,baja,640,410,160007926125
2019,68498,Ocamonte,Santander,TERRITORIAL,694.1263544693046,baja,148,104,4497505552
2019,97161,Caruru,Vaupés,TERRITORIAL,694.1257466248878,baja,179,98,11490727180
2019,85162,Monterrey,Casanare,TERRITORIAL,692.8704496399589,baja,325,246,21299836527
2019,25258,El Peñón,Cundinamarca,TERRITORIAL,692.4047355123299,baja,314,174,8471229453
2019,52699,Santacruz,Nariño,TERRITORIAL,691.0552483629317,baja,779,370,19880427141
2019,23182,Chinú,Córdoba,TERRITORIAL,691.0085696452493,baja,218,147,19181420849
2019,85250,Paz de Ariporo,Casanare,TERRITORIAL,690.8804085622032,baja,426,317,39716096659
2019,05038,Angostura,Antioquia,TERRITORIAL,689.713071287533,baja,486,261,14374341759
2019,25288,Fúquene,Cundinamarca,TERRITORIAL,689.0571709626462,baja,170,134,7685719375
2019,63302,Génova,Quindío,TERRITORIAL,688.3459271242355,baja,375,238,6838773028
2019,17088,Belalcázar,Caldas,TERRITORIAL,687.2184062797895,baja,292,212,10860256007
2019,41668,San Agustín,Huila,TERRITORIAL,687.1572349640754,baja,693,375,27429523744
2019,47268,El Retén,Magdalena,TERRITORIAL,686.2340025431764,baja,453,177,10804175484
2019,15667,San Luis de Gaceno,Boyacá,TERRITORIAL,684.4053312400704,baja,209,150,4876663805
2019,05045,Apartadó,Antioquia,NACIONAL,684.336336226776,baja,155,88,2825614690
2019,52520,Francisco Pizarro,Nariño,TERRITORIAL,684.2576445327257,baja,354,199,13868771811
2019,18479,Morelia,Caquetá,TERRITORIAL,682.3297852905813,baja,116,79,3247486978
2019,44035,Albania,La Guajira,TERRITORIAL,682.0744668501674,baja,298,182,55299237305
2019,73449,Melgar,Tolima,NACIONAL,679.9129430493405,baja,120,108,5334421411
2019,23675,San Bernardo del Viento,Córdoba,TERRITORIAL,679.5835567452752,baja,418,212,21133973730
2019,17174,Chinchiná,Caldas,TERRITORIAL,678.9125271913292,baja,662,428,10610801677
2019,25295,Gachancipá,Cundinamarca,TERRITORIAL,676.2764528529983,baja,475,298,20469032986
2019,41132,Campoalegre,Huila,TERRITORIAL,675.5143621715218,baja,632,348,13006445393
2019,05890,Yolombó,Antioquia,TERRITORIAL,672.870945726018,baja,2477,365,41547994261
2019,76020,Alcalá,Valle del Cauca,TERRITORIAL,671.5591447250076,baja,188,129,6970044438
2019,20570,Pueblo Bello,Cesar,TERRITORIAL,670.2850647386034,baja,562,254,20257398321
2019,05819,Toledo,Antioquia,TERRITORIAL,669.0606522030605,baja,296,165,10513514108
2019,54099,Bochalema,Norte de Santander,TERRITORIAL,667.970982180799,baja,286,142,6250796062
2019,54125,Cácota,Norte de Santander,TERRITORIAL,667.8192082571271,baja,243,120,4427918952
2019,05031,Amalfi,Antioquia,TERRITORIAL,667.3796520405548,baja,570,293,20602697203
2019,05483,Nariño,Antioquia,TERRITORIAL,665.0551174433074,baja,331,190,10661733428
2019,73352,Icononzo,Tolima,TERRITORIAL,665.0109021354248,baja,405,183,6810050516
2019,15212,Coper,Boyacá,TERRITORIAL,664.1193044965758,baja,185,127,5704291391
2019,13006,Achí,Bolívar,TERRITORIAL,663.6428437669844,baja,1256,434,12418422635
2019,15162,Cerinza,Boyacá,TERRITORIAL,662.5744499288098,baja,190,134,4633304339
2019,68307,Girón,Santander,NACIONAL,662.2403053043963,baja,79,37,2041294904
2019,47692,San Sebastián de Buenavista,Magdalena,TERRITORIAL,661.973218932111,baja,923,305,10206400883
2019,05501,Olaya,Antioquia,TERRITORIAL,661.6337411634274,baja,225,127,8938422175
2019,68669,San Andrés,Santander,TERRITORIAL,661.5948598817099,baja,251,151,7904688743
2019,70429,Majagual,Sucre,TERRITORIAL,659.0071260432453,baja,614,303,15088764641
2019,13473,Morales,Bolívar,TERRITORIAL,657.920723269618,baja,138,100,13989075166
2019,76863,Versalles,Valle del Cauca,TERRITORIAL,657.7071983079688,baja,190,129,6789218338
2019,41801,Teruel,Huila,TERRITORIAL,657.4038917411201,baja,338,216,8941878568
2019,50150,Castilla la Nueva,Meta,TERRITORIAL,657.3347743399019,baja,542,360,71205235435
2019,13468,Mompós,Bolívar,TERRITORIAL,656.6895342974301,baja,667,208,10150075142
2019,86573,Leguízamo,Putumayo,NACIONAL,653.2283682863715,baja,48,36,6133704649
2019,19473,Morales,Cauca,TERRITORIAL,652.0242811190637,baja,342,222,16955217294
2019,15183,Chita,Boyacá,TERRITORIAL,650.5390506286836,baja,130,62,6816438737
2019,25653,San Cayetano,Cundinamarca,TERRITORIAL,650.2035283562001,baja,218,96,6686965425
2019,20178,Chiriguaná,Cesar,TERRITORIAL,649.3349342522566,baja,672,455,63449022476
2019,05591,Puerto Triunfo,Antioquia,TERRITORIAL,647.2807799995219,baja,305,157,28785081377
2019,15380,La Capilla,Boyacá,TERRITORIAL,640.9626553168378,baja,183,134,4456954778
2019,05642,Salgar,Antioquia,TERRITORIAL,640.6577363315697,baja,823,291,19470878155
2019,15533,Paya,Boyacá,TERRITORIAL,640.6344835862582,baja,232,153,6647640079
2019,15632,Saboyá,Boyacá,TERRITORIAL,637.5914431591054,baja,341,259,13779198510
2019,23586,Purísima,Córdoba,TERRITORIAL,637.5504088381617,baja,416,159,6747811753
2019,41306,Gigante,Huila,TERRITORIAL,636.6730937700609,baja,647,385,24879756629
2019,41359,Isnos,Huila,TERRITORIAL,636.258486037159,baja,649,353,16302935687
2019,25019,Albán,Cundinamarca,TERRITORIAL,636.143592733674,baja,226,133,10276236257
2019,05107,Briceño,Antioquia,TERRITORIAL,634.0686392424731,baja,500,287,15233868245
2019,25845,Une,Cundinamarca,TERRITORIAL,634.0031918055876,baja,308,187,8072319994
2019,68547,Piedecuesta,Santander,TERRITORIAL,632.2620369170656,baja,2005,1116,96789144329
2019,19533,Piamonte,Cauca,TERRITORIAL,632.0472777370882,baja,186,106,11422316169
2019,50245,El Calvario,Meta,TERRITORIAL,631.6376288133514,baja,100,84,1926937831
2019,15861,Ventaquemada,Boyacá,TERRITORIAL,628.6819397903919,baja,306,229,11521454659
2019,08078,Baranoa,Atlántico,TERRITORIAL,627.5255511236646,baja,955,537,21701292737
2019,25817,Tocancipá,Cundinamarca,TERRITORIAL,627.331901706004,baja,927,838,194723415426
2019,63470,Montenegro,Quindío,NACIONAL,623.4048915409252,baja,26,22,128984270
2019,50270,El Dorado,Meta,TERRITORIAL,621.4905006706925,baja,241,155,4659205998
2019,18150,Cartagena del Chairá,Caquetá,TERRITORIAL,621.290242659213,baja,352,258,16468380791
2019,05543,Peque,Antioquia,TERRITORIAL,620.9113483458051,baja,460,282,14087688687
2019,25148,Caparrapí,Cundinamarca,TERRITORIAL,620.6126493062469,baja,282,179,8883292933
2019,99001,Puerto Carreño,Vichada,NACIONAL,618.9862314342615,baja,130,103,10569517283
2019,27099,Bojaya,Chocó,TERRITORIAL,618.8795775484233,baja,200,31,6867749299
2019,52354,Imués,Nariño,TERRITORIAL,617.251311223143,baja,43,31,180831172
2019,52287,Funes,Nariño,TERRITORIAL,616.0632161895832,baja,961,370,10335321706
2019,68235,El Carmen de Chucurí,Santander,TERRITORIAL,615.9924901168616,baja,388,272,19996636759
2019,25797,Tena,Cundinamarca,TERRITORIAL,613.4720180173488,baja,152,102,2011499454
2019,15810,Tipacoque,Boyacá,TERRITORIAL,613.4193063964268,baja,178,111,4312395040
2019,05411,Liborina,Antioquia,TERRITORIAL,612.5932119206316,baja,240,134,10646670547
2019,68250,El Peñón,Santander,TERRITORIAL,612.1964782619344,baja,404,200,8304046224
2019,50251,El Castillo,Meta,TERRITORIAL,611.7583368011484,baja,206,124,8913775930
2019,68689,San Vicente de Chucurí,Santander,TERRITORIAL,610.5375941636842,baja,354,242,27146579886
2019,76243,El Águila,Valle del Cauca,TERRITORIAL,610.0438046885074,baja,215,100,4174255314
2019,15476,Motavita,Boyacá,TERRITORIAL,609.4358592224763,baja,219,171,9468419953
2019,47675,Salamina,Magdalena,TERRITORIAL,607.3550450754814,baja,393,184,5594890310
2019,25368,Jerusalén,Cundinamarca,TERRITORIAL,605.514130988716,baja,119,64,4406000951
2019,50450,Puerto Concordia,Meta,TERRITORIAL,604.6639725780709,baja,304,207,15071876867
2019,15215,Corrales,Boyacá,TERRITORIAL,604.5746906446283,baja,171,107,3159071674
2019,18756,Solano,Caquetá,NACIONAL,600.3371879251247,baja,182,142,16278367808
2019,15325,Guayatá,Boyacá,TERRITORIAL,600.2577729081794,baja,144,97,5534717698
2019,68132,California,Santander,TERRITORIAL,598.4070518049513,baja,159,111,3367581090
2019,54109,Bucarasica,Norte de Santander,TERRITORIAL,598.278927260903,baja,164,111,5249587685
2019,68500,Oiba,Santander,TERRITORIAL,598.2702163205471,baja,236,169,10283457068
2019,19397,La Vega,Cauca,TERRITORIAL,597.1481829748568,baja,471,305,25386248912
2019,47001,Santa Marta,Magdalena,NACIONAL,596.8969828669256,baja,1284,988,102760709325
2019,05209,Concordia,Antioquia,TERRITORIAL,595.8586535264842,baja,328,237,20653386433
2019,15464,Mongua,Boyacá,TERRITORIAL,595.1571483315336,baja,300,170,5606023558
2019,05040,Anorí,Antioquia,TERRITORIAL,594.1900373737533,baja,465,279,19261832056
2019,05893,Yondó,Antioquia,TERRITORIAL,593.77412161993,baja,601,378,72350777154
2019,25645,San Antonio del Tequendama,Cundinamarca,TERRITORIAL,593.1291496358069,baja,513,255,10567791240
2019,68079,Barichara,Santander,TERRITORIAL,592.3389094858297,baja,347,201,9375011089
2019,41518,Paicol,Huila,TERRITORIAL,590.2564896421845,baja,397,217,7077235848
2019,25320,Guaduas,Cundinamarca,TERRITORIAL,589.4706420998008,baja,452,305,25555992504
2019,25862,Vergara,Cundinamarca,TERRITORIAL,587.9839015425567,baja,319,218,12976888093
2019,08560,Ponedera,Atlántico,TERRITORIAL,586.4109134329786,baja,363,168,3339804378
2019,68190,Cimitarra,Santander,TERRITORIAL,585.9384410650707,baja,578,369,36884897408
2019,25489,Nimaima,Cundinamarca,TERRITORIAL,585.8132003941867,baja,270,179,6414068591
2019,05761,Sopetrán,Antioquia,TERRITORIAL,585.3249962460288,baja,852,341,15606345453
2019,17001,Manizales,Caldas,NACIONAL,583.6672502224484,baja,4361,2446,376929278425
2019,25035,Anapoima,Cundinamarca,TERRITORIAL,583.3887920490165,baja,421,294,34856700380
2019,85400,Támara,Casanare,TERRITORIAL,582.127778137812,baja,171,131,10257020543
2019,73352,Icononzo,Tolima,NACIONAL,581.2205965150254,baja,58,32,230042202
2019,15226,Cuítiva,Boyacá,TERRITORIAL,572.9860302155425,baja,165,109,3983060337
2019,50287,Fuente de Oro,Meta,TERRITORIAL,572.9618111038357,baja,413,203,13636061175
2019,15172,Chinavita,Boyacá,TERRITORIAL,571.9907190275255,baja,142,95,4117905748
2019,47555,Plato,Magdalena,TERRITORIAL,570.5296717730859,baja,1441,410,17624489043
2019,15621,Rondón,Boyacá,TERRITORIAL,568.4416636613965,baja,225,154,3619338998
2019,25785,Tabio,Cundinamarca,TERRITORIAL,568.274075167819,baja,830,589,23858736103
2019,68861,Vélez,Santander,TERRITORIAL,567.1339726597918,baja,466,292,27080780400
2019,68755,Socorro,Santander,TERRITORIAL,565.8320390456053,baja,541,351,42476089696
2019,70221,Coveñas,Sucre,TERRITORIAL,565.5968672578157,baja,359,194,27835954501
2019,15087,Belén,Boyacá,TERRITORIAL,565.3430977409558,baja,173,141,6125102051
2019,05004,Abriaquí,Antioquia,TERRITORIAL,564.324731005741,baja,167,82,4103154118
2019,54344,Hacarí,Norte de Santander,TERRITORIAL,562.7337327919695,baja,177,112,9264487832
2019,25506,Venecia,Cundinamarca,TERRITORIAL,562.5560420515164,baja,148,104,3442913942
2019,15720,Sativanorte,Boyacá,TERRITORIAL,562.1374100174148,baja,225,79,3173708119
2019,81065,Arauquita,Arauca,TERRITORIAL,561.759725191648,baja,421,272,49862135922
2019,23079,Buenavista,Córdoba,TERRITORIAL,561.5189342965572,baja,475,205,24255121550
2019,13654,San Jacinto,Bolívar,TERRITORIAL,561.2442265347108,baja,273,151,9404978392
2019,17877,Viterbo,Caldas,TERRITORIAL,558.9298402164856,baja,487,325,10236120599
2019,15820,Tópaga,Boyacá,TERRITORIAL,558.446158370343,baja,156,106,4564395582
2019,23068,Ayapel,Córdoba,TERRITORIAL,557.8917292143178,baja,408,243,30403568866
2019,15542,Pesca,Boyacá,TERRITORIAL,557.8173272535619,baja,288,183,6375003226
2019,15293,Gachantivá,Boyacá,TERRITORIAL,555.8224973262759,baja,193,125,7277104913
2019,25718,Sasaima,Cundinamarca,TERRITORIAL,555.1836448830874,baja,245,150,7354756150
2019,41001,Neiva,Huila,NACIONAL,555.0533566961655,baja,862,666,461610862081
2019,52585,Pupiales,Nariño,TERRITORIAL,554.0219529471085,baja,881,436,13422878246
2019,73024,Alpujarra,Tolima,TERRITORIAL,553.1559450326515,baja,239,137,3912234827
2019,73520,Palocabildo,Tolima,TERRITORIAL,551.948159111812,baja,376,205,11234824425
2019,41016,Aipe,Huila,TERRITORIAL,551.4424400193823,baja,990,402,16046131755
2019,68773,Sucre,Santander,TERRITORIAL,551.4044939976307,baja,267,160,8015390086
2019,15189,Ciénega,Boyacá,TERRITORIAL,549.9236463275982,baja,196,139,4586257849
2019,25745,Simijaca,Cundinamarca,TERRITORIAL,549.8372780768115,baja,217,170,10091783834
2019,23570,Pueblo Nuevo,Córdoba,TERRITORIAL,549.8275141193526,baja,569,310,42816524000
2019,68533,Páramo,Santander,TERRITORIAL,549.199076479039,baja,221,157,6302319782
2019,54820,Toledo,Norte de Santander,TERRITORIAL,548.1420505390672,baja,368,258,14362271648
2019,47545,Pijiño del Carmen,Magdalena,TERRITORIAL,547.5223926944518,baja,496,252,9423803249
2019,68229,Curití,Santander,TERRITORIAL,547.2105216722831,baja,210,147,7179066663
2019,05665,San Pedro de Uraba,Antioquia,TERRITORIAL,543.6978353664142,baja,753,349,51811644271
2019,05172,Chigorodó,Antioquia,TERRITORIAL,541.4610548030255,baja,336,245,29340713807
2019,05284,Frontino,Antioquia,TERRITORIAL,539.6388444215752,baja,346,213,24203169218
2019,25200,Cogua,Cundinamarca,TERRITORIAL,537.9143092995264,baja,122,100,11527037016
2019,73268,Espinal,Tolima,NACIONAL,537.8984818347831,baja,55,40,829179559
2019,66456,Mistrató,Risaralda,TERRITORIAL,537.504767150381,baja,374,232,17645639167
2019,50325,Mapiripán,Meta,TERRITORIAL,536.8364710792096,baja,202,134,9012270569
2019,68179,Chipatá,Santander,TERRITORIAL,535.5602922001698,baja,227,161,6458290673
2019,15600,Ráquira,Boyacá,TERRITORIAL,535.1189582269088,baja,252,158,8763720092
2019,52473,Mosquera,Nariño,TERRITORIAL,535.0074760765046,baja,328,137,9587925560
2019,15218,Covarachía,Boyacá,TERRITORIAL,534.7952738576322,baja,191,113,6258711875
2019,68686,San Miguel,Santander,TERRITORIAL,533.2491133907479,baja,214,145,6555141490
2019,18094,Belén de los Andaquies,Caquetá,TERRITORIAL,533.0582331718294,baja,572,276,16764637367
2019,17442,Marmato,Caldas,TERRITORIAL,532.2617221291994,baja,497,204,8089155077
2019,05364,Jardín,Antioquia,TERRITORIAL,531.034600456556,baja,1005,308,9261889846
2019,23855,Valencia,Córdoba,TERRITORIAL,530.1883831146702,baja,228,152,20734146655
2019,76616,Riofrío,Valle del Cauca,TERRITORIAL,529.2291921671235,baja,355,271,8519481790
2019,15757,Socha,Boyacá,TERRITORIAL,528.5746433874579,baja,270,185,5448583937
2019,70702,San Juan de Betulia,Sucre,TERRITORIAL,526.6965405587592,baja,166,119,7038960056
2019,54498,Ocaña,Norte de Santander,TERRITORIAL,526.6503941240826,baja,1994,904,112450896797
2019,44560,Manaure,La Guajira,TERRITORIAL,525.9777052777147,baja,309,201,107631167495
2019,23162,Cereté,Córdoba,TERRITORIAL,525.8321140430329,baja,1600,621,43468579081
2019,15403,La Uvita,Boyacá,TERRITORIAL,524.4210909981488,baja,287,155,6284101309
2019,05266,Envigado,Antioquia,TERRITORIAL,523.9131842142122,baja,1629,1279,150488136226
2019,70523,Palmito,Sucre,TERRITORIAL,523.7305994386264,baja,203,139,9878996920
2019,13222,Clemencia,Bolívar,TERRITORIAL,523.5480607134806,baja,286,147,8375827565
2019,68522,Palmar,Santander,TERRITORIAL,522.4618621336762,baja,168,125,4756562989
2019,73124,Cajamarca,Tolima,TERRITORIAL,520.8721705739839,baja,766,389,24201554673
2019,15820,Tópaga,Boyacá,NACIONAL,519.9141966956812,baja,57,33,237921338
2019,15494,Nuevo Colón,Boyacá,TERRITORIAL,519.5295153093591,baja,237,151,6883214095
2019,76036,Andalucía,Valle del Cauca,TERRITORIAL,518.8954731173449,baja,507,272,13413419059
2019,25339,Gutiérrez,Cundinamarca,TERRITORIAL,518.8927009046512,baja,197,108,3400007093
2019,68013,Aguada,Santander,TERRITORIAL,517.2244949044943,baja,149,93,1483842659
2019,41078,Baraya,Huila,TERRITORIAL,516.8994741104102,baja,417,230,14953239634
2019,41319,Guadalupe,Huila,TERRITORIAL,516.5625066140528,baja,310,207,14382164179
2019,41001,Neiva,Huila,NO_DEFINIDO,516.2672216669371,baja,191,139,2456754065
2019,52786,Taminango,Nariño,TERRITORIAL,515.9826496803418,baja,905,392,12354457526
2019,41676,Santa María,Huila,TERRITORIAL,515.6174642849304,baja,212,139,2743372748
2019,19355,Inzá,Cauca,TERRITORIAL,515.6071982666379,baja,228,156,11532946158
2019,25486,Nemocón,Cundinamarca,TERRITORIAL,515.2320007932783,baja,492,315,21461655166
2019,73461,Murillo,Tolima,TERRITORIAL,512.532590553762,baja,174,129,2537157524
2019,05045,Apartadó,Antioquia,TERRITORIAL,511.6807582342401,baja,796,602,167915559911
2019,66400,La Virginia,Risaralda,TERRITORIAL,511.067003407543,baja,723,493,45989729383
2019,68320,Guadalupe,Santander,TERRITORIAL,511.0653063530021,baja,191,129,5217736948
2019,05086,Belmira,Antioquia,TERRITORIAL,510.83636872055956,baja,262,199,16176852016
2019,66088,Belén de Umbría,Risaralda,TERRITORIAL,510.8001662075369,baja,588,365,30959692765
2019,15109,Buenavista,Boyacá,TERRITORIAL,509.6636202760287,baja,226,133,7258837123
2019,15455,Miraflores,Boyacá,TERRITORIAL,506.7743076116201,baja,428,268,15585059064
2019,76895,Zarzal,Valle del Cauca,TERRITORIAL,506.2607516157037,baja,610,321,29626812846
2019,15516,Paipa,Boyacá,TERRITORIAL,505.2126810000087,baja,720,583,26113584878
2019,15368,Jericó,Boyacá,TERRITORIAL,504.884063031681,baja,244,162,7431574062
2019,76563,Pradera,Valle del Cauca,TERRITORIAL,504.8827209769313,baja,463,333,10896856082
2019,05120,Cáceres,Antioquia,TERRITORIAL,502.12038504957985,baja,260,182,20733227773
2019,68468,Molagavita,Santander,TERRITORIAL,501.2186089540428,baja,216,144,5543654111
2019,17446,Marulanda,Caldas,TERRITORIAL,501.20699733166657,baja,51,46,370100942
2019,86755,San Francisco,Putumayo,TERRITORIAL,501.07176346282074,baja,276,140,3431138805
2019,68264,Encino,Santander,TERRITORIAL,498.4954636230332,baja,177,112,4838367859
2019,05234,Dabeiba,Antioquia,TERRITORIAL,497.1101753138138,baja,764,307,32505235344
2019,25772,Suesca,Cundinamarca,TERRITORIAL,496.5257119001553,baja,429,293,9487559356
2019,52683,Sandoná,Nariño,TERRITORIAL,495.9653938723514,baja,521,239,10295292819
2019,05315,Guadalupe,Antioquia,TERRITORIAL,495.1831279881483,baja,218,125,13629482326
2019,20001,Valledupar,Cesar,NO_DEFINIDO,495.0162887137585,baja,147,86,378716520
2019,76246,El Cairo,Valle del Cauca,TERRITORIAL,494.5110196958919,baja,279,167,5587302658
2019,05042,Santafé de Antioquia,Antioquia,TERRITORIAL,494.371566778395,baja,656,469,36008166260
2019,76364,Jamundí,Valle del Cauca,TERRITORIAL,494.14454867978577,baja,1647,1169,71437083892
2019,15897,Zetaquira,Boyacá,TERRITORIAL,491.453611174148,baja,228,167,6796550810
2019,19142,Caloto,Cauca,TERRITORIAL,491.0224144005018,baja,633,350,29475207691
2019,15763,Sotaquirá,Boyacá,TERRITORIAL,490.0071371197731,baja,287,202,5376971968
2019,05059,Armenia,Antioquia,TERRITORIAL,489.68766590117883,baja,298,187,9212685614
2019,25307,Girardot,Cundinamarca,TERRITORIAL,489.57328627153095,baja,1503,1123,85506988135
2019,41006,Acevedo,Huila,TERRITORIAL,488.13460680143845,baja,676,324,21190119401
2019,76113,Bugalagrande,Valle del Cauca,TERRITORIAL,487.96827292189545,baja,714,465,23893984018
2019,23807,Tierralta,Córdoba,TERRITORIAL,487.4830707395576,baja,281,173,47464515632
2019,13001,Cartagena,Bolívar,NACIONAL,487.42155717085797,baja,1923,1549,264453306253
2019,70473,Morroa,Sucre,TERRITORIAL,487.1168698568213,baja,550,257,7591198712
2019,70400,La Unión,Sucre,TERRITORIAL,486.5686577366853,baja,199,132,11368848714
2019,54871,Villa Caro,Norte de Santander,TERRITORIAL,486.47996481460297,baja,179,119,6484368117
2019,23580,Puerto Libertador,Córdoba,TERRITORIAL,486.0410053622749,baja,246,164,25454567696
2019,11001,Bogotá D.C.,Bogotá,TERRITORIAL,485.485746721658,baja,81245,56620,13045539179402
2019,70001,Sincelejo,Sucre,NACIONAL,484.64998143823834,baja,249,207,8422493919
2019,05250,El Bagre,Antioquia,TERRITORIAL,484.1584128318367,baja,405,240,20952559415
2019,25099,Bojacá,Cundinamarca,TERRITORIAL,479.44514666523395,baja,232,205,11621797011
2019,15224,Cucaita,Boyacá,TERRITORIAL,478.9559798604538,baja,239,187,6802622397
2019,15774,Susacón,Boyacá,TERRITORIAL,478.51180443043194,baja,132,105,2235797228
2019,05490,Necoclí,Antioquia,TERRITORIAL,476.63452768707975,baja,1426,316,43850478355
2019,15187,Chivatá,Boyacá,TERRITORIAL,475.76029292763593,baja,252,146,6489172646
2019,19212,Corinto,Cauca,TERRITORIAL,474.54321487865434,baja,288,185,9136912600
2019,05237,Don Matías,Antioquia,TERRITORIAL,473.91785215226565,baja,374,244,26625485703
2019,47798,Tenerife,Magdalena,TERRITORIAL,469.35680641975205,baja,341,118,1699067991
2019,66572,Pueblo Rico,Risaralda,TERRITORIAL,469.2887298609046,baja,287,204,11462990711
2019,41357,Iquira,Huila,TERRITORIAL,469.12889994744404,baja,425,216,4425865952
2019,73408,Lérida,Tolima,TERRITORIAL,468.94328521405663,baja,968,478,20219617230
2019,19743,Silvia,Cauca,TERRITORIAL,468.9284191478608,baja,334,181,12764569934
2019,85225,Nunchía,Casanare,TERRITORIAL,468.6353727326859,baja,236,141,12547693435
2019,05360,Itagui,Antioquia,TERRITORIAL,467.14504251762537,baja,6080,1144,266114917079
2019,15092,Betéitiva,Boyacá,TERRITORIAL,464.56691539302284,baja,156,108,5475086436
2019,66682,Santa Rosa de Cabal,Risaralda,NO_DEFINIDO,464.3019871717681,baja,105,68,138952904
2019,25596,Quipile,Cundinamarca,TERRITORIAL,464.144249475597,baja,180,135,5783393404
2019,54377,Labateca,Norte de Santander,TERRITORIAL,463.7575324970995,baja,155,102,5199774729
2019,15806,Tibasosa,Boyacá,TERRITORIAL,463.7110511846781,baja,395,263,14631494984
2019,05756,Sonson,Antioquia,TERRITORIAL,463.5586535201415,baja,2838,752,54880238428
2019,52079,Barbacoas,Nariño,TERRITORIAL,462.0741731358178,baja,807,490,33974054091
2019,41378,La Argentina,Huila,TERRITORIAL,461.88372686583955,baja,330,179,7319505842
2019,68377,La Belleza,Santander,TERRITORIAL,461.6192496574238,baja,233,167,11636810254
2019,70708,San Marcos,Sucre,NACIONAL,460.9475436591262,baja,38,35,514591378
2019,54128,Cachirá,Norte de Santander,TERRITORIAL,459.09780005706824,baja,252,128,7408773893
2019,25398,La Peña,Cundinamarca,TERRITORIAL,456.780301196877,baja,259,160,8788956398
2019,05308,Girardota,Antioquia,TERRITORIAL,455.91010451411205,baja,1118,686,53139807882
2019,68266,Enciso,Santander,TERRITORIAL,455.571788256364,baja,198,128,7032536724
2019,25312,Granada,Cundinamarca,TERRITORIAL,455.33152667030237,baja,245,152,8751854279
2019,05842,Uramita,Antioquia,TERRITORIAL,454.59077621698145,baja,275,118,1881508317
2019,25518,Paime,Cundinamarca,TERRITORIAL,454.172669454714,baja,269,155,10058836955
2019,19513,Padilla,Cauca,TERRITORIAL,451.9967894718542,baja,130,82,1331007553
2019,05001,Medellín,Antioquia,OTRO,449.0145466907593,baja,117,102,23301085037
2019,76834,Tuluá,Valle del Cauca,NO_DEFINIDO,448.46846433670487,baja,842,211,1242493452
2019,47189,Ciénaga,Magdalena,TERRITORIAL,447.83069827290683,baja,2868,947,99082262878
2019,97666,Taraira,Vaupés,TERRITORIAL,447.5254108379075,baja,158,77,5174014985
2019,47318,Guamal,Magdalena,TERRITORIAL,447.1171993312168,baja,538,291,14242255535
2019,15491,Nobsa,Boyacá,TERRITORIAL,446.894719782038,baja,569,379,27993804624
2019,25599,Apulo,Cundinamarca,TERRITORIAL,446.6294785326797,baja,404,234,9792252312
2019,52356,Ipiales,Nariño,NACIONAL,444.3626834984069,baja,59,45,224218301
2019,13688,Santa Rosa del Sur,Bolívar,TERRITORIAL,443.09216809411464,baja,542,317,22943366675
2019,47570,Puebloviejo,Magdalena,TERRITORIAL,443.0491585632006,baja,622,274,5886593257
2019,25290,Fusagasugá,Cundinamarca,NACIONAL,442.3554496567716,baja,117,88,2131008294
2019,25178,Chipaque,Cundinamarca,TERRITORIAL,442.0230775792444,baja,266,177,11309756777
2019,15676,San Miguel de Sema,Boyacá,TERRITORIAL,441.24586762075495,baja,162,118,4261405039
2019,66594,Quinchía,Risaralda,TERRITORIAL,441.20201137771255,baja,738,364,13392403257
2019,05615,Rionegro,Antioquia,NACIONAL,440.7121311163645,baja,78,65,4390198168
2019,66687,Santuario,Risaralda,TERRITORIAL,439.73184126816363,baja,462,257,12262123055
2019,18756,Solano,Caquetá,TERRITORIAL,439.5189476243721,baja,402,185,14660934228
2019,68217,Coromoro,Santander,TERRITORIAL,438.0783791195781,baja,263,178,7353867430
2019,54520,Pamplonita,Norte de Santander,TERRITORIAL,437.93219162843826,baja,235,97,4964205821
2019,68167,Charalá,Santander,TERRITORIAL,437.8587181688545,baja,248,158,9888497251
2019,08001,Barranquilla,Atlántico,NO_DEFINIDO,436.2463194773035,baja,100,85,3309723494
2019,05310,Gómez Plata,Antioquia,TERRITORIAL,434.35970995796515,baja,560,275,13073070618
2019,13673,Santa Catalina,Bolívar,NACIONAL,432.89170302096016,baja,76,35,272015000
2019,52250,El Charco,Nariño,TERRITORIAL,432.0715007700568,baja,269,193,4966308658
2019,73483,Natagaima,Tolima,TERRITORIAL,430.81775811260604,baja,294,205,5740163821
2019,68855,Valle de San José,Santander,TERRITORIAL,430.7669993247417,baja,239,134,6245105482
2019,70771,Sucre,Sucre,NACIONAL,429.7299479003052,baja,73,49,215593668
2019,52203,Colón,Nariño,TERRITORIAL,428.87550977134816,baja,741,276,49584556322
2019,68780,Suratá,Santander,TERRITORIAL,428.8635233150803,baja,288,162,5108400178
2019,15599,Ramiriquí,Boyacá,TERRITORIAL,427.2897363873402,baja,400,267,14703727143
2019,05861,Venecia,Antioquia,TERRITORIAL,423.4303768114259,baja,843,309,18557206847
2019,68820,Tona,Santander,TERRITORIAL,422.76056064463336,baja,283,174,7799213696
2019,76122,Caicedonia,Valle del Cauca,TERRITORIAL,421.9814813171657,baja,569,309,17963369564
2019,17433,Manzanares,Caldas,TERRITORIAL,421.31959167903835,baja,1069,361,13081564182
2019,20710,San Alberto,Cesar,TERRITORIAL,419.42038849885324,baja,350,205,6582782764
2019,05697,El Santuario,Antioquia,TERRITORIAL,416.09646035885976,baja,578,387,20185398191
2019,73030,Ambalema,Tolima,NACIONAL,416.019119870426,baja,99,56,645067686
2019,15507,Otanche,Boyacá,TERRITORIAL,414.767322731028,baja,361,179,13034057467
2019,05579,Puerto Berrío,Antioquia,TERRITORIAL,414.0124776417824,baja,601,350,33939609248
2019,18001,Florencia,Caquetá,TERRITORIAL,413.8869332381571,baja,3539,1808,283844284877
2019,15407,Villa de Leyva,Boyacá,TERRITORIAL,411.9344126826618,baja,434,341,23440013622
2019,25040,Anolaima,Cundinamarca,TERRITORIAL,411.6158525936181,baja,482,260,7242870626
2019,54874,Villa del Rosario,Norte de Santander,TERRITORIAL,411.58765829539806,baja,1481,704,50320741315
2019,76736,Sevilla,Valle del Cauca,TERRITORIAL,410.5932029899622,baja,670,359,20577776437
2019,25662,San Juan de Río Seco,Cundinamarca,TERRITORIAL,408.2372729773794,baja,527,294,8902597317
2019,25743,Silvania,Cundinamarca,TERRITORIAL,405.8325848363636,baja,1017,446,16918421133
2019,27250,El Litoral del San Juan,Chocó,TERRITORIAL,405.2210430691414,baja,270,117,5686603330
2019,23001,Montería,Córdoba,NACIONAL,404.3594256479193,baja,509,364,104253255660
2019,25572,Puerto Salgar,Cundinamarca,TERRITORIAL,404.1762880251566,baja,326,228,9850780353
2019,25286,Funza,Cundinamarca,TERRITORIAL,403.3854315519347,baja,970,848,114966371173
2019,05148,El Carmen de Viboral,Antioquia,TERRITORIAL,400.7486145209474,baja,482,345,40165783269
2019,25530,Paratebueno,Cundinamarca,TERRITORIAL,400.6925242756725,baja,296,206,14230917343
2019,97001,Mitú,Vaupés,TERRITORIAL,400.44780364951987,baja,1331,916,208495937199
2019,27372,Juradó,Chocó,TERRITORIAL,400.44152983516494,baja,50,34,1023099106
2019,52835,San Andrés de Tumaco,Nariño,TERRITORIAL,400.18704379547745,baja,2654,1070,103162287744
2019,15131,Caldas,Boyacá,TERRITORIAL,400.0812579677772,baja,139,116,4536342667
2019,25214,Cota,Cundinamarca,TERRITORIAL,398.6735390678008,baja,1279,1123,113413398672
2019,63130,Calarca,Quindío,TERRITORIAL,397.90787714346015,baja,1857,880,28817273214
2019,19821,Toribio,Cauca,TERRITORIAL,397.7569185672172,baja,388,247,19134015501
2019,54223,Cucutilla,Norte de Santander,TERRITORIAL,395.9605888316837,baja,401,225,6711890137
2019,52573,Puerres,Nariño,TERRITORIAL,395.51351614016227,baja,807,330,10063249235
2019,73624,Rovira,Tolima,TERRITORIAL,395.0790836055757,baja,845,359,18951838525
2019,73585,Purificación,Tolima,TERRITORIAL,394.9566518913175,baja,1717,624,38927130969
2019,18029,Albania,Caquetá,TERRITORIAL,394.68398679325446,baja,149,93,3909268362
2019,41799,Tello,Huila,TERRITORIAL,392.03807832711567,baja,452,268,13111493394
2019,85010,Aguazul,Casanare,TERRITORIAL,391.5331234364569,baja,1390,745,97718620143
2019,68397,La Paz,Santander,TERRITORIAL,391.4372090375612,baja,201,132,5579010868
2019,15690,Santa María,Boyacá,TERRITORIAL,391.09470207436783,baja,197,152,7997072621
2019,68344,Hato,Santander,TERRITORIAL,391.03933152198204,baja,129,89,3139524779
2019,15176,Chiquinquirá,Boyacá,TERRITORIAL,390.36017365618966,baja,1088,703,65953137899
2019,86001,Mocoa,Putumayo,NACIONAL,390.22444809265704,baja,158,152,4553832515
2019,19845,Villa Rica,Cauca,TERRITORIAL,389.8635608400591,baja,141,82,3133884911
2019,47745,Sitionuevo,Magdalena,TERRITORIAL,389.810517832826,baja,1118,506,13804521758
2019,15580,Quípama,Boyacá,TERRITORIAL,389.1730670860683,baja,266,178,8339184644
2019,76248,El Cerrito,Valle del Cauca,TERRITORIAL,387.4064809486428,baja,210,150,15296984037
2019,25430,Madrid,Cundinamarca,TERRITORIAL,385.54315466500054,baja,1262,1060,104891086151
2019,52022,Aldana,Nariño,TERRITORIAL,384.7851676709345,baja,558,271,8126259413
2019,41530,Palestina,Huila,TERRITORIAL,383.61215244376467,baja,667,306,12330857439
2019,76147,Cartago,Valle del Cauca,TERRITORIAL,381.4838788873416,baja,1202,630,66459180010
2019,25793,Tausa,Cundinamarca,TERRITORIAL,380.2681562386118,baja,271,201,6461712481
2019,19130,Cajibío,Cauca,TERRITORIAL,380.2507163144488,baja,318,199,13563143055
2019,94001,Inírida,Guainía,TERRITORIAL,378.9951080790106,baja,1343,944,171438200374
2019,05145,Caramanta,Antioquia,TERRITORIAL,378.1494534468756,baja,350,166,4229579186
2019,25126,Cajicá,Cundinamarca,TERRITORIAL,377.4872032528311,baja,1324,1081,94004416138
2019,05495,Nechí,Antioquia,TERRITORIAL,376.17827238166086,baja,249,187,10742067514
2019,15332,Güicán,Boyacá,TERRITORIAL,375.1447265267904,baja,323,155,9008515189
2019,05376,La Ceja,Antioquia,TERRITORIAL,375.09807823669007,baja,1350,597,50943747636
2019,73504,Ortega,Tolima,TERRITORIAL,374.812598109941,baja,646,310,22387114877
2019,15839,Tutazá,Boyacá,TERRITORIAL,373.8076773420226,baja,147,92,4280647455
2019,25320,Guaduas,Cundinamarca,NACIONAL,372.98673824186045,baja,329,161,7380141049
2019,15550,Pisba,Boyacá,TERRITORIAL,372.29623760064703,baja,187,117,4868484973
2019,15804,Tibaná,Boyacá,TERRITORIAL,371.46827129971,baja,298,197,6966219026
2019,73449,Melgar,Tolima,TERRITORIAL,370.13145930967033,baja,1778,793,53868782441
2019,68211,Contratación,Santander,NACIONAL,370.07388446036884,baja,107,86,1447224494
2019,50683,San Juan de Arama,Meta,TERRITORIAL,369.8449353752432,baja,215,110,3455579367
2019,18205,Curillo,Caquetá,TERRITORIAL,369.4278925603141,baja,197,129,6386744923
2019,25736,Sesquilé,Cundinamarca,TERRITORIAL,367.15707425657405,baja,881,453,21242183633
2019,23417,Lorica,Córdoba,TERRITORIAL,366.9842417700624,baja,1447,878,95260465767
2019,52885,Yacuanquer,Nariño,TERRITORIAL,365.2899161183798,baja,615,353,6984154291
2019,41298,Garzón,Huila,TERRITORIAL,364.06645959838096,baja,1439,738,39315593586
2019,68271,Florián,Santander,TERRITORIAL,363.5922678885512,baja,292,191,12298620508
2019,18001,Florencia,Caquetá,NACIONAL,360.75001560459356,baja,319,258,19057346995
2019,99524,La Primavera,Vichada,TERRITORIAL,360.6317638438258,baja,382,207,12416313195
2019,05030,Amagá,Antioquia,TERRITORIAL,360.2516955297869,baja,427,266,14964272625
2019,18247,El Doncello,Caquetá,TERRITORIAL,358.7061877654022,baja,768,386,27041292348
2019,08436,Manatí,Atlántico,TERRITORIAL,356.857614018792,baja,233,106,1841274927
2019,20400,La Jagua de Ibirico,Cesar,TERRITORIAL,356.19458956020935,baja,786,531,171912151958
2019,50689,San Martín,Meta,TERRITORIAL,354.6931895867128,baja,396,317,22981000453
2019,41615,Rivera,Huila,TERRITORIAL,351.6544664420029,baja,482,351,12077556909
2019,66001,Pereira,Risaralda,NACIONAL,350.20765243513773,baja,385,321,29244997102
2019,05792,Tarso,Antioquia,TERRITORIAL,349.1568240436639,baja,420,216,8408632871
2019,41206,Colombia,Huila,TERRITORIAL,347.38746170187835,baja,244,167,3858019190
2019,15759,Sogamoso,Boyacá,TERRITORIAL,347.22947097520085,baja,2496,1427,121899415928
2019,76606,Restrepo,Valle del Cauca,TERRITORIAL,347.0228653068343,baja,388,240,5761914267
2019,52256,El Rosario,Nariño,TERRITORIAL,345.6124766400448,baja,761,343,10241454304
2019,50573,Puerto López,Meta,TERRITORIAL,342.6046343084881,baja,912,515,48336441075
2019,18410,La Montañita,Caquetá,TERRITORIAL,340.52551131500013,baja,291,173,10174878167
2019,76001,Cali,Valle del Cauca,NACIONAL,338.6000788169854,baja,2036,1688,276277150812
2019,68432,Málaga,Santander,NACIONAL,338.52959254373184,baja,34,34,980904154
2019,17495,Norcasia,Caldas,TERRITORIAL,338.24177330313853,baja,486,207,4934866675
2019,68101,Bolívar,Santander,TERRITORIAL,335.95315230738805,baja,184,142,7501684319
2019,99001,Puerto Carreño,Vichada,TERRITORIAL,335.45203080717334,baja,2075,1000,130442640878
2019,76828,Trujillo,Valle del Cauca,TERRITORIAL,335.384815318275,baja,352,255,10800615340
2019,18753,San Vicente del Caguán,Caquetá,TERRITORIAL,334.6779370210845,baja,397,257,28459408396
2019,05093,Betulia,Antioquia,TERRITORIAL,333.8321870032681,baja,447,271,10675328489
2019,68872,Villanueva,Santander,TERRITORIAL,333.5472231917404,baja,312,213,8813569561
2019,44430,Maicao,La Guajira,TERRITORIAL,332.78854353944257,baja,1987,1041,76604773546
2019,20517,Pailitas,Cesar,TERRITORIAL,332.2722172800916,baja,255,173,4399243873
2019,68318,Guaca,Santander,TERRITORIAL,331.3620766738537,baja,191,150,4641772574
2019,19824,Totoró,Cauca,TERRITORIAL,331.23882605593525,baja,292,219,19328685437
2019,73349,Honda,Tolima,TERRITORIAL,330.65553866293686,baja,801,473,25543074213
2019,52480,Nariño,Nariño,TERRITORIAL,330.4131833464744,baja,531,260,5160226718
2019,17665,San José,Caldas,TERRITORIAL,326.70355068733187,baja,322,196,5859460258
2019,73854,Valle de San Juan,Tolima,TERRITORIAL,326.5058753939632,baja,316,158,5635847343
2019,17541,Pensilvania,Caldas,NACIONAL,323.81622508215094,baja,155,102,1190142979
2019,54680,Santiago,Norte de Santander,TERRITORIAL,322.9207077625055,baja,306,123,3910387613
2019,19622,Rosas,Cauca,TERRITORIAL,322.15547090963264,baja,589,281,10804360289
2019,25491,Nocaima,Cundinamarca,TERRITORIAL,321.40893972375574,baja,263,181,6543428902
2019,05101,Ciudad Bolívar,Antioquia,TERRITORIAL,320.5387106382462,baja,519,323,30753139358
2019,54003,Abrego,Norte de Santander,TERRITORIAL,320.3124879133968,baja,1342,378,14901608346
2019,15518,Pajarito,Boyacá,TERRITORIAL,320.2760751757358,baja,131,92,2765087535
2019,52354,Imués,Nariño,NACIONAL,319.7590685203691,baja,429,214,4142846059
2019,25183,Chocontá,Cundinamarca,TERRITORIAL,319.2311849677688,baja,896,660,26783610728
2019,05659,San Juan de Urabá,Antioquia,NACIONAL,319.0666948398404,baja,128,87,2007108275
2019,25245,El Colegio,Cundinamarca,TERRITORIAL,318.7202264958209,baja,515,324,6191143437
2019,76275,Florida,Valle del Cauca,TERRITORIAL,317.4748205449622,baja,840,572,25360873443
2019,76109,Buenaventura,Valle del Cauca,NACIONAL,317.0820818759641,baja,371,225,18153214840
2019,25436,Manta,Cundinamarca,TERRITORIAL,316.9715957593277,baja,179,108,3056105696
2019,05318,Guarne,Antioquia,TERRITORIAL,316.11174945897534,baja,718,505,56999958568
2019,25154,Carmen de Carupa,Cundinamarca,TERRITORIAL,315.52056441385565,baja,357,260,9663479422
2019,17653,Salamina,Caldas,TERRITORIAL,315.40617252806544,baja,277,200,3585504459
2019,73770,Suárez,Tolima,TERRITORIAL,314.7829824758522,baja,247,125,3356332673
2019,25299,Gama,Cundinamarca,TERRITORIAL,314.11113024623893,baja,173,127,8022412212
2019,68770,Suaita,Santander,TERRITORIAL,314.0081184461101,baja,317,196,7250137723
2019,20787,Tamalameque,Cesar,TERRITORIAL,313.1158693211699,baja,275,181,6793480562
2019,15135,Campohermoso,Boyacá,TERRITORIAL,311.71269291882084,baja,293,118,6696381431
2019,52540,Policarpa,Nariño,TERRITORIAL,310.8770340928417,baja,710,314,9630748382
2019,73870,Villahermosa,Tolima,TERRITORIAL,309.0460497696451,baja,309,154,4024578843
2019,25438,Medina,Cundinamarca,TERRITORIAL,309.03402980256794,baja,671,318,10801185642
2019,15816,Togüí,Boyacá,TERRITORIAL,307.81316993802443,baja,250,169,4370236845
2019,05686,Santa Rosa de Osos,Antioquia,TERRITORIAL,304.955936219542,baja,454,262,24142210440
2019,76892,Yumbo,Valle del Cauca,TERRITORIAL,304.0486077051744,baja,3961,2973,205414824210
2019,15761,Somondoco,Boyacá,TERRITORIAL,301.7563308062174,baja,281,173,5727829033
2019,25269,Facatativá,Cundinamarca,TERRITORIAL,298.24947310722445,baja,2407,1240,98059065232
2019,17380,La Dorada,Caldas,TERRITORIAL,295.6481812521844,baja,2174,983,64413309422
2019,68406,Lebríja,Santander,TERRITORIAL,295.53121359829385,baja,1061,555,31451585050
2019,25871,Villagómez,Cundinamarca,TERRITORIAL,294.9077919344447,baja,202,137,3958059936
2019,15051,Arcabuco,Boyacá,TERRITORIAL,294.83687820281443,baja,214,157,3716031460
2019,54599,Ragonvalia,Norte de Santander,TERRITORIAL,290.2667020261603,baja,231,130,6004066945
2019,47245,El Banco,Magdalena,TERRITORIAL,288.0685984453048,baja,3305,741,29730984538
2019,76306,Ginebra,Valle del Cauca,TERRITORIAL,288.0169684669603,baja,554,304,10382974318
2019,05440,Marinilla,Antioquia,TERRITORIAL,287.1988502823614,baja,725,571,41660493807
2019,23466,Montelíbano,Córdoba,TERRITORIAL,286.7634256618044,baja,471,291,62673648187
2019,95001,San José del Guaviare,Guaviare,TERRITORIAL,286.33205867628544,baja,3810,2124,265396896646
2019,25769,Subachoque,Cundinamarca,TERRITORIAL,285.40079260471634,baja,234,193,10733749182
2019,52560,Potosí,Nariño,TERRITORIAL,283.4522084919578,baja,1028,366,8591714032
2019,05475,Murindó,Antioquia,TERRITORIAL,282.5205459281859,baja,339,185,8153209329
2019,73152,Casabianca,Tolima,TERRITORIAL,281.92770422540735,baja,323,212,5964105724
2019,17444,Marquetalia,Caldas,TERRITORIAL,281.5904665217657,baja,475,303,7246604760
2019,05036,Angelópolis,Antioquia,TERRITORIAL,280.49047386159134,baja,190,149,3650607161
2019,73861,Venadillo,Tolima,TERRITORIAL,278.0149562546546,baja,174,106,1081500978
2019,05212,Copacabana,Antioquia,TERRITORIAL,277.00556649336403,baja,976,683,39696509509
2019,85440,Villanueva,Casanare,TERRITORIAL,276.08570908598125,baja,542,328,32869245904
2019,68051,Aratoca,Santander,TERRITORIAL,275.7452704870118,baja,348,191,8414848186
2019,15425,Macanal,Boyacá,TERRITORIAL,272.1070081694508,baja,262,169,11869460566
2019,70708,San Marcos,Sucre,TERRITORIAL,269.95728550085965,baja,1384,675,37783684820
2019,76622,Roldanillo,Valle del Cauca,NACIONAL,269.33012667259925,baja,78,67,911325057
2019,41483,Nátaga,Huila,TERRITORIAL,268.3722202541935,baja,148,104,1750576976
2019,54518,Pamplona,Norte de Santander,TERRITORIAL,267.7068540108457,baja,1808,694,27305952126
2019,85410,Tauramena,Casanare,TERRITORIAL,264.93777307902513,baja,872,573,73775106300
2019,13052,Arjona,Bolívar,TERRITORIAL,264.8550960242731,baja,1173,506,13342183910
2019,17867,Victoria,Caldas,TERRITORIAL,263.6685420243457,baja,600,244,8915284919
2019,47288,Fundación,Magdalena,TERRITORIAL,262.1061101140276,baja,2003,657,15829510117
2019,17541,Pensilvania,Caldas,TERRITORIAL,259.54845318322793,baja,760,441,13148660989
2019,25402,La Vega,Cundinamarca,TERRITORIAL,259.29448775088355,baja,689,501,26899457106
2019,52411,Linares,Nariño,TERRITORIAL,259.2769779017479,baja,658,338,6603053056
2019,76400,La Unión,Valle del Cauca,TERRITORIAL,257.5648454690535,baja,706,400,18163245666
2019,17388,La Merced,Caldas,TERRITORIAL,256.6868227832736,baja,382,214,5514580544
2019,15022,Almeida,Boyacá,TERRITORIAL,256.63216078217624,baja,142,77,1213338118
2019,25317,Guachetá,Cundinamarca,NACIONAL,256.5607679637772,baja,311,105,1637834910
2019,05266,Envigado,Antioquia,NACIONAL,256.0179259263655,baja,749,687,89635455834
2019,19001,Popayán,Cauca,NACIONAL,255.56632902251536,baja,871,660,53626906119
2019,73275,Flandes,Tolima,TERRITORIAL,255.2790898968711,baja,742,357,18982491656
2019,76109,Buenaventura,Valle del Cauca,TERRITORIAL,252.44444397257493,baja,2582,2033,142777061094
2019,68370,Jordán,Santander,TERRITORIAL,250.98275738910434,baja,95,79,1786574940
2019,76377,La Cumbre,Valle del Cauca,TERRITORIAL,250.62513184850135,baja,372,212,4195316320
2019,08001,Barranquilla,Atlántico,TERRITORIAL,247.14990633618297,baja,12061,7919,2122647557384
2019,25293,Gachala,Cundinamarca,TERRITORIAL,246.59658960772038,baja,402,207,12237778864
2019,68679,San Gil,Santander,TERRITORIAL,246.39024119936727,baja,1096,683,45552227099
2019,25394,La Palma,Cundinamarca,TERRITORIAL,245.9944435903113,baja,175,124,2442357697
2019,73168,Chaparral,Tolima,TERRITORIAL,244.01318243713948,baja,1369,576,33439409240
2019,25372,Junín,Cundinamarca,TERRITORIAL,242.16297578098806,baja,408,237,7279609979
2019,13001,Cartagena,Bolívar,TERRITORIAL,241.10946806609522,baja,15078,9403,1008723703643
2019,05306,Giraldo,Antioquia,TERRITORIAL,239.0391093026807,baja,295,166,4608682173
2019,70001,Sincelejo,Sucre,TERRITORIAL,237.85654070392707,baja,5440,3012,425187296604
2019,20001,Valledupar,Cesar,TERRITORIAL,235.6543247585073,baja,2950,1990,665984750277
2019,13836,Turbaco,Bolívar,TERRITORIAL,235.52052701274513,baja,4762,3317,480418181986
2019,20001,Valledupar,Cesar,NACIONAL,235.46887577725641,baja,442,321,47176641957
2019,52258,El Tablón de Gómez,Nariño,TERRITORIAL,234.60129325754616,baja,860,337,8031624817
2019,63111,Buenavista,Quindío,TERRITORIAL,234.31810462764054,baja,436,198,3895964397
2019,54172,Chinácota,Norte de Santander,TERRITORIAL,231.81339571271516,baja,550,321,15331418312
2019,27001,Quibdó,Chocó,TERRITORIAL,231.53002836145262,baja,1815,1295,257321219101
2019,47605,Remolino,Magdalena,TERRITORIAL,231.49076427598848,baja,177,76,903148023
2019,68276,Floridablanca,Santander,TERRITORIAL,228.18762256054222,baja,4007,2900,138845963496
2019,15572,Puerto Boyacá,Boyacá,TERRITORIAL,227.20935272067982,baja,1256,643,51650845008
2019,17486,Neira,Caldas,TERRITORIAL,226.82460714779145,baja,709,402,10938619968
2019,17873,Villamaría,Caldas,TERRITORIAL,226.37978835121956,baja,1203,592,16840130667
2019,73001,Ibagué,Tolima,NACIONAL,224.89734927417751,baja,1314,990,74190185855
2019,17662,Samaná,Caldas,TERRITORIAL,224.67089497955612,baja,615,413,11797204971
2019,52685,San Bernardo,Nariño,TERRITORIAL,223.29393820012638,baja,447,157,3141619453
2019,25873,Villapinzón,Cundinamarca,TERRITORIAL,221.6131825113655,baja,367,282,12811160402
2019,41807,Timaná,Huila,TERRITORIAL,221.13548495319108,baja,702,330,8595383177
2019,70508,Ovejas,Sucre,TERRITORIAL,220.8963390352246,baja,536,257,6827701499
2019,52051,Arboleda,Nariño,TERRITORIAL,220.20026960996896,baja,467,223,5546600482
2019,68081,Barrancabermeja,Santander,TERRITORIAL,216.52204973385307,baja,5376,3466,270659340950
2019,52227,Cumbal,Nariño,TERRITORIAL,211.9969903448948,baja,1018,517,25397566921
2019,91001,Leticia,Amazonas,TERRITORIAL,211.76956351457906,baja,3049,1738,118886705320
2019,66682,Santa Rosa de Cabal,Risaralda,TERRITORIAL,211.63985151416063,baja,582,441,27205855974
2019,66170,Dosquebradas,Risaralda,TERRITORIAL,211.04693162551698,baja,4039,2559,112009142015
2019,54405,Los Patios,Norte de Santander,TERRITORIAL,210.51864752526876,baja,1732,859,40743945087
2019,25658,San Francisco,Cundinamarca,TERRITORIAL,209.8971501670072,baja,296,219,8429429787
2019,25126,Cajicá,Cundinamarca,NACIONAL,208.03406143701284,baja,176,164,4232525847
2019,25297,Gachetá,Cundinamarca,TERRITORIAL,207.62608490004658,baja,516,301,16441298137
2019,73148,Carmen de Apicalá,Tolima,TERRITORIAL,207.3165059076204,baja,571,278,8537874158
2019,41551,Pitalito,Huila,TERRITORIAL,206.82084309141572,baja,3039,1276,142872914744
2019,91001,Leticia,Amazonas,NACIONAL,205.7360784850283,baja,566,464,14597695317
2019,25286,Funza,Cundinamarca,NACIONAL,205.1615968802646,baja,260,254,5614337867
2019,50001,Villavicencio,Meta,TERRITORIAL,204.8503414163409,baja,17377,8844,1405335030544
2019,25483,Nariño,Cundinamarca,TERRITORIAL,203.54996350652306,baja,182,121,2233267395
2019,05129,Caldas,Antioquia,TERRITORIAL,201.7991936281056,baja,2393,863,51892015407
2019,17050,Aranzazu,Caldas,TERRITORIAL,201.03761223146088,baja,532,293,7140898269
2019,25899,Zipaquirá,Cundinamarca,TERRITORIAL,199.01116936800383,baja,1329,965,93140803900
2019,52320,Guaitarilla,Nariño,TERRITORIAL,196.983890826631,baja,854,356,9059641616
2019,25151,Caqueza,Cundinamarca,TERRITORIAL,196.6660719458556,baja,984,711,30399696113
2019,47001,Santa Marta,Magdalena,TERRITORIAL,195.93922647037937,baja,10533,5672,802464436948
2019,19701,Santa Rosa,Cauca,TERRITORIAL,195.68192712830304,baja,261,163,5380746570
2019,52687,San Lorenzo,Nariño,TERRITORIAL,188.811372529823,baja,1120,457,11008162348
2019,17001,Manizales,Caldas,TERRITORIAL,188.34424516687247,baja,12917,5615,1121646397924
2019,68705,Santa Bárbara,Santander,TERRITORIAL,186.7586342594445,baja,133,92,1584213663
2019,20228,Curumaní,Cesar,TERRITORIAL,179.92568297922838,baja,880,395,8379033009
2019,85001,Yopal,Casanare,NACIONAL,173.98308714308234,baja,876,636,43045074916
2019,76497,Obando,Valle del Cauca,TERRITORIAL,172.65406637053576,baja,465,220,4936051740
2019,05034,Andes,Antioquia,NACIONAL,171.0478786375597,baja,433,400,18706132166
2019,68160,Cepitá,Santander,TERRITORIAL,162.45770604616314,baja,136,106,1897556669
2019,20250,El Paso,Cesar,NACIONAL,158.93745698552425,baja,278,161,2148436053
2019,52720,Sapuyes,Nariño,TERRITORIAL,157.37416429439799,baja,719,312,4531802029
2019,05088,Bello,Antioquia,TERRITORIAL,154.47088671539117,baja,5718,1625,184054511041
2019,25279,Fomeque,Cundinamarca,TERRITORIAL,152.3850592111012,baja,945,480,17534289266
2019,68861,Vélez,Santander,NACIONAL,150.90469989580052,baja,361,297,8626144769
2019,52678,Samaniego,Nariño,TERRITORIAL,150.31048968931597,baja,1661,590,14353471549
2019,25473,Mosquera,Cundinamarca,TERRITORIAL,149.07671880457056,baja,1880,1392,72633267665
2019,76130,Candelaria,Valle del Cauca,TERRITORIAL,148.60162468102791,baja,2594,1388,53195296128
2019,66001,Pereira,Risaralda,OTRO,145.05174551450074,baja,285,272,12672738513
2019,17042,Anserma,Caldas,TERRITORIAL,144.2079902097463,baja,987,502,12706546263
2019,68081,Barrancabermeja,Santander,NACIONAL,142.2681845247814,baja,200,182,6316311631
2019,52240,Chachagüí,Nariño,TERRITORIAL,142.18048606204246,baja,770,396,7904544885
2019,19698,Santander de Quilichao,Cauca,TERRITORIAL,141.69042249446255,baja,2285,860,58076435065
2019,50001,Villavicencio,Meta,NACIONAL,140.85849097370092,baja,1712,1050,69759675533
2019,85001,Yopal,Casanare,TERRITORIAL,135.2954888098486,baja,9735,5561,1056502688658
2019,25386,La Mesa,Cundinamarca,TERRITORIAL,128.3096217941865,baja,1095,699,24763333981
2019,63470,Montenegro,Quindío,TERRITORIAL,127.46175659934384,baja,783,523,12053304944
2019,25875,Villeta,Cundinamarca,TERRITORIAL,127.06863991553038,baja,1608,770,32829072726
2019,63001,Armenia,Quindío,NACIONAL,126.14850939487069,baja,940,693,21656631595
2019,05001,Medellín,Antioquia,NACIONAL,126.08706430590118,baja,3017,2061,222835443160
2019,17013,Aguadas,Caldas,TERRITORIAL,125.34548482417495,baja,993,537,13288867646
2019,08558,Polonuevo,Atlántico,TERRITORIAL,125.1449715015335,baja,518,171,2108084701
2019,52356,Ipiales,Nariño,TERRITORIAL,124.25246116940362,baja,5531,2411,122165390379
2019,41797,Tesalia,Huila,TERRITORIAL,123.93638070787202,baja,270,175,2162924106
2019,08137,Campo de la Cruz,Atlántico,TERRITORIAL,122.25086030598376,baja,417,244,2648391948
2019,23001,Montería,Córdoba,TERRITORIAL,119.29470550840698,baja,5192,3253,824159660805
2019,19001,Popayán,Cauca,TERRITORIAL,115.56303781231546,baja,8394,4683,815523871352
2019,52435,Mallama,Nariño,TERRITORIAL,112.03952236896534,baja,887,322,5815837748
2019,52001,Pasto,Nariño,TERRITORIAL,111.6503490102409,baja,11971,6522,774360077425
2019,73001,Ibagué,Tolima,TERRITORIAL,109.44269350138426,baja,10081,6921,879531533905
2019,81001,Arauca,Arauca,TERRITORIAL,106.47364707453414,baja,8826,2959,507351524266
2019,76126,Calima,Valle del Cauca,TERRITORIAL,102.02394996613336,baja,533,311,6736226876
2019,68001,Bucaramanga,Santander,TERRITORIAL,92.92604026220069,baja,15801,8798,1645765191243
2019,41001,Neiva,Huila,TERRITORIAL,90.59549357778617,baja,7059,4128,849602072766
2019,15001,Tunja,Boyacá,TERRITORIAL,80.294561838224,baja,9841,5873,954864842878
2019,25293,Gachala,Cundinamarca,OTRO,79.57550671664194,baja,164,162,4789108979
2019,25754,Soacha,Cundinamarca,TERRITORIAL,78.00144064986979,baja,4793,2975,183188717230
2019,66001,Pereira,Risaralda,TERRITORIAL,71.52384492261302,baja,12894,7863,557154541248
2019,11001,Bogotá D.C.,Bogotá,NACIONAL,66.52524984804035,baja,172916,124543,41843702817882
2019,05001,Medellín,Antioquia,TERRITORIAL,60.21886840429234,baja,91027,29696,9133431098068
2019,25290,Fusagasugá,Cundinamarca,TERRITORIAL,57.93517842969831,baja,3596,2306,140794389055
2019,68679,San Gil,Santander,NACIONAL,57.18401875987265,baja,211,203,5704265407
2019,76001,Cali,Valle del Cauca,TERRITORIAL,54.9782863187302,baja,57679,26912,3496388629461
2020,05125,Caicedo,Antioquia,NACIONAL,10000.0,alta,1,1,13729000
2020,05667,San Rafael,Antioquia,NACIONAL,10000.0,alta,1,1,5000000
2020,15500,Oicatá,Boyacá,NACIONAL,10000.0,alta,1,1,1000000
2020,15681,San Pablo de Borbur,Boyacá,NACIONAL,10000.0,alta,3,1,611683057
2020,15755,Socotá,Boyacá,NACIONAL,10000.0,alta,5,1,607326544
2020,27050,Atrato,Chocó,TERRITORIAL,10000.0,alta,1,1,23000000
2020,73411,Líbano,Tolima,TERRITORIAL,10000.0,alta,1,1,40000000
2020,91001,Leticia,Amazonas,NO_DEFINIDO,10000.0,alta,1,1,2491200
2020,52520,Francisco Pizarro,Nariño,TERRITORIAL,9878.030862264935,alta,478,227,946675144198
2020,25596,Quipile,Cundinamarca,TERRITORIAL,9790.191684654119,alta,177,119,226651364468
2020,18256,El Paujil,Caquetá,TERRITORIAL,9718.644535962403,alta,231,152,331405183519
2020,11001,Bogotá D.C.,Bogotá,OTRO,9681.183846185737,alta,4,4,2294980261
2020,15798,Tenza,Boyacá,TERRITORIAL,9478.229601336501,alta,156,115,97267655685
2020,08758,Soledad,Atlántico,NACIONAL,9432.16483033844,alta,701,365,1621904766151
2020,70204,Coloso,Sucre,TERRITORIAL,9425.178949722236,alta,503,234,514430036390
2020,05313,Granada,Antioquia,TERRITORIAL,9380.699315378868,alta,233,188,184939625864
2020,13001,Cartagena,Bolívar,OTRO,9237.254035351636,alta,7,7,6546786776
2020,15599,Ramiriquí,Boyacá,NACIONAL,9079.809192275796,alta,13,9,429336167
2020,15646,Samacá,Boyacá,TERRITORIAL,9029.218876114086,alta,623,439,258799627607
2020,20550,Pelaya,Cesar,TERRITORIAL,9007.353656683377,alta,350,222,126445268943
2020,13430,Magangué,Bolívar,NACIONAL,8878.253042984681,alta,16,12,1167751491
2020,52693,San Pablo,Nariño,TERRITORIAL,8706.170208128371,alta,995,409,112610462343
2020,25386,La Mesa,Cundinamarca,TERRITORIAL,8572.31440348127,alta,1510,880,648336001946
2020,13655,San Jacinto del Cauca,Bolívar,TERRITORIAL,8359.99444195139,alta,204,132,437247632209
2020,05890,Yolombó,Antioquia,TERRITORIAL,8074.16238173879,alta,2706,356,345676631831
2020,41797,Tesalia,Huila,TERRITORIAL,8018.566097180656,alta,287,184,61729521497
2020,23672,San Antero,Córdoba,TERRITORIAL,7961.242093559422,alta,579,293,238055735992
2020,41357,Iquira,Huila,NACIONAL,7946.3752938819825,alta,8,8,2580530458
2020,86568,Puerto Asís,Putumayo,NACIONAL,7666.467763566615,alta,370,352,91584426808
2020,05467,Montebello,Antioquia,NACIONAL,7651.544121145165,alta,2,2,25713116
2020,23300,Cotorra,Córdoba,TERRITORIAL,7567.260087644593,alta,552,237,49741839030
2020,05686,Santa Rosa de Osos,Antioquia,NACIONAL,7504.535340209372,alta,8,5,50239900
2020,73411,Líbano,Tolima,NACIONAL,7250.286425583979,alta,6,3,57466939
2020,54810,Tibú,Norte de Santander,TERRITORIAL,7228.5679803902585,alta,399,244,137971362269
2020,13580,Regidor,Bolívar,TERRITORIAL,6918.035407041369,alta,33,25,11252581417
2020,66400,La Virginia,Risaralda,NACIONAL,6670.122772574537,alta,2,2,32839600
2020,13052,Arjona,Bolívar,TERRITORIAL,6529.118459906963,alta,1110,454,71735922057
2020,50711,Vistahermosa,Meta,NACIONAL,6155.2849227902625,alta,2,2,12131339
2020,54820,Toledo,Norte de Santander,NACIONAL,6141.893194977759,alta,2,2,4366894
2020,44420,La Jagua del Pilar,La Guajira,TERRITORIAL,6038.779537227758,alta,283,167,18724259236
2020,68397,La Paz,Santander,TERRITORIAL,5962.460322377666,alta,190,101,102704807480
2020,66170,Dosquebradas,Risaralda,TERRITORIAL,5721.019690756668,alta,3796,2454,333121389947
2020,15224,Cucaita,Boyacá,TERRITORIAL,5687.615052666757,alta,174,126,9616164383
2020,63548,Pijao,Quindío,TERRITORIAL,5355.5459457409825,alta,357,193,12166263308
2020,47960,Zapayán,Magdalena,TERRITORIAL,5281.690546891315,alta,271,160,12464475969
2020,27006,Acandí,Chocó,TERRITORIAL,5270.583824786299,alta,116,72,18666008185
2020,70717,San Pedro,Sucre,TERRITORIAL,5263.591476381135,alta,306,173,27778761324
2020,05440,Marinilla,Antioquia,NACIONAL,5069.274204876704,alta,2,2,210430897
2020,15232,Chíquiza,Boyacá,TERRITORIAL,5007.665666439067,alta,2,2,268068473
2020,76147,Cartago,Valle del Cauca,TERRITORIAL,4843.040706779597,alta,1283,676,232712764684
2020,15776,Sutamarchán,Boyacá,TERRITORIAL,4659.963499386004,alta,181,107,7326704808
2020,86749,Sibundoy,Putumayo,TERRITORIAL,4581.204955931601,alta,348,171,37399498925
2020,50350,La Macarena,Meta,TERRITORIAL,4455.817131769589,alta,205,150,42640180716
2020,68081,Barrancabermeja,Santander,TERRITORIAL,4385.11747336882,alta,4722,2842,905489379062
2020,15218,Covarachía,Boyacá,NACIONAL,4383.432494581683,alta,5,4,32760800
2020,50606,Restrepo,Meta,NACIONAL,4338.409121074041,alta,3,3,13746195
2020,27361,Istmina,Chocó,NACIONAL,4285.718752906069,alta,7,7,31643797
2020,86755,San Francisco,Putumayo,TERRITORIAL,4279.882684248235,alta,33,29,305347050
2020,70708,San Marcos,Sucre,NACIONAL,4239.035211368891,alta,5,3,14015000
2020,08685,Santo Tomás,Atlántico,TERRITORIAL,4227.301581518733,alta,14,12,356156827
2020,18860,Valparaíso,Caquetá,TERRITORIAL,4198.108395283755,alta,150,93,8170258516
2020,25662,San Juan de Río Seco,Cundinamarca,NACIONAL,4196.747424736428,alta,12,6,84832575
2020,25489,Nimaima,Cundinamarca,TERRITORIAL,4169.895956420347,alta,256,160,10498569419
2020,25328,Guayabal de Siquima,Cundinamarca,NACIONAL,4134.307209544899,alta,3,3,34850465
2020,25281,Fosca,Cundinamarca,TERRITORIAL,4070.909519308016,alta,414,238,9438521672
2020,13468,Mompós,Bolívar,TERRITORIAL,4054.1912786294974,alta,705,259,11556096621
2020,18410,La Montañita,Caquetá,TERRITORIAL,3944.05221369838,alta,157,111,31409105675
2020,08436,Manatí,Atlántico,NACIONAL,3900.2724820306703,alta,14,6,77520000
2020,08770,Suan,Atlántico,TERRITORIAL,3896.201189890996,alta,576,258,6424061555
2020,52385,La Llanada,Nariño,TERRITORIAL,3888.4963398818845,alta,762,329,14868364566
2020,25535,Pasca,Cundinamarca,NACIONAL,3837.8547954127566,alta,4,4,16462000
2020,52378,La Cruz,Nariño,NO_DEFINIDO,3781.2779884529496,alta,8,7,34486571
2020,19585,Puracé,Cauca,TERRITORIAL,3747.8564928301093,alta,17,12,595346405
2020,15814,Toca,Boyacá,TERRITORIAL,3737.4481512262046,alta,320,205,12015936644
2020,52260,El Tambo,Nariño,TERRITORIAL,3715.2334029781046,alta,772,356,14469646945
2020,18592,Puerto Rico,Caquetá,TERRITORIAL,3707.7280228007603,alta,225,145,41899516924
2020,73024,Alpujarra,Tolima,NACIONAL,3701.841408922465,alta,5,4,14665000
2020,13683,Santa Rosa,Bolívar,TERRITORIAL,3676.2844659600514,alta,5,5,372400000
2020,25040,Anolaima,Cundinamarca,NACIONAL,3670.1013251157756,alta,3,3,10682400
2020,27205,Condoto,Chocó,TERRITORIAL,3575.1226331517983,alta,79,60,15683694079
2020,13188,Cicuco,Bolívar,TERRITORIAL,3558.1958230472824,alta,51,41,8110949638
2020,13268,El Peñón,Bolívar,TERRITORIAL,3541.057326751199,alta,240,154,19136266425
2020,52224,Cuaspud,Nariño,TERRITORIAL,3517.2692586369276,alta,6,6,307564719
2020,50330,Mesetas,Meta,TERRITORIAL,3510.766957379157,alta,221,143,38167467899
2020,15480,Muzo,Boyacá,NACIONAL,3508.3966249468594,alta,3,3,842223250
2020,18479,Morelia,Caquetá,TERRITORIAL,3369.308184329226,alta,114,89,8597938554
2020,15897,Zetaquira,Boyacá,NACIONAL,3281.404255943822,alta,7,6,27939638
2020,17541,Pensilvania,Caldas,NACIONAL,3266.332140849925,alta,215,158,6391142771
2020,08606,Repelón,Atlántico,TERRITORIAL,3227.270353645165,alta,96,75,2226788712
2020,86885,Villagarzón,Putumayo,TERRITORIAL,3206.9352280766607,alta,5,5,834835819
2020,17873,Villamaría,Caldas,NACIONAL,3127.4663523877175,alta,9,8,55236870
2020,68169,Charta,Santander,TERRITORIAL,3097.948942401523,alta,144,100,3656359801
2020,70713,San Onofre,Sucre,NACIONAL,3077.50152370071,alta,4,4,4284800
2020,08573,Puerto Colombia,Atlántico,TERRITORIAL,3062.742293940318,alta,41,32,24778698228
2020,15664,San José de Pare,Boyacá,NACIONAL,3009.8880802440294,alta,5,5,15764829
2020,23350,La Apartada,Córdoba,TERRITORIAL,3008.9753633966175,alta,636,263,38134654732
2020,47001,Santa Marta,Magdalena,NACIONAL,2976.7682562044133,alta,2055,1556,1149752759407
2020,15763,Sotaquirá,Boyacá,TERRITORIAL,2960.3821715299746,alta,206,147,11353895344
2020,52565,Providencia,Nariño,TERRITORIAL,2937.879447700991,alta,737,361,45575473117
2020,18785,Solita,Caquetá,TERRITORIAL,2894.09592366581,alta,134,96,6642643228
2020,47980,Zona Bananera,Magdalena,TERRITORIAL,2887.3603739890314,alta,941,447,21845661113
2020,15325,Guayatá,Boyacá,NACIONAL,2879.7252118426254,alta,9,7,29123025
2020,05086,Belmira,Antioquia,TERRITORIAL,2862.382747044568,alta,253,146,9700633666
2020,76400,La Unión,Valle del Cauca,NACIONAL,2845.2270256044662,alta,6,5,42465000
2020,25040,Anolaima,Cundinamarca,TERRITORIAL,2836.1110040568547,alta,137,109,3983334374
2020,44090,Dibulla,La Guajira,NACIONAL,2834.4764553197165,alta,5,4,34824700
2020,13212,Córdoba,Bolívar,NACIONAL,2798.8443195329187,alta,5,5,42154400
2020,52240,Chachagüí,Nariño,TERRITORIAL,2788.778379079787,alta,928,385,15460189969
2020,52258,El Tablón de Gómez,Nariño,TERRITORIAL,2777.5699990696285,alta,736,365,15700729746
2020,15522,Panqueba,Boyacá,NACIONAL,2767.988195860683,alta,4,4,40795389
2020,27075,Bahía Solano,Chocó,TERRITORIAL,2765.729655301174,alta,9,8,414000000
2020,52786,Taminango,Nariño,TERRITORIAL,2744.051768092371,alta,907,420,21764517523
2020,44378,Hatonuevo,La Guajira,TERRITORIAL,2709.341217139526,alta,197,127,45524574909
2020,70110,Buenavista,Sucre,NACIONAL,2704.1399309044536,alta,7,5,22782600
2020,81794,Tame,Arauca,NACIONAL,2702.3985714211544,alta,25,22,1258256712
2020,15455,Miraflores,Boyacá,NACIONAL,2678.8968527670995,alta,18,14,1107421229
2020,05059,Armenia,Antioquia,TERRITORIAL,2664.440423818536,alta,284,185,16166558636
2020,13873,Villanueva,Bolívar,TERRITORIAL,2589.2999933092815,alta,6,6,27318249
2020,52540,Policarpa,Nariño,TERRITORIAL,2585.311365016127,alta,867,346,21848213535
2020,20400,La Jagua de Ibirico,Cesar,TERRITORIAL,2564.346739896367,alta,992,625,119817728834
2020,41006,Acevedo,Huila,TERRITORIAL,2557.0862560567807,alta,1008,470,31153035697
2020,08296,Galapa,Atlántico,TERRITORIAL,2537.008834126612,alta,1181,435,34222119944
2020,70235,Galeras,Sucre,TERRITORIAL,2479.3167983492895,moderada,303,213,14243990738
2020,27430,Medio Baudó,Chocó,TERRITORIAL,2470.1391539617475,moderada,57,39,5361201199
2020,17662,Samaná,Caldas,TERRITORIAL,2445.1140862389057,moderada,1018,510,22034425835
2020,76364,Jamundí,Valle del Cauca,NACIONAL,2437.489777565534,moderada,32,16,1839505422
2020,44847,Uribia,La Guajira,TERRITORIAL,2407.0139602274603,moderada,1157,558,114976015378
2020,18029,Albania,Caquetá,TERRITORIAL,2362.401731207438,moderada,145,105,10592118507
2020,20621,La Paz,Cesar,TERRITORIAL,2332.5652452354384,moderada,387,205,25935236922
2020,27491,Nóvita,Chocó,TERRITORIAL,2316.1604601732233,moderada,40,28,3164622877
2020,15001,Tunja,Boyacá,TERRITORIAL,2291.7732308101968,moderada,9132,5258,1269348816698
2020,13744,Simití,Bolívar,TERRITORIAL,2277.153976683569,moderada,235,158,15975231041
2020,52786,Taminango,Nariño,NACIONAL,2273.288952023464,moderada,9,8,45666385
2020,63548,Pijao,Quindío,NACIONAL,2270.296049977637,moderada,11,10,43390545
2020,41020,Algeciras,Huila,NACIONAL,2250.5175913305443,moderada,9,8,28304451
2020,73547,Piedras,Tolima,TERRITORIAL,2242.1199426826147,moderada,216,105,11050001089
2020,99524,La Primavera,Vichada,TERRITORIAL,2229.4046193554805,moderada,275,164,33011711952
2020,91540,Puerto Nariño,Amazonas,TERRITORIAL,2221.3542525610687,moderada,583,249,23436215409
2020,52506,Ospina,Nariño,TERRITORIAL,2197.6136662028744,moderada,424,219,12010093264
2020,19212,Corinto,Cauca,TERRITORIAL,2177.4860278051788,moderada,219,164,10762276410
2020,18094,Belén de los Andaquies,Caquetá,TERRITORIAL,2166.7914973461934,moderada,589,296,38399411942
2020,05361,Ituango,Antioquia,TERRITORIAL,2096.8297108607076,moderada,570,345,30586227097
2020,76122,Caicedonia,Valle del Cauca,NACIONAL,2092.8572188426588,moderada,8,7,61715591
2020,20045,Becerril,Cesar,TERRITORIAL,2078.7558558663927,moderada,416,268,24587506854
2020,70215,Corozal,Sucre,TERRITORIAL,2054.7687408226006,moderada,521,318,47832488649
2020,23464,Momil,Córdoba,TERRITORIAL,2050.579759138731,moderada,100,84,8090251716
2020,41132,Campoalegre,Huila,TERRITORIAL,2050.51716266443,moderada,1413,597,24441436535
2020,86001,Mocoa,Putumayo,NACIONAL,2046.5430202197101,moderada,92,49,15771205532
2020,15185,Chitaraque,Boyacá,NACIONAL,2014.5734648387725,moderada,12,8,37989787
2020,54673,San Cayetano,Norte de Santander,TERRITORIAL,1993.9837140601942,moderada,295,195,6890548791
2020,15106,Briceño,Boyacá,TERRITORIAL,1985.5643217022657,moderada,171,118,4156569355
2020,05607,Retiro,Antioquia,TERRITORIAL,1964.0818828354832,moderada,11,9,1284400627
2020,73443,Mariquita,Tolima,NACIONAL,1946.9522687443305,moderada,29,27,746447818
2020,52678,Samaniego,Nariño,NACIONAL,1939.2899224343619,moderada,14,11,97773501
2020,52320,Guaitarilla,Nariño,TERRITORIAL,1921.2281656592963,moderada,660,344,10498290447
2020,76736,Sevilla,Valle del Cauca,NACIONAL,1920.8285184975355,moderada,15,15,86994883
2020,15842,Umbita,Boyacá,NACIONAL,1902.2709093154874,moderada,11,8,27800318
2020,25594,Quetame,Cundinamarca,NACIONAL,1895.5333577139643,moderada,14,9,57729100
2020,41770,Suaza,Huila,NACIONAL,1883.6978970093692,moderada,8,8,41446080
2020,86320,Orito,Putumayo,TERRITORIAL,1873.7361478961595,moderada,1115,539,81326644122
2020,70523,Palmito,Sucre,NACIONAL,1852.6252195572847,moderada,28,18,377830287
2020,05495,Nechí,Antioquia,TERRITORIAL,1843.4900053344531,moderada,271,194,22169834930
2020,15516,Paipa,Boyacá,NACIONAL,1837.4002339678034,moderada,16,11,42846071
2020,50606,Restrepo,Meta,TERRITORIAL,1813.806631288573,moderada,225,170,15082793631
2020,23855,Valencia,Córdoba,TERRITORIAL,1804.1031518673904,moderada,137,92,23906087918
2020,15778,Sutatenza,Boyacá,TERRITORIAL,1802.9376653520542,moderada,185,121,5822632142
2020,27025,Alto Baudo,Chocó,TERRITORIAL,1802.3709253471313,moderada,6,6,113796000
2020,99001,Puerto Carreño,Vichada,TERRITORIAL,1790.6709483568397,moderada,3071,1493,142717922970
2020,27580,Río Iro,Chocó,TERRITORIAL,1772.4480191767825,moderada,21,18,1801073128
2020,50325,Mapiripán,Meta,NACIONAL,1769.8202995323709,moderada,21,13,334637402
2020,15762,Sora,Boyacá,NACIONAL,1759.5158209620395,moderada,15,13,49230312
2020,15676,San Miguel de Sema,Boyacá,NACIONAL,1750.1261884717107,moderada,21,18,44464372
2020,50270,El Dorado,Meta,TERRITORIAL,1734.3640268319573,moderada,150,103,7569401598
2020,73873,Villarrica,Tolima,TERRITORIAL,1732.658349364546,moderada,291,142,4259489190
2020,41524,Palermo,Huila,NACIONAL,1731.1936006956075,moderada,14,12,34096174
2020,68432,Málaga,Santander,TERRITORIAL,1726.642803510911,moderada,386,243,21898452099
2020,47245,El Banco,Magdalena,NACIONAL,1721.420096166864,moderada,15,11,56108752
2020,97001,Mitú,Vaupés,NACIONAL,1688.2228717017213,moderada,65,58,12338806842
2020,25398,La Peña,Cundinamarca,NACIONAL,1687.7853302127958,moderada,12,9,43642020
2020,19760,Sotara,Cauca,TERRITORIAL,1676.2466166581626,moderada,190,132,4996351541
2020,52838,Túquerres,Nariño,NACIONAL,1673.0399340003187,moderada,10,10,74372020
2020,05266,Envigado,Antioquia,NACIONAL,1668.6042490759037,moderada,842,698,187847848701
2020,70473,Morroa,Sucre,TERRITORIAL,1667.3992113680613,moderada,365,268,11447160719
2020,68770,Suaita,Santander,TERRITORIAL,1644.8532429861848,moderada,299,171,6875384449
2020,44279,Fonseca,La Guajira,TERRITORIAL,1643.017200219909,moderada,1197,367,35279692272
2020,08137,Campo de la Cruz,Atlántico,TERRITORIAL,1628.8258261451438,moderada,955,263,8059944548
2020,23090,Canalete,Córdoba,TERRITORIAL,1625.5568761471447,moderada,31,24,4670064721
2020,47268,El Retén,Magdalena,TERRITORIAL,1620.4339130909648,moderada,435,214,7906166937
2020,25885,Yacopí,Cundinamarca,TERRITORIAL,1616.9273466747532,moderada,309,185,9889500909
2020,27361,Istmina,Chocó,TERRITORIAL,1615.4600835279361,moderada,69,53,5026790899
2020,13760,Soplaviento,Bolívar,TERRITORIAL,1613.6080938272858,moderada,31,30,1548124271
2020,50251,El Castillo,Meta,NACIONAL,1612.4869588734948,moderada,9,8,54625182
2020,25873,Villapinzón,Cundinamarca,TERRITORIAL,1610.3135228574276,moderada,272,216,7859286898
2020,44098,Distracción,La Guajira,TERRITORIAL,1609.8924812357254,moderada,130,92,6006029693
2020,25120,Cabrera,Cundinamarca,TERRITORIAL,1607.7518551242763,moderada,113,92,2608501663
2020,17614,Riosucio,Caldas,TERRITORIAL,1605.0507611948044,moderada,869,545,51882547015
2020,73349,Honda,Tolima,NACIONAL,1597.7000951096954,moderada,17,12,94170701
2020,50313,Granada,Meta,NACIONAL,1592.3300550033543,moderada,13,13,157082727
2020,41001,Neiva,Huila,NACIONAL,1584.6914008944705,moderada,1584,1284,510453781436
2020,25181,Choachí,Cundinamarca,TERRITORIAL,1584.0226347986757,moderada,263,180,7801415557
2020,52001,Pasto,Nariño,OTRO,1580.4517446562897,moderada,16,15,2712028299
2020,70678,San Benito Abad,Sucre,NACIONAL,1577.385916111159,moderada,9,9,72713000
2020,63130,Calarca,Quindío,NACIONAL,1573.3544803810425,moderada,17,13,54699332
2020,13490,Norosí,Bolívar,TERRITORIAL,1561.874998885595,moderada,24,22,484287397
2020,41615,Rivera,Huila,NACIONAL,1561.8050449772613,moderada,21,18,836081799
2020,41016,Aipe,Huila,NACIONAL,1559.7753377713393,moderada,14,14,159318497
2020,19318,Guapi,Cauca,TERRITORIAL,1547.153736750126,moderada,246,151,8693059097
2020,05475,Murindó,Antioquia,TERRITORIAL,1544.082836230697,moderada,185,132,6111267250
2020,76497,Obando,Valle del Cauca,TERRITORIAL,1539.43769312166,moderada,356,203,10492351231
2020,19364,Jambaló,Cauca,TERRITORIAL,1539.338363596928,moderada,91,70,3420711745
2020,47053,Aracataca,Magdalena,TERRITORIAL,1539.2977815453633,moderada,620,321,22759127727
2020,94001,Inírida,Guainía,NACIONAL,1539.2085909215998,moderada,208,176,15148443522
2020,27073,Bagadó,Chocó,TERRITORIAL,1536.883209300004,moderada,65,18,2334239867
2020,05250,El Bagre,Antioquia,TERRITORIAL,1534.6400616588949,moderada,606,311,73194151105
2020,41020,Algeciras,Huila,TERRITORIAL,1531.6833056820606,moderada,1059,421,22657548983
2020,76606,Restrepo,Valle del Cauca,TERRITORIAL,1524.184192817612,moderada,534,234,11259322998
2020,76248,El Cerrito,Valle del Cauca,TERRITORIAL,1521.3079595543322,moderada,316,240,10157474245
2020,05873,Vigía del Fuerte,Antioquia,TERRITORIAL,1502.0687202714769,moderada,263,149,10536176321
2020,15131,Caldas,Boyacá,TERRITORIAL,1499.984427802291,baja,117,92,3209941652
2020,54670,San Calixto,Norte de Santander,TERRITORIAL,1498.8845268862706,baja,211,124,10661767404
2020,54498,Ocaña,Norte de Santander,NACIONAL,1492.6796081725936,baja,51,19,361006811
2020,13873,Villanueva,Bolívar,NACIONAL,1484.856567717997,baja,32,31,1671332834
2020,54109,Bucarasica,Norte de Santander,TERRITORIAL,1482.9070399521186,baja,348,219,6121887792
2020,18150,Cartagena del Chairá,Caquetá,TERRITORIAL,1479.1050891687983,baja,544,335,23841532809
2020,18205,Curillo,Caquetá,TERRITORIAL,1477.315927906905,baja,92,69,3081290115
2020,05088,Bello,Antioquia,NACIONAL,1464.733642821196,baja,80,45,2804840280
2020,54250,El Tarra,Norte de Santander,TERRITORIAL,1451.384869580308,baja,250,155,18379155563
2020,54001,Cúcuta,Norte de Santander,TERRITORIAL,1448.5901125284454,baja,2692,2501,225391221594
2020,27615,Riosucio,Chocó,TERRITORIAL,1442.3145554289667,baja,184,128,7231720103
2020,25260,El Rosal,Cundinamarca,TERRITORIAL,1432.8858050975696,baja,348,257,14859473146
2020,70124,Caimito,Sucre,NACIONAL,1429.2184396012706,baja,14,11,38113028
2020,27372,Juradó,Chocó,TERRITORIAL,1422.3542912181733,baja,96,38,2445867984
2020,68296,Galán,Santander,TERRITORIAL,1418.4015177035076,baja,188,122,4029476153
2020,15790,Tasco,Boyacá,NACIONAL,1417.4399401792666,baja,15,11,76013236
2020,19573,Puerto Tejada,Cauca,NACIONAL,1412.1761006155082,baja,20,16,100561659
2020,52838,Túquerres,Nariño,TERRITORIAL,1409.9978448668335,baja,499,104,4780119192
2020,25151,Caqueza,Cundinamarca,NACIONAL,1408.3665340781301,baja,16,12,82434446
2020,44650,San Juan del Cesar,La Guajira,NACIONAL,1404.751065044901,baja,169,86,4833685301
2020,41885,Yaguará,Huila,TERRITORIAL,1404.49565980151,baja,550,305,18257534897
2020,05543,Peque,Antioquia,TERRITORIAL,1388.826505967636,baja,494,295,11663262952
2020,05030,Amagá,Antioquia,NACIONAL,1385.526956633302,baja,51,43,949872368
2020,68572,Puente Nacional,Santander,TERRITORIAL,1380.3015233132858,baja,477,229,10955574002
2020,86001,Mocoa,Putumayo,TERRITORIAL,1378.8296798677777,baja,926,786,161997709673
2020,08520,Palmar de Varela,Atlántico,TERRITORIAL,1374.7846067921766,baja,918,340,25435726077
2020,41530,Palestina,Huila,TERRITORIAL,1373.5434330532578,baja,648,292,9282595876
2020,68255,El Playón,Santander,NACIONAL,1358.5286932611393,baja,9,8,83475582
2020,15087,Belén,Boyacá,NACIONAL,1357.0573754704271,baja,21,15,83707503
2020,54518,Pamplona,Norte de Santander,NACIONAL,1349.6874188408565,baja,14,9,108424728
2020,41676,Santa María,Huila,TERRITORIAL,1349.3472545099032,baja,433,231,7254598193
2020,47288,Fundación,Magdalena,TERRITORIAL,1347.1713449874642,baja,1681,563,31493483666
2020,20238,El Copey,Cesar,TERRITORIAL,1346.258246551208,baja,1000,412,22177932255
2020,52573,Puerres,Nariño,TERRITORIAL,1338.075464966835,baja,770,371,13431184375
2020,41503,Oporapa,Huila,TERRITORIAL,1336.6911030363742,baja,662,313,12365627063
2020,15051,Arcabuco,Boyacá,TERRITORIAL,1334.4119678935856,baja,217,158,4604872969
2020,17616,Risaralda,Caldas,NACIONAL,1331.3046483766532,baja,179,142,122485956717
2020,25386,La Mesa,Cundinamarca,NACIONAL,1329.9846229772322,baja,15,13,58535154
2020,85250,Paz de Ariporo,Casanare,NACIONAL,1326.59323970937,baja,30,22,333942197
2020,73870,Villahermosa,Tolima,TERRITORIAL,1321.6761124154882,baja,299,146,3743688969
2020,23419,Los Córdobas,Córdoba,TERRITORIAL,1311.9791584474829,baja,65,46,3008710261
2020,20570,Pueblo Bello,Cesar,TERRITORIAL,1298.7339437174728,baja,745,317,16535091298
2020,52418,Los Andes,Nariño,TERRITORIAL,1295.9595371389814,baja,490,239,8499290011
2020,70230,Chalán,Sucre,TERRITORIAL,1290.6943428477769,baja,130,102,3159848399
2020,44090,Dibulla,La Guajira,TERRITORIAL,1289.7338659756267,baja,333,160,14293715631
2020,66170,Dosquebradas,Risaralda,NACIONAL,1287.7948994941394,baja,28,22,296985574
2020,23807,Tierralta,Córdoba,TERRITORIAL,1287.1661995876555,baja,157,138,41897682634
2020,05376,La Ceja,Antioquia,NACIONAL,1286.5678522313078,baja,18,17,230347502
2020,15500,Oicatá,Boyacá,TERRITORIAL,1285.4649556046513,baja,180,127,6119370063
2020,54720,Sardinata,Norte de Santander,TERRITORIAL,1284.4726801597506,baja,453,228,17560670328
2020,05147,Carepa,Antioquia,NACIONAL,1263.5433389561545,baja,31,29,1441128264
2020,08638,Sabanalarga,Atlántico,TERRITORIAL,1262.6932040330896,baja,198,120,5896962963
2020,23807,Tierralta,Córdoba,NACIONAL,1260.0725944081503,baja,21,16,303586779
2020,68307,Girón,Santander,NACIONAL,1253.5182718498224,baja,35,24,743105825
2020,23555,Planeta Rica,Córdoba,TERRITORIAL,1253.113449524564,baja,284,141,19993184467
2020,25645,San Antonio del Tequendama,Cundinamarca,TERRITORIAL,1250.8762327932916,baja,501,253,7255535726
2020,68250,El Peñón,Santander,TERRITORIAL,1242.8674888844266,baja,245,162,6180606698
2020,05284,Frontino,Antioquia,NACIONAL,1237.5494279805275,baja,20,15,152727525
2020,25322,Guasca,Cundinamarca,TERRITORIAL,1237.5338221800769,baja,335,224,9331415050
2020,25035,Anapoima,Cundinamarca,TERRITORIAL,1234.9018815247168,baja,326,245,17736470370
2020,76892,Yumbo,Valle del Cauca,TERRITORIAL,1234.1526414667708,baja,3238,2433,183699229631
2020,05042,Santafé de Antioquia,Antioquia,TERRITORIAL,1231.9368654871216,baja,579,409,38758767452
2020,68861,Vélez,Santander,TERRITORIAL,1225.8489124763196,baja,372,240,20820742642
2020,13030,Altos del Rosario,Bolívar,TERRITORIAL,1225.7709457016147,baja,60,36,2960364990
2020,25779,Susa,Cundinamarca,TERRITORIAL,1223.2410806470111,baja,121,103,3474124655
2020,13074,Barranco de Loba,Bolívar,TERRITORIAL,1217.2986034299738,baja,338,216,10619631900
2020,08832,Tubará,Atlántico,TERRITORIAL,1216.7746377825542,baja,155,56,1154956031
2020,20011,Aguachica,Cesar,TERRITORIAL,1209.923960008663,baja,700,409,21204656515
2020,05628,Sabanalarga,Antioquia,TERRITORIAL,1203.1143672879882,baja,337,200,8028165031
2020,15542,Pesca,Boyacá,TERRITORIAL,1198.5442687005104,baja,213,143,6340886837
2020,99773,Cumaribo,Vichada,TERRITORIAL,1194.515048538972,baja,485,279,27044423722
2020,15806,Tibasosa,Boyacá,TERRITORIAL,1192.5290778125957,baja,485,331,19715979888
2020,70508,Ovejas,Sucre,TERRITORIAL,1187.7975853227001,baja,392,221,10664352584
2020,15466,Monguí,Boyacá,TERRITORIAL,1181.1097235021848,baja,172,97,4651093617
2020,52233,Cumbitara,Nariño,TERRITORIAL,1179.555204824946,baja,645,274,14621505505
2020,17388,La Merced,Caldas,TERRITORIAL,1156.6229479894764,baja,468,215,5462558822
2020,19392,La Sierra,Cauca,TERRITORIAL,1149.7221493342668,baja,294,202,6143104646
2020,50590,Puerto Rico,Meta,TERRITORIAL,1144.8265512661944,baja,419,243,10773257096
2020,41791,Tarqui,Huila,NACIONAL,1140.314319382288,baja,13,12,79581175
2020,05266,Envigado,Antioquia,TERRITORIAL,1138.698439178284,baja,1730,1430,163815256410
2020,68575,Puerto Wilches,Santander,TERRITORIAL,1129.2670542853987,baja,467,203,25498493729
2020,50006,Acacías,Meta,NACIONAL,1117.498308449791,baja,125,41,3166165226
2020,23574,Puerto Escondido,Córdoba,TERRITORIAL,1115.0867514854147,baja,410,283,12948080429
2020,13248,El Guamo,Bolívar,TERRITORIAL,1110.3571250709747,baja,80,63,4918572577
2020,15322,Guateque,Boyacá,NACIONAL,1107.4324036637074,baja,37,20,113718291
2020,05591,Puerto Triunfo,Antioquia,NACIONAL,1107.0975786266108,baja,29,22,579186001
2020,19110,Buenos Aires,Cauca,TERRITORIAL,1105.400333415954,baja,371,227,16014178562
2020,86760,Santiago,Putumayo,TERRITORIAL,1102.7637765105883,baja,305,141,4539925847
2020,25426,Macheta,Cundinamarca,TERRITORIAL,1099.4982469090387,baja,139,112,4376584086
2020,25899,Zipaquirá,Cundinamarca,NACIONAL,1098.4221302706576,baja,24,17,310481186
2020,13670,San Pablo,Bolívar,TERRITORIAL,1097.4761292296575,baja,89,69,2230278401
2020,19100,Bolívar,Cauca,NACIONAL,1096.0956579309589,baja,37,21,243529644
2020,15135,Campohermoso,Boyacá,NACIONAL,1091.5441077926475,baja,36,21,67659034
2020,15087,Belén,Boyacá,TERRITORIAL,1086.727713859282,baja,196,152,4700679751
2020,25183,Chocontá,Cundinamarca,NACIONAL,1082.9869263861908,baja,24,12,129251687
2020,73268,Espinal,Tolima,NACIONAL,1081.5823439988899,baja,28,24,516934190
2020,08549,Piojó,Atlántico,TERRITORIAL,1079.1720292734497,baja,22,19,634422598
2020,05031,Amalfi,Antioquia,TERRITORIAL,1078.560207874391,baja,522,291,15853016700
2020,23168,Chimá,Córdoba,TERRITORIAL,1077.2427087779367,baja,200,133,6925300627
2020,19397,La Vega,Cauca,TERRITORIAL,1075.3045267699808,baja,415,280,14513932216
2020,15673,San Mateo,Boyacá,NACIONAL,1067.9042391694975,baja,16,12,37471686
2020,52699,Santacruz,Nariño,TERRITORIAL,1063.439603850033,baja,655,373,16770987653
2020,52411,Linares,Nariño,TERRITORIAL,1055.811939205356,baja,711,379,9384314680
2020,05604,Remedios,Antioquia,TERRITORIAL,1054.2664574825462,baja,1359,424,33440563991
2020,73449,Melgar,Tolima,NACIONAL,1048.4515448447773,baja,107,92,8721378824
2020,73152,Casabianca,Tolima,TERRITORIAL,1047.796857582266,baja,312,152,4733330541
2020,54498,Ocaña,Norte de Santander,TERRITORIAL,1045.7410790002339,baja,1690,829,91823426071
2020,25740,Sibaté,Cundinamarca,TERRITORIAL,1043.7255106832001,baja,459,346,15190401445
2020,68895,Zapatoca,Santander,TERRITORIAL,1043.2461970530321,baja,112,89,3508968518
2020,19050,Argelia,Cauca,TERRITORIAL,1041.5058664365745,baja,403,243,16851948227
2020,41791,Tarqui,Huila,TERRITORIAL,1038.0239709538926,baja,379,207,6993213015
2020,70429,Majagual,Sucre,TERRITORIAL,1036.492922436417,baja,440,248,16447165116
2020,25740,Sibaté,Cundinamarca,NACIONAL,1029.84767817136,baja,211,142,7644549606
2020,73555,Planadas,Tolima,TERRITORIAL,1028.3015794479636,baja,767,413,14904806502
2020,25823,Topaipí,Cundinamarca,TERRITORIAL,1019.4041159837152,baja,170,98,4083901408
2020,27413,Lloró,Chocó,TERRITORIAL,1016.309427509757,baja,58,34,2601958186
2020,05154,Caucasia,Antioquia,TERRITORIAL,1015.9092353083863,baja,502,318,18422332711
2020,13650,San Fernando,Bolívar,TERRITORIAL,1015.186465953886,baja,41,33,2285254248
2020,17513,Pácora,Caldas,NACIONAL,1014.3961220647338,baja,29,24,100370304
2020,25430,Madrid,Cundinamarca,NACIONAL,1013.3600850159438,baja,68,63,5572663934
2020,52685,San Bernardo,Nariño,TERRITORIAL,1013.0731507676892,baja,586,310,5563679706
2020,20060,Bosconia,Cesar,TERRITORIAL,1005.9056147561049,baja,760,340,9733608742
2020,19573,Puerto Tejada,Cauca,TERRITORIAL,1004.122426617102,baja,463,289,16550903120
2020,76243,El Águila,Valle del Cauca,TERRITORIAL,1003.9964471004895,baja,199,105,2766463869
2020,15299,Garagoa,Boyacá,TERRITORIAL,1003.924669785201,baja,387,234,9395128573
2020,19809,Timbiquí,Cauca,TERRITORIAL,1003.5757642483678,baja,104,78,2644537206
2020,05887,Yarumal,Antioquia,NACIONAL,1003.5507709940174,baja,24,18,264559816
2020,19130,Cajibío,Cauca,TERRITORIAL,1002.9440811465955,baja,356,268,13427142116
2020,81736,Saravena,Arauca,NACIONAL,1001.3675651656929,baja,29,23,1601676647
2020,15740,Siachoque,Boyacá,NACIONAL,1000.6480283772507,baja,17,15,150726679
2020,68276,Floridablanca,Santander,TERRITORIAL,992.8182567009483,baja,3532,2199,145920639718
2020,19022,Almaguer,Cauca,TERRITORIAL,986.0283729168525,baja,214,147,8781792229
2020,70233,El Roble,Sucre,TERRITORIAL,984.6058030258698,baja,126,85,3785999974
2020,19743,Silvia,Cauca,TERRITORIAL,982.8077043642425,baja,248,157,8273596980
2020,25245,El Colegio,Cundinamarca,NACIONAL,971.6754378993988,baja,19,13,148928876
2020,15693,Santa Rosa de Viterbo,Boyacá,NACIONAL,971.4479649342536,baja,29,22,369419685
2020,20013,Agustín Codazzi,Cesar,TERRITORIAL,968.4954748082424,baja,1338,615,24831044939
2020,13300,Hatillo de Loba,Bolívar,TERRITORIAL,966.5991851223134,baja,238,142,7669020385
2020,05172,Chigorodó,Antioquia,TERRITORIAL,965.6135909264004,baja,570,337,38210325017
2020,52390,La Tola,Nariño,TERRITORIAL,962.909871355994,baja,827,351,20214095595
2020,73461,Murillo,Tolima,TERRITORIAL,951.6332793870143,baja,191,123,2773281728
2020,19100,Bolívar,Cauca,TERRITORIAL,942.272020131345,baja,490,260,6202992656
2020,08001,Barranquilla,Atlántico,NACIONAL,941.7110364305373,baja,3750,2847,1162716635150
2020,15638,Sáchica,Boyacá,TERRITORIAL,934.3837357315024,baja,250,165,6557023356
2020,50577,Puerto Lleras,Meta,TERRITORIAL,924.1005880075286,baja,205,98,4389824513
2020,05001,Medellín,Antioquia,TERRITORIAL,917.5781099819106,baja,83413,28841,12051091250157
2020,25797,Tena,Cundinamarca,TERRITORIAL,914.5141002338548,baja,244,163,4131605620
2020,41668,San Agustín,Huila,TERRITORIAL,911.1627953881051,baja,716,340,18500328372
2020,81065,Arauquita,Arauca,TERRITORIAL,911.1228080946784,baja,358,216,19461294145
2020,15740,Siachoque,Boyacá,TERRITORIAL,910.2231469393002,baja,245,159,5150285911
2020,05893,Yondó,Antioquia,TERRITORIAL,908.3901391541185,baja,453,300,39757587997
2020,05234,Dabeiba,Antioquia,TERRITORIAL,907.4108807548649,baja,613,381,21506531320
2020,23580,Puerto Libertador,Córdoba,TERRITORIAL,906.6590224655523,baja,423,227,15036243189
2020,20750,San Diego,Cesar,TERRITORIAL,905.0152706885507,baja,551,202,5244429102
2020,52317,Guachucal,Nariño,NACIONAL,901.8648929717692,baja,17,16,165236807
2020,08001,Barranquilla,Atlántico,TERRITORIAL,898.7446486072936,baja,14207,8373,2640345274780
2020,05790,Tarazá,Antioquia,TERRITORIAL,897.2193479202119,baja,379,224,22752710623
2020,68264,Encino,Santander,TERRITORIAL,896.8909066193241,baja,171,102,3169930314
2020,73616,Rioblanco,Tolima,TERRITORIAL,895.1438228809508,baja,411,261,10065010782
2020,19450,Mercaderes,Cauca,TERRITORIAL,888.2459585074834,baja,318,202,7540940000
2020,68855,Valle de San José,Santander,TERRITORIAL,885.2201412583017,baja,216,135,5312980798
2020,44560,Manaure,La Guajira,TERRITORIAL,875.2303303011086,baja,374,253,17676420635
2020,19807,Timbío,Cauca,TERRITORIAL,873.0684747860605,baja,398,249,16247244797
2020,68689,San Vicente de Chucurí,Santander,TERRITORIAL,870.0846031195865,baja,536,259,18652561202
2020,41349,Hobo,Huila,NACIONAL,870.0395650242418,baja,76,60,1452513954
2020,70221,Coveñas,Sucre,NACIONAL,858.383380062309,baja,60,54,6203959246
2020,19075,Balboa,Cauca,TERRITORIAL,856.066372343064,baja,265,180,4114922411
2020,76020,Alcalá,Valle del Cauca,TERRITORIAL,850.2544670706068,baja,355,187,7453963027
2020,76100,Bolívar,Valle del Cauca,NACIONAL,849.9610982294183,baja,20,19,86673567
2020,08078,Baranoa,Atlántico,TERRITORIAL,845.4613647620184,baja,948,427,21973718746
2020,70820,Santiago de Tolú,Sucre,TERRITORIAL,842.0868823224879,baja,522,299,22787268329
2020,05659,San Juan de Urabá,Antioquia,TERRITORIAL,839.8330166926199,baja,165,114,3864698515
2020,15464,Mongua,Boyacá,TERRITORIAL,839.6445872075177,baja,284,210,6998650822
2020,27135,El Cantón del San Pablo,Chocó,TERRITORIAL,839.4322845451993,baja,107,79,4295314466
2020,23670,San Andrés Sotavento,Córdoba,TERRITORIAL,829.8917364810497,baja,693,448,31260145476
2020,41001,Neiva,Huila,NO_DEFINIDO,827.768580270113,baja,160,131,2609139697
2020,23189,Ciénaga de Oro,Córdoba,TERRITORIAL,827.278483180698,baja,437,260,21576190945
2020,63190,Circasia,Quindío,NACIONAL,826.1060508980072,baja,48,34,247835800
2020,86568,Puerto Asís,Putumayo,TERRITORIAL,824.9794696295821,baja,1584,840,49986589845
2020,50313,Granada,Meta,TERRITORIAL,821.4739643335628,baja,1105,717,65466113860
2020,23500,Moñitos,Córdoba,TERRITORIAL,814.9722729138687,baja,166,104,7527664625
2020,13620,San Cristóbal,Bolívar,TERRITORIAL,814.8547161838144,baja,104,75,2912318071
2020,85440,Villanueva,Casanare,TERRITORIAL,810.3505127387515,baja,518,308,21566104824
2020,05665,San Pedro de Uraba,Antioquia,TERRITORIAL,807.9514320225953,baja,435,271,20991941586
2020,70001,Sincelejo,Sucre,TERRITORIAL,804.4994075114048,baja,6252,3071,437149979336
2020,20001,Valledupar,Cesar,NO_DEFINIDO,801.1139604979094,baja,356,149,819702859
2020,05789,Támesis,Antioquia,TERRITORIAL,795.3448615904605,baja,484,229,8717861836
2020,27787,Tadó,Chocó,TERRITORIAL,792.9510412184691,baja,68,61,2614950120
2020,13442,María la Baja,Bolívar,TERRITORIAL,792.6026989778214,baja,378,210,11700707220
2020,15696,Santa Sofía,Boyacá,TERRITORIAL,789.8271508735628,baja,159,114,4942270267
2020,05591,Puerto Triunfo,Antioquia,TERRITORIAL,789.3562427454335,baja,293,168,9679316126
2020,50400,Lejanías,Meta,TERRITORIAL,785.9640854149862,baja,281,133,6543244742
2020,19532,Patía,Cauca,TERRITORIAL,785.9603574132614,baja,633,317,26854790352
2020,63470,Montenegro,Quindío,NACIONAL,783.7646441138158,baja,23,20,161915112
2020,15236,Chivor,Boyacá,TERRITORIAL,782.2894473279778,baja,170,99,2743115963
2020,05856,Valparaíso,Antioquia,TERRITORIAL,782.1151035943983,baja,208,127,5290748248
2020,47541,Pedraza,Magdalena,TERRITORIAL,781.2496676362517,baja,249,152,2819678297
2020,13549,Pinillos,Bolívar,TERRITORIAL,779.1624795104347,baja,78,65,3184216101
2020,23068,Ayapel,Córdoba,TERRITORIAL,776.8001487927337,baja,277,190,11296105334
2020,05315,Guadalupe,Antioquia,TERRITORIAL,774.8995182138476,baja,147,98,4142258049
2020,15755,Socotá,Boyacá,TERRITORIAL,770.244054010927,baja,210,148,6536362851
2020,68307,Girón,Santander,TERRITORIAL,768.4836139055492,baja,945,662,36703947115
2020,52354,Imués,Nariño,TERRITORIAL,768.4508175580584,baja,121,101,778322348
2020,86219,Colón,Putumayo,TERRITORIAL,761.4152066635618,baja,317,168,3322293211
2020,25099,Bojacá,Cundinamarca,TERRITORIAL,760.7247344645629,baja,322,222,7623102862
2020,27600,Río Quito,Chocó,TERRITORIAL,757.9173669654748,baja,112,77,3313883238
2020,15790,Tasco,Boyacá,TERRITORIAL,754.802442076086,baja,206,135,4164315574
2020,15664,San José de Pare,Boyacá,TERRITORIAL,751.9667389413962,baja,172,124,4739630590
2020,54377,Labateca,Norte de Santander,TERRITORIAL,750.3693527724454,baja,208,138,6764703553
2020,18460,Milán,Caquetá,TERRITORIAL,749.6580464581095,baja,173,116,4635833619
2020,05147,Carepa,Antioquia,TERRITORIAL,748.0802582240143,baja,337,217,21202897438
2020,05364,Jardín,Antioquia,TERRITORIAL,746.1747585668866,baja,1206,317,11846843072
2020,25777,Supatá,Cundinamarca,TERRITORIAL,742.6771177045616,baja,184,125,2904051094
2020,27800,Unguía,Chocó,TERRITORIAL,741.8199324831187,baja,113,63,3429290017
2020,81591,Puerto Rondón,Arauca,TERRITORIAL,738.8864942855785,baja,123,73,2832337337
2020,27250,El Litoral del San Juan,Chocó,TERRITORIAL,737.5339971074466,baja,191,131,5518316982
2020,73352,Icononzo,Tolima,NACIONAL,735.6212462488417,baja,47,27,176120615
2020,76403,La Victoria,Valle del Cauca,TERRITORIAL,735.4731747064397,baja,311,153,4816088530
2020,25269,Facatativá,Cundinamarca,NACIONAL,732.2305295290611,baja,236,191,39690051867
2020,13458,Montecristo,Bolívar,TERRITORIAL,732.1834164805427,baja,188,134,8513275781
2020,52019,Albán,Nariño,TERRITORIAL,730.9440739566461,baja,660,310,9941182286
2020,13654,San Jacinto,Bolívar,TERRITORIAL,730.3143282340545,baja,192,137,7691787206
2020,13440,Margarita,Bolívar,TERRITORIAL,729.2448449114491,baja,117,78,6827505073
2020,85300,Sabanalarga,Casanare,TERRITORIAL,728.7415825838459,baja,301,192,8268321162
2020,66572,Pueblo Rico,Risaralda,TERRITORIAL,728.0937015758279,baja,348,234,10099722251
2020,50573,Puerto López,Meta,TERRITORIAL,727.6156717510208,baja,1149,567,52125391535
2020,05321,Guatapé,Antioquia,TERRITORIAL,726.6754750080587,baja,801,414,25666459263
2020,15172,Chinavita,Boyacá,TERRITORIAL,724.0045370730124,baja,135,90,3042725677
2020,50370,Uribe,Meta,TERRITORIAL,722.6891358219739,baja,251,162,10511420724
2020,05659,San Juan de Urabá,Antioquia,NACIONAL,722.4132780740459,baja,258,146,2593738793
2020,44650,San Juan del Cesar,La Guajira,TERRITORIAL,720.5255402513816,baja,790,414,38527089603
2020,25402,La Vega,Cundinamarca,TERRITORIAL,719.7707779107608,baja,1028,597,19886202146
2020,25807,Tibirita,Cundinamarca,TERRITORIAL,719.0782316889628,baja,163,113,2786502911
2020,73347,Herveo,Tolima,TERRITORIAL,717.3628922347931,baja,165,102,1491916629
2020,19142,Caloto,Cauca,TERRITORIAL,717.0238992376256,baja,497,247,20946629355
2020,68655,Sabana de Torres,Santander,TERRITORIAL,716.9113598207512,baja,514,254,17190906607
2020,70713,San Onofre,Sucre,TERRITORIAL,715.6063826986322,baja,698,354,14157580705
2020,54553,Puerto Santander,Norte de Santander,TERRITORIAL,715.3185669793742,baja,197,132,2767100620
2020,66400,La Virginia,Risaralda,TERRITORIAL,714.9284497985715,baja,722,397,28105708942
2020,19548,Piendamó,Cauca,TERRITORIAL,714.642681941593,baja,905,507,23482626353
2020,66594,Quinchía,Risaralda,TERRITORIAL,705.4378562133011,baja,562,333,11253178053
2020,47460,Nueva Granada,Magdalena,TERRITORIAL,705.0889200743982,baja,294,180,7897949995
2020,17495,Norcasia,Caldas,TERRITORIAL,702.4231034876175,baja,435,232,7649187176
2020,73043,Anzoátegui,Tolima,TERRITORIAL,697.019398429632,baja,220,163,4012685878
2020,05264,Entrerrios,Antioquia,TERRITORIAL,694.6610324308917,baja,233,181,7333056577
2020,23686,San Pelayo,Córdoba,TERRITORIAL,691.5100107439035,baja,497,256,19360667224
2020,52352,Iles,Nariño,TERRITORIAL,688.6815652143792,baja,709,332,8931139008
2020,05353,Hispania,Antioquia,TERRITORIAL,688.5317987847225,baja,398,190,4556445221
2020,86573,Leguízamo,Putumayo,NACIONAL,686.083881617852,baja,51,44,6438708756
2020,85125,Hato Corozal,Casanare,TERRITORIAL,683.5086495746443,baja,217,128,7115679020
2020,73622,Roncesvalles,Tolima,TERRITORIAL,676.5413787860178,baja,385,215,4963465339
2020,68498,Ocamonte,Santander,TERRITORIAL,675.3467103852317,baja,171,104,2717557726
2020,54800,Teorama,Norte de Santander,TERRITORIAL,674.5036496224502,baja,164,112,7267551436
2020,15469,Moniquirá,Boyacá,NACIONAL,673.3075109255642,baja,63,41,414503895
2020,15832,Tununguá,Boyacá,TERRITORIAL,673.0790295919267,baja,133,101,1796128674
2020,54344,Hacarí,Norte de Santander,TERRITORIAL,671.908934135555,baja,157,122,12555131209
2020,95001,San José del Guaviare,Guaviare,NACIONAL,671.5678446688686,baja,395,332,29358800143
2020,05360,Itagui,Antioquia,TERRITORIAL,671.2983211431468,baja,5114,1072,326426437150
2020,13600,Río Viejo,Bolívar,TERRITORIAL,669.1241128068225,baja,153,126,4115206063
2020,73270,Falan,Tolima,TERRITORIAL,664.0318610266734,baja,312,177,4709975818
2020,70124,Caimito,Sucre,TERRITORIAL,659.9169670836837,baja,295,183,4455508753
2020,27099,Bojaya,Chocó,TERRITORIAL,658.1824080984666,baja,121,29,8038292379
2020,17524,Palestina,Caldas,TERRITORIAL,656.2906924423611,baja,289,201,6512469883
2020,05686,Santa Rosa de Osos,Antioquia,TERRITORIAL,654.242811451258,baja,459,272,13082533914
2020,44035,Albania,La Guajira,TERRITORIAL,653.8407675586581,baja,274,170,38342098395
2020,25053,Arbeláez,Cundinamarca,TERRITORIAL,653.832198662729,baja,255,171,4256322044
2020,85315,Sácama,Casanare,TERRITORIAL,652.9388963246215,baja,169,107,3712066819
2020,23079,Buenavista,Córdoba,TERRITORIAL,652.3547833066219,baja,484,235,8805854841
2020,25662,San Juan de Río Seco,Cundinamarca,TERRITORIAL,649.3526046347711,baja,621,292,6940867059
2020,47703,San Zenón,Magdalena,TERRITORIAL,646.5838681383292,baja,275,148,4188435949
2020,70215,Corozal,Sucre,NACIONAL,643.4205364548465,baja,57,54,3384901602
2020,15810,Tipacoque,Boyacá,TERRITORIAL,642.9792146018459,baja,207,123,3369711493
2020,11001,Bogotá D.C.,Bogotá,TERRITORIAL,641.883739652866,baja,54724,36479,13110843484499
2020,25183,Chocontá,Cundinamarca,TERRITORIAL,638.3437910840706,baja,996,633,22124553374
2020,05045,Apartadó,Antioquia,TERRITORIAL,638.2029671027983,baja,819,591,148499205669
2020,73854,Valle de San Juan,Tolima,TERRITORIAL,636.3972679112521,baja,301,170,4285552146
2020,15822,Tota,Boyacá,TERRITORIAL,635.8345771847105,baja,315,212,6453699201
2020,15531,Pauna,Boyacá,TERRITORIAL,630.5862986257285,baja,253,158,7535726940
2020,68344,Hato,Santander,TERRITORIAL,629.2169499029404,baja,105,80,3539268618
2020,08675,Santa Lucía,Atlántico,TERRITORIAL,624.2659650301672,baja,193,160,1542317947
2020,41359,Isnos,Huila,TERRITORIAL,616.5791072792028,baja,636,316,13933403501
2020,52256,El Rosario,Nariño,TERRITORIAL,612.6078435379563,baja,599,319,7548285267
2020,76122,Caicedonia,Valle del Cauca,TERRITORIAL,612.1248159718016,baja,593,317,12597799196
2020,05809,Titiribí,Antioquia,TERRITORIAL,611.476385647411,baja,314,191,6050660465
2020,05690,Santo Domingo,Antioquia,NACIONAL,608.623198832337,baja,54,38,370470084
2020,13430,Magangué,Bolívar,TERRITORIAL,608.4533683695724,baja,298,181,6243418715
2020,15816,Togüí,Boyacá,TERRITORIAL,606.0284555455452,baja,255,166,3134638087
2020,23001,Montería,Córdoba,TERRITORIAL,605.3810936392092,baja,4653,2775,557403090920
2020,15185,Chitaraque,Boyacá,TERRITORIAL,602.0094918774437,baja,251,189,4155800257
2020,15109,Buenavista,Boyacá,TERRITORIAL,601.1580317900524,baja,208,129,3465440102
2020,68147,Capitanejo,Santander,TERRITORIAL,600.3065161365547,baja,250,136,3735739679
2020,15022,Almeida,Boyacá,TERRITORIAL,600.3022291885765,baja,140,91,3037027785
2020,05679,Santa Bárbara,Antioquia,TERRITORIAL,599.512505755192,baja,403,249,8172202471
2020,18001,Florencia,Caquetá,NACIONAL,599.0058361927018,baja,510,410,89559408827
2020,13062,Arroyohondo,Bolívar,TERRITORIAL,598.3719979097152,baja,218,122,2991679392
2020,15276,Floresta,Boyacá,TERRITORIAL,596.8155209733668,baja,170,115,1762481345
2020,68121,Cabrera,Santander,TERRITORIAL,595.4823010735948,baja,215,111,3997922960
2020,15753,Soatá,Boyacá,TERRITORIAL,594.1360723989173,baja,451,295,15349517199
2020,20383,La Gloria,Cesar,TERRITORIAL,593.3569194066822,baja,256,171,4398890856
2020,76400,La Unión,Valle del Cauca,TERRITORIAL,592.9974422308437,baja,561,342,12447929643
2020,17442,Marmato,Caldas,TERRITORIAL,591.9647005397072,baja,584,253,7285033407
2020,15764,Soracá,Boyacá,TERRITORIAL,590.4075615941072,baja,215,148,4374789810
2020,54206,Convención,Norte de Santander,TERRITORIAL,590.0262557498226,baja,274,153,6314880611
2020,68669,San Andrés,Santander,TERRITORIAL,588.9112263227305,baja,304,181,4831682934
2020,15469,Moniquirá,Boyacá,TERRITORIAL,588.8942388652603,baja,680,385,22277955995
2020,44874,Villanueva,La Guajira,TERRITORIAL,588.750077569267,baja,767,322,5930140896
2020,23182,Chinú,Córdoba,TERRITORIAL,588.3880677410052,baja,201,150,7624060149
2020,19455,Miranda,Cauca,TERRITORIAL,588.3336700723146,baja,386,260,9929796012
2020,99001,Puerto Carreño,Vichada,NACIONAL,582.6288396478822,baja,342,274,31277661768
2020,15681,San Pablo de Borbur,Boyacá,TERRITORIAL,582.6085795041614,baja,160,117,4958575207
2020,70771,Sucre,Sucre,NACIONAL,579.6186502308923,baja,48,33,184679785
2020,81220,Cravo Norte,Arauca,TERRITORIAL,575.6640640152848,baja,215,87,2959439854
2020,73408,Lérida,Tolima,NACIONAL,575.5722651818985,baja,46,35,263136464
2020,08001,Barranquilla,Atlántico,NO_DEFINIDO,575.4709107188495,baja,148,92,2496165699
2020,73349,Honda,Tolima,TERRITORIAL,574.1637443898912,baja,800,420,34254964920
2020,15673,San Mateo,Boyacá,TERRITORIAL,573.8965257360232,baja,89,62,2032694202
2020,05649,San Carlos,Antioquia,TERRITORIAL,570.1591444495822,baja,516,320,13694165669
2020,41306,Gigante,Huila,TERRITORIAL,569.5306559649767,baja,668,342,10455376862
2020,95001,San José del Guaviare,Guaviare,TERRITORIAL,567.1904647699747,baja,4129,2070,184928463191
2020,25293,Gachala,Cundinamarca,NACIONAL,567.084038063347,baja,621,392,41860288504
2020,47551,Pivijay,Magdalena,TERRITORIAL,565.7425129840641,baja,2304,559,18102459313
2020,50245,El Calvario,Meta,TERRITORIAL,563.5568001040625,baja,89,68,2005982166
2020,50124,Cabuyaro,Meta,TERRITORIAL,563.3824326630383,baja,309,175,7189131926
2020,05652,San Francisco,Antioquia,TERRITORIAL,562.8362736059848,baja,312,202,6043274555
2020,05660,San Luis,Antioquia,TERRITORIAL,562.6640004619783,baja,837,416,13086692038
2020,13212,Córdoba,Bolívar,TERRITORIAL,561.9946598954758,baja,427,263,5092315237
2020,05585,Puerto Nare,Antioquia,TERRITORIAL,561.5680737865306,baja,555,306,13966704559
2020,86569,Puerto Caicedo,Putumayo,TERRITORIAL,557.5608517132273,baja,431,250,6641442887
2020,68190,Cimitarra,Santander,TERRITORIAL,556.5935137148568,baja,929,416,31072130188
2020,50450,Puerto Concordia,Meta,TERRITORIAL,555.8315724767765,baja,328,209,15389801788
2020,05480,Mutatá,Antioquia,TERRITORIAL,555.7628317691913,baja,540,337,9866840377
2020,47161,Cerro San Antonio,Magdalena,TERRITORIAL,555.0968851267385,baja,180,138,1781893595
2020,19821,Toribio,Cauca,TERRITORIAL,554.8730287936753,baja,389,248,15469308575
2020,66088,Belén de Umbría,Risaralda,TERRITORIAL,554.2646358624619,baja,559,320,14624418126
2020,68418,Los Santos,Santander,TERRITORIAL,554.1160743833701,baja,237,149,6714630580
2020,68211,Contratación,Santander,NACIONAL,552.817183481239,baja,78,46,1507481140
2020,05667,San Rafael,Antioquia,TERRITORIAL,552.393514035754,baja,337,182,8949701469
2020,68101,Bolívar,Santander,TERRITORIAL,551.5821765177557,baja,199,148,5883483213
2020,52356,Ipiales,Nariño,TERRITORIAL,550.8449343044834,baja,3168,1754,75372589886
2020,41799,Tello,Huila,TERRITORIAL,549.9358790284183,baja,476,228,12435466106
2020,73055,Armero,Tolima,TERRITORIAL,547.031212368453,baja,266,156,2271266381
2020,76306,Ginebra,Valle del Cauca,TERRITORIAL,546.8642427460701,baja,866,280,9586602757
2020,68867,Vetas,Santander,TERRITORIAL,545.654096998149,baja,119,74,1484052165
2020,15600,Ráquira,Boyacá,TERRITORIAL,545.5572789905603,baja,186,127,5847267661
2020,17486,Neira,Caldas,TERRITORIAL,545.3918214618913,baja,378,259,5299135939
2020,66318,Guática,Risaralda,TERRITORIAL,545.1587050761345,baja,209,149,4265014665
2020,05113,Buriticá,Antioquia,TERRITORIAL,544.9461952863994,baja,327,216,9317479261
2020,50686,San Juanito,Meta,TERRITORIAL,544.0519199576847,baja,92,59,1533379162
2020,19533,Piamonte,Cauca,TERRITORIAL,543.601919346741,baja,247,150,7444386063
2020,25843,Villa de San Diego de Ubate,Cundinamarca,TERRITORIAL,540.5312057496307,baja,1294,692,30602892389
2020,50251,El Castillo,Meta,TERRITORIAL,540.4701209591802,baja,197,112,4224272823
2020,13160,Cantagallo,Bolívar,TERRITORIAL,539.4810529559021,baja,318,201,9725250659
2020,70523,Palmito,Sucre,TERRITORIAL,539.0621758891983,baja,277,144,8473674210
2020,52250,El Charco,Nariño,TERRITORIAL,538.0718407454815,baja,125,72,4866850430
2020,05895,Zaragoza,Antioquia,TERRITORIAL,536.9972144383114,baja,335,200,10048549363
2020,15757,Socha,Boyacá,TERRITORIAL,536.1582890195798,baja,237,157,5841576602
2020,05501,Olaya,Antioquia,TERRITORIAL,534.5241891881395,baja,258,128,3628375829
2020,95001,San José del Guaviare,Guaviare,NO_DEFINIDO,534.5168416215803,baja,125,74,258376361
2020,05761,Sopetrán,Antioquia,TERRITORIAL,534.0868332086102,baja,341,153,4210894712
2020,50711,Vistahermosa,Meta,TERRITORIAL,532.6670745799431,baja,242,161,8232366897
2020,66682,Santa Rosa de Cabal,Risaralda,NO_DEFINIDO,531.2085332147742,baja,99,67,143381878
2020,13673,Santa Catalina,Bolívar,TERRITORIAL,530.3896508414905,baja,177,122,3007135627
2020,68271,Florián,Santander,TERRITORIAL,528.8438809533136,baja,229,156,4525104338
2020,15189,Ciénega,Boyacá,TERRITORIAL,528.4765933230586,baja,168,118,2319234048
2020,41013,Agrado,Huila,TERRITORIAL,528.3331240380764,baja,428,247,5568666407
2020,05308,Girardota,Antioquia,TERRITORIAL,527.9011318928215,baja,810,616,54100125634
2020,25368,Jerusalén,Cundinamarca,TERRITORIAL,524.8486357207673,baja,120,83,3043457568
2020,73226,Cunday,Tolima,TERRITORIAL,524.1725942987541,baja,423,212,4909275478
2020,25307,Girardot,Cundinamarca,TERRITORIAL,523.1292226896809,baja,1476,1012,26477476408
2020,47720,Santa Bárbara de Pinto,Magdalena,TERRITORIAL,522.0979574318513,baja,821,306,6326043696
2020,25200,Cogua,Cundinamarca,TERRITORIAL,519.1550646693447,baja,83,76,4210594452
2020,68755,Socorro,Santander,TERRITORIAL,517.0217635661184,baja,640,418,42649781747
2020,68773,Sucre,Santander,TERRITORIAL,515.5072304160354,baja,250,157,4530212866
2020,25612,Ricaurte,Cundinamarca,TERRITORIAL,514.6046640262623,baja,624,442,17424401049
2020,27150,Carmen del Darien,Chocó,TERRITORIAL,514.449026640792,baja,110,74,2649641250
2020,05847,Urrao,Antioquia,TERRITORIAL,514.3536242903573,baja,587,301,11942640956
2020,19137,Caldono,Cauca,TERRITORIAL,512.3500500140569,baja,169,118,6834628879
2020,13006,Achí,Bolívar,TERRITORIAL,511.2027701681148,baja,1721,557,13998490812
2020,50226,Cumaral,Meta,TERRITORIAL,507.83353485986316,baja,500,320,7213329190
2020,05040,Anorí,Antioquia,TERRITORIAL,507.40910703849653,baja,254,149,5210650363
2020,95015,Calamar,Guaviare,TERRITORIAL,505.1857981298188,baja,211,143,5512461803
2020,73770,Suárez,Tolima,TERRITORIAL,502.6711641689197,baja,300,153,5090929063
2020,15293,Gachantivá,Boyacá,TERRITORIAL,501.5291683944479,baja,235,152,4028116567
2020,47205,Concordia,Magdalena,TERRITORIAL,499.04995815434455,baja,207,132,3443852202
2020,05656,San Jerónimo,Antioquia,TERRITORIAL,496.5827240994404,baja,443,254,13997857808
2020,15667,San Luis de Gaceno,Boyacá,TERRITORIAL,496.49647367767193,baja,290,198,4910718457
2020,05284,Frontino,Antioquia,TERRITORIAL,496.177130823266,baja,408,230,11387414107
2020,25430,Madrid,Cundinamarca,TERRITORIAL,495.64663683671756,baja,1564,1209,56944869645
2020,70235,Galeras,Sucre,NACIONAL,495.43258667179737,baja,59,37,462940946
2020,47570,Puebloviejo,Magdalena,TERRITORIAL,495.35873120098444,baja,583,308,3994259474
2020,23815,Tuchín,Córdoba,TERRITORIAL,495.26591478406993,baja,164,108,10100360819
2020,15839,Tutazá,Boyacá,NACIONAL,494.96083297840323,baja,63,41,246875828
2020,15861,Ventaquemada,Boyacá,TERRITORIAL,493.94716753377344,baja,341,225,7624031410
2020,66456,Mistrató,Risaralda,TERRITORIAL,492.7196576024266,baja,377,246,11910404640
2020,15407,Villa de Leyva,Boyacá,TERRITORIAL,491.69284699366693,baja,366,271,9246020282
2020,54245,El Carmen,Norte de Santander,TERRITORIAL,489.8168048438916,baja,318,188,5211777677
2020,95200,Miraflores,Guaviare,TERRITORIAL,486.7011919103056,baja,263,149,7083943079
2020,15204,Cómbita,Boyacá,NACIONAL,485.43454273646404,baja,89,63,523220422
2020,25001,Agua de Dios,Cundinamarca,TERRITORIAL,485.35469198726975,baja,1382,863,51319155693
2020,41078,Baraya,Huila,TERRITORIAL,485.0465390768287,baja,603,271,8364938432
2020,97161,Caruru,Vaupés,TERRITORIAL,482.31395338467206,baja,144,95,4318194954
2020,05861,Venecia,Antioquia,TERRITORIAL,482.0286882666136,baja,650,241,5859269284
2020,50150,Castilla la Nueva,Meta,TERRITORIAL,481.8951821881676,baja,792,415,29839670529
2020,68318,Guaca,Santander,TERRITORIAL,481.1818267799659,baja,226,151,4055654005
2020,68020,Albania,Santander,TERRITORIAL,480.5709796779141,baja,216,133,4339212500
2020,85250,Paz de Ariporo,Casanare,TERRITORIAL,480.35454698462445,baja,550,336,11504502564
2020,50006,Acacías,Meta,TERRITORIAL,480.2721310690831,baja,1612,849,73100034880
2020,25436,Manta,Cundinamarca,TERRITORIAL,480.0552265951916,baja,117,84,2366165639
2020,23417,Lorica,Córdoba,TERRITORIAL,477.0628446413299,baja,1191,646,34265361262
2020,76736,Sevilla,Valle del Cauca,TERRITORIAL,476.91649352783406,baja,744,450,20413020074
2020,68705,Santa Bárbara,Santander,TERRITORIAL,476.8613095403573,baja,155,107,3864221952
2020,68327,Güepsa,Santander,TERRITORIAL,475.5220531054514,baja,134,69,2367977226
2020,15550,Pisba,Boyacá,TERRITORIAL,474.8691275642997,baja,201,128,3068791723
2020,17446,Marulanda,Caldas,TERRITORIAL,474.7998744071388,baja,186,126,1953274855
2020,25488,Nilo,Cundinamarca,TERRITORIAL,473.2579973407522,baja,465,274,8703296926
2020,19780,Suárez,Cauca,TERRITORIAL,472.9363385425057,baja,278,181,9677537350
2020,47245,El Banco,Magdalena,TERRITORIAL,472.7846695191745,baja,4171,952,21871294059
2020,15494,Nuevo Colón,Boyacá,TERRITORIAL,470.00749348602625,baja,248,176,4767741450
2020,81001,Arauca,Arauca,NACIONAL,469.7409004793732,baja,428,366,57453378551
2020,15720,Sativanorte,Boyacá,TERRITORIAL,468.8451791996348,baja,124,94,2991281263
2020,05690,Santo Domingo,Antioquia,TERRITORIAL,467.72999345239566,baja,272,180,7565523142
2020,68152,Carcasí,Santander,TERRITORIAL,466.7518231402635,baja,141,89,3058442379
2020,50568,Puerto Gaitán,Meta,TERRITORIAL,465.6227335406101,baja,1589,794,60158660175
2020,15218,Covarachía,Boyacá,TERRITORIAL,465.46809594894165,baja,170,101,4369885272
2020,23660,Sahagún,Córdoba,TERRITORIAL,464.9254164464326,baja,476,304,62235630907
2020,68468,Molagavita,Santander,TERRITORIAL,464.2909458899303,baja,170,117,4137345639
2020,27001,Quibdó,Chocó,TERRITORIAL,462.81846047669205,baja,1965,1283,75892696114
2020,70702,San Juan de Betulia,Sucre,TERRITORIAL,462.7283911090759,baja,166,106,3826231638
2020,13836,Turbaco,Bolívar,TERRITORIAL,461.9802534064263,baja,3290,2340,427586069624
2020,47798,Tenerife,Magdalena,TERRITORIAL,460.7606158419196,baja,493,167,2221996979
2020,15533,Paya,Boyacá,TERRITORIAL,460.13215333818715,baja,242,150,5350677663
2020,50325,Mapiripán,Meta,TERRITORIAL,459.625074443098,baja,272,177,13663839519
2020,68684,San José de Miranda,Santander,TERRITORIAL,456.0358035098074,baja,121,94,3818567979
2020,85410,Tauramena,Casanare,TERRITORIAL,452.5050304567841,baja,1049,643,32307592469
2020,13657,San Juan Nepomuceno,Bolívar,TERRITORIAL,452.1962315278191,baja,444,209,7570922703
2020,05004,Abriaquí,Antioquia,TERRITORIAL,451.51459713725905,baja,175,95,2374251669
2020,76233,Dagua,Valle del Cauca,TERRITORIAL,450.27350047665226,baja,568,347,14466238372
2020,27425,Medio Atrato,Chocó,TERRITORIAL,449.64224627380156,baja,201,132,12059262924
2020,27495,Nuquí,Chocó,TERRITORIAL,447.34166763234157,baja,112,59,3304131881
2020,05858,Vegachí,Antioquia,TERRITORIAL,446.5105183478965,baja,436,240,10501334383
2020,15804,Tibaná,Boyacá,TERRITORIAL,446.22003273815704,baja,254,164,5179604867
2020,76318,Guacarí,Valle del Cauca,TERRITORIAL,445.401487856398,baja,307,232,7182644068
2020,63470,Montenegro,Quindío,TERRITORIAL,444.69114455345425,baja,1066,489,12985439349
2020,73504,Ortega,Tolima,TERRITORIAL,443.00413523232464,baja,814,303,8741894647
2020,25898,Zipacón,Cundinamarca,TERRITORIAL,442.35828604602534,baja,206,113,2063460208
2020,15599,Ramiriquí,Boyacá,TERRITORIAL,441.6418335693393,baja,237,152,6726360115
2020,66687,Santuario,Risaralda,TERRITORIAL,440.8137765296978,baja,391,225,5799939902
2020,15322,Guateque,Boyacá,TERRITORIAL,439.32153897470863,baja,531,312,16348401830
2020,54480,Mutiscua,Norte de Santander,TERRITORIAL,439.25774397199854,baja,166,91,2048188614
2020,20295,Gamarra,Cesar,TERRITORIAL,438.60068357243813,baja,145,90,3286773379
2020,19256,El Tambo,Cauca,TERRITORIAL,437.5181529330889,baja,399,229,14562733583
2020,25817,Tocancipá,Cundinamarca,TERRITORIAL,437.47717885922964,baja,708,585,35916376021
2020,05120,Cáceres,Antioquia,TERRITORIAL,436.714692226716,baja,328,197,12120745548
2020,54174,Chitagá,Norte de Santander,TERRITORIAL,436.3099254485029,baja,241,130,3733050047
2020,20770,San Martín,Cesar,TERRITORIAL,433.3226495615534,baja,296,197,10174163087
2020,41206,Colombia,Huila,TERRITORIAL,433.18983576411074,baja,299,208,5336833050
2020,44078,Barrancas,La Guajira,TERRITORIAL,433.0293921003619,baja,610,379,16706458534
2020,15238,Duitama,Boyacá,TERRITORIAL,432.97085385246515,baja,1450,961,119113335053
2020,47258,El Piñon,Magdalena,TERRITORIAL,431.6651369008856,baja,650,209,4780433969
2020,70418,Los Palmitos,Sucre,TERRITORIAL,430.0079708163678,baja,595,270,5772526689
2020,68211,Contratación,Santander,TERRITORIAL,429.3387603056968,baja,93,64,1603209090
2020,08433,Malambo,Atlántico,TERRITORIAL,429.0943967194964,baja,1313,571,31662204113
2020,15248,El Espino,Boyacá,TERRITORIAL,428.0529078061922,baja,292,162,3512643786
2020,91001,Leticia,Amazonas,NACIONAL,427.57108897208303,baja,885,642,42305162441
2020,15632,Saboyá,Boyacá,TERRITORIAL,427.20722566739875,baja,356,238,6975533630
2020,15808,Tinjacá,Boyacá,TERRITORIAL,427.12728020704674,baja,152,112,2415888341
2020,47030,Algarrobo,Magdalena,TERRITORIAL,427.10089039943955,baja,416,178,2848542521
2020,27160,Cértegui,Chocó,TERRITORIAL,426.4111123688244,baja,93,58,3444797766
2020,47001,Santa Marta,Magdalena,TERRITORIAL,425.96055377116744,baja,14713,6579,577575167387
2020,25326,Guatavita,Cundinamarca,TERRITORIAL,425.12879795911834,baja,804,409,10801814502
2020,05842,Uramita,Antioquia,TERRITORIAL,424.79005590017425,baja,374,176,4179934242
2020,05002,Abejorral,Antioquia,TERRITORIAL,424.7265950623887,baja,370,215,5398463185
2020,05101,Ciudad Bolívar,Antioquia,TERRITORIAL,423.59627638820143,baja,494,343,21900635673
2020,15676,San Miguel de Sema,Boyacá,TERRITORIAL,422.12134378545505,baja,193,134,2549625071
2020,76895,Zarzal,Valle del Cauca,TERRITORIAL,421.49006394547797,baja,555,347,19589217806
2020,05697,El Santuario,Antioquia,TERRITORIAL,420.24060942898313,baja,766,508,24806724133
2020,68167,Charalá,Santander,TERRITORIAL,419.9298866922195,baja,380,193,6510515866
2020,41026,Altamira,Huila,TERRITORIAL,419.75787708386525,baja,208,119,4282303211
2020,27245,El Carmen de Atrato,Chocó,TERRITORIAL,419.4334851286602,baja,244,149,6171422295
2020,17873,Villamaría,Caldas,TERRITORIAL,419.0532128106038,baja,974,597,15225456333
2020,13810,Tiquisio,Bolívar,TERRITORIAL,418.98747588566357,baja,124,96,2657783398
2020,15686,Santana,Boyacá,TERRITORIAL,418.78594108873864,baja,381,182,4700583855
2020,13473,Morales,Bolívar,TERRITORIAL,418.6454225429274,baja,294,190,5397904240
2020,54599,Ragonvalia,Norte de Santander,TERRITORIAL,418.16098752752805,baja,230,147,3353390331
2020,73026,Alvarado,Tolima,TERRITORIAL,418.13888097008453,baja,363,208,5458339848
2020,76622,Roldanillo,Valle del Cauca,NACIONAL,416.999497586953,baja,98,74,2330529630
2020,05055,Argelia,Antioquia,TERRITORIAL,416.9470041740707,baja,271,167,5681424540
2020,15879,Viracachá,Boyacá,TERRITORIAL,416.5886854500397,baja,176,116,2386068324
2020,81300,Fortul,Arauca,TERRITORIAL,416.3837647477013,baja,282,143,10081782128
2020,25488,Nilo,Cundinamarca,NACIONAL,416.04927034303137,baja,355,319,24563823715
2020,85225,Nunchía,Casanare,TERRITORIAL,415.5539168938333,baja,227,134,5176982735
2020,66045,Apía,Risaralda,TERRITORIAL,415.0583216884614,baja,447,214,6745924253
2020,15442,Maripí,Boyacá,TERRITORIAL,414.9366996904481,baja,233,161,5374243451
2020,15835,Turmequé,Boyacá,TERRITORIAL,413.38272282535655,baja,188,127,3430532284
2020,76111,Guadalajara de Buga,Valle del Cauca,TERRITORIAL,412.5260585385142,baja,1763,1151,41482901709
2020,13042,Arenal,Bolívar,TERRITORIAL,412.4939564883019,baja,382,202,6457439995
2020,15296,Gameza,Boyacá,TERRITORIAL,411.3762100258143,baja,285,177,3420870505
2020,50683,San Juan de Arama,Meta,TERRITORIAL,411.33819975907255,baja,213,110,3024689620
2020,15223,Cubará,Boyacá,TERRITORIAL,410.05095794470503,baja,421,231,8510942429
2020,20178,Chiriguaná,Cesar,TERRITORIAL,408.47283484278773,baja,1153,738,58014580658
2020,47675,Salamina,Magdalena,TERRITORIAL,408.37774188446343,baja,375,165,4463029856
2020,25286,Funza,Cundinamarca,TERRITORIAL,407.88943017206077,baja,1849,1211,77667458734
2020,97666,Taraira,Vaupés,TERRITORIAL,407.3581307012467,baja,156,80,3499391920
2020,08421,Luruaco,Atlántico,TERRITORIAL,406.0043475759003,baja,269,184,7161590559
2020,05142,Caracolí,Antioquia,TERRITORIAL,405.83030877032445,baja,282,173,4372134496
2020,63130,Calarca,Quindío,TERRITORIAL,405.63546639173444,baja,1330,755,19856384698
2020,73001,Ibagué,Tolima,TERRITORIAL,405.20229119632893,baja,6822,4220,435767553140
2020,52473,Mosquera,Nariño,TERRITORIAL,404.54868160810366,baja,303,154,5363789935
2020,15244,El Cocuy,Boyacá,TERRITORIAL,403.90850940529515,baja,259,162,4527258154
2020,20614,Río de Oro,Cesar,TERRITORIAL,398.34127624024904,baja,390,217,9647059637
2020,15272,Firavitoba,Boyacá,TERRITORIAL,398.1863897105907,baja,200,143,2441830199
2020,15820,Tópaga,Boyacá,NACIONAL,397.20414938396215,baja,82,55,337706857
2020,54347,Herrán,Norte de Santander,TERRITORIAL,397.1272475105149,baja,151,84,2599132477
2020,05134,Campamento,Antioquia,TERRITORIAL,396.575358814556,baja,359,193,5735118839
2020,19513,Padilla,Cauca,TERRITORIAL,395.4178139339943,baja,182,107,1578500419
2020,85400,Támara,Casanare,TERRITORIAL,394.99601787280625,baja,233,158,5974461666
2020,52427,Magüi,Nariño,TERRITORIAL,394.6653412376206,baja,447,261,7630200917
2020,86571,Puerto Guzmán,Putumayo,TERRITORIAL,394.6231683679294,baja,1134,352,11256053467
2020,73030,Ambalema,Tolima,NACIONAL,394.50763123876766,baja,104,51,640380763
2020,15215,Corrales,Boyacá,TERRITORIAL,394.31266416553353,baja,220,130,1952218527
2020,15507,Otanche,Boyacá,TERRITORIAL,393.5295442920861,baja,369,209,12701980348
2020,76823,Toro,Valle del Cauca,TERRITORIAL,393.181738878603,baja,218,121,4778599291
2020,68368,Jesús María,Santander,TERRITORIAL,392.2811564631764,baja,117,75,2498100819
2020,54125,Cácota,Norte de Santander,TERRITORIAL,391.61898172196317,baja,191,130,3227412919
2020,19290,Florencia,Cauca,TERRITORIAL,390.4066991661693,baja,189,100,4480873901
2020,15660,San Eduardo,Boyacá,TERRITORIAL,390.01669863147066,baja,162,103,2346161090
2020,17616,Risaralda,Caldas,TERRITORIAL,388.9144635467676,baja,413,265,5864830891
2020,52678,Samaniego,Nariño,TERRITORIAL,388.0561393303052,baja,1641,590,17111426399
2020,05837,Turbo,Antioquia,TERRITORIAL,387.3331710618221,baja,779,552,83794301925
2020,85001,Yopal,Casanare,TERRITORIAL,386.8654179737325,baja,9849,5862,767943889013
2020,05792,Tarso,Antioquia,TERRITORIAL,386.66309581849407,baja,709,301,6580545800
2020,23678,San Carlos,Córdoba,TERRITORIAL,386.2762535323267,baja,100,80,3203184301
2020,18756,Solano,Caquetá,NACIONAL,385.7711364972314,baja,181,141,13322893664
2020,15425,Macanal,Boyacá,TERRITORIAL,385.3268810112351,baja,243,169,5203715436
2020,05206,Concepción,Antioquia,TERRITORIAL,385.02754875153425,baja,264,157,3874915800
2020,18756,Solano,Caquetá,TERRITORIAL,384.9854213875924,baja,202,144,10938170470
2020,15183,Chita,Boyacá,TERRITORIAL,384.49079752883665,baja,267,158,5219528407
2020,05347,Heliconia,Antioquia,TERRITORIAL,382.62157107779086,baja,261,140,2957997247
2020,50318,Guamal,Meta,TERRITORIAL,381.7983286427073,baja,442,282,8041536500
2020,25769,Subachoque,Cundinamarca,TERRITORIAL,381.0718982164705,baja,232,157,5637603053
2020,68266,Enciso,Santander,TERRITORIAL,380.5585086044869,baja,192,136,3467181957
2020,95025,El Retorno,Guaviare,TERRITORIAL,380.55728284851745,baja,478,247,11655530014
2020,18610,San José del Fragua,Caquetá,TERRITORIAL,379.38155162235023,baja,285,196,7325173563
2020,54385,La Esperanza,Norte de Santander,TERRITORIAL,379.24073909742856,baja,334,160,6446814079
2020,13244,El Carmen de Bolívar,Bolívar,TERRITORIAL,379.11657857399933,baja,478,319,13325310352
2020,73236,Dolores,Tolima,TERRITORIAL,378.8799315483333,baja,435,230,4781726625
2020,15204,Cómbita,Boyacá,TERRITORIAL,376.712539752556,baja,177,121,4190133943
2020,76845,Ulloa,Valle del Cauca,TERRITORIAL,376.6969177540142,baja,130,76,1999093173
2020,23570,Pueblo Nuevo,Córdoba,TERRITORIAL,376.6515091651738,baja,402,276,14887880295
2020,97001,Mitú,Vaupés,TERRITORIAL,373.2392852297075,baja,1845,1068,75838210869
2020,15839,Tutazá,Boyacá,TERRITORIAL,372.00103737349457,baja,130,95,3099099702
2020,19824,Totoró,Cauca,TERRITORIAL,371.7537031282563,baja,170,139,5700578040
2020,73449,Melgar,Tolima,TERRITORIAL,371.43837505992553,baja,1503,821,26755527286
2020,15368,Jericó,Boyacá,TERRITORIAL,369.9024500442334,baja,209,158,4593765321
2020,25320,Guaduas,Cundinamarca,NACIONAL,369.3526715706908,baja,404,217,6072571961
2020,17174,Chinchiná,Caldas,TERRITORIAL,369.19094114119764,baja,739,482,14624362783
2020,68425,Macaravita,Santander,TERRITORIAL,368.1108265999848,baja,135,102,3212549940
2020,27810,Unión Panamericana,Chocó,TERRITORIAL,368.058193631626,baja,155,112,4638385725
2020,08141,Candelaria,Atlántico,TERRITORIAL,367.6133250907646,baja,199,139,1785035675
2020,20710,San Alberto,Cesar,TERRITORIAL,366.553981212773,baja,478,256,5467562935
2020,25513,Pacho,Cundinamarca,TERRITORIAL,366.41051588905964,baja,996,600,30458574261
2020,05212,Copacabana,Antioquia,TERRITORIAL,366.2064390996033,baja,569,479,27264503576
2020,05148,El Carmen de Viboral,Antioquia,TERRITORIAL,365.858495176398,baja,455,357,21315191091
2020,15212,Coper,Boyacá,TERRITORIAL,365.46717316632373,baja,192,128,4183359708
2020,68160,Cepitá,Santander,TERRITORIAL,365.43724328872884,baja,150,104,2463068103
2020,05318,Guarne,Antioquia,TERRITORIAL,364.7736174115757,baja,785,548,36154019445
2020,81794,Tame,Arauca,TERRITORIAL,363.4462002760376,baja,637,332,14151390470
2020,05051,Arboletes,Antioquia,TERRITORIAL,362.284345088051,baja,550,301,15359987345
2020,05209,Concordia,Antioquia,TERRITORIAL,361.51606189745274,baja,331,226,6529220742
2020,05490,Necoclí,Antioquia,TERRITORIAL,361.47680227302493,baja,839,287,22334263692
2020,25867,Vianí,Cundinamarca,TERRITORIAL,361.19993473084804,baja,249,162,3853596989
2020,73678,San Luis,Tolima,TERRITORIAL,360.8735402689579,baja,632,290,5278986986
2020,63001,Armenia,Quindío,NACIONAL,359.8537790980942,baja,1897,1574,128571137067
2020,19785,Sucre,Cauca,TERRITORIAL,359.74095634263324,baja,247,157,6265926411
2020,70221,Coveñas,Sucre,TERRITORIAL,359.6922849985946,baja,307,182,10954875639
2020,52405,Leiva,Nariño,TERRITORIAL,359.3140677287239,baja,327,164,4470902943
2020,68209,Confines,Santander,TERRITORIAL,359.06124061949436,baja,198,131,2473807273
2020,52036,Ancuyá,Nariño,TERRITORIAL,358.9570234108389,baja,610,301,4328129096
2020,05674,San Vicente,Antioquia,TERRITORIAL,358.9425705839198,baja,266,172,6776609799
2020,54313,Gramalote,Norte de Santander,TERRITORIAL,358.8537045600202,baja,178,102,2555628482
2020,70400,La Unión,Sucre,TERRITORIAL,358.5201659254272,baja,493,275,5462178387
2020,68464,Mogotes,Santander,TERRITORIAL,358.36141785344194,baja,342,196,5885540210
2020,68522,Palmar,Santander,TERRITORIAL,356.7707986503187,baja,215,128,4165180136
2020,20175,Chimichagua,Cesar,TERRITORIAL,355.122994488522,baja,551,339,8330166032
2020,50223,Cubarral,Meta,TERRITORIAL,351.86540324069176,baja,334,201,4354466410
2020,05483,Nariño,Antioquia,TERRITORIAL,351.81450808844374,baja,216,121,3641568737
2020,25148,Caparrapí,Cundinamarca,TERRITORIAL,351.4759612196459,baja,376,218,5996447864
2020,68524,Palmas del Socorro,Santander,TERRITORIAL,351.3316136651735,baja,97,82,2077362537
2020,15897,Zetaquira,Boyacá,TERRITORIAL,350.76140434501605,baja,238,162,4592610215
2020,05237,Don Matías,Antioquia,TERRITORIAL,350.5136986831979,baja,245,181,8322387617
2020,52683,Sandoná,Nariño,TERRITORIAL,349.9303267806903,baja,462,241,4236289934
2020,15514,Páez,Boyacá,TERRITORIAL,349.491388063824,baja,202,118,4714435991
2020,68549,Pinchote,Santander,TERRITORIAL,349.4318968024032,baja,271,138,4858268342
2020,47692,San Sebastián de Buenavista,Magdalena,TERRITORIAL,348.7269769469969,baja,863,290,6393264880
2020,15325,Guayatá,Boyacá,TERRITORIAL,348.5126763578444,baja,168,110,3198862669
2020,68679,San Gil,Santander,TERRITORIAL,347.64043029024094,baja,896,567,38973190010
2020,25269,Facatativá,Cundinamarca,NO_DEFINIDO,347.4449457767797,baja,190,116,2221165907
2020,05021,Alejandría,Antioquia,TERRITORIAL,347.33386921896704,baja,214,137,4437980284
2020,68322,Guapotá,Santander,TERRITORIAL,347.313666380158,baja,128,94,2143046413
2020,23675,San Bernardo del Viento,Córdoba,TERRITORIAL,346.7848955955041,baja,434,295,8552359453
2020,73024,Alpujarra,Tolima,TERRITORIAL,346.71194770171587,baja,169,94,2043398101
2020,70265,Guaranda,Sucre,TERRITORIAL,346.63119117968796,baja,273,175,5241846193
2020,25530,Paratebueno,Cundinamarca,TERRITORIAL,346.15922715004064,baja,256,175,5004204428
2020,76364,Jamundí,Valle del Cauca,TERRITORIAL,345.69071674486577,baja,1688,1079,49139932264
2020,25524,Pandi,Cundinamarca,TERRITORIAL,345.5877474234813,baja,174,114,2704010760
2020,05001,Medellín,Antioquia,OTRO,345.54038054353646,baja,327,202,62781941155
2020,23586,Purísima,Córdoba,TERRITORIAL,344.27978308326976,baja,338,232,10175949896
2020,05001,Medellín,Antioquia,NACIONAL,344.10576766504244,baja,5927,4834,1303834033815
2020,19845,Villa Rica,Cauca,TERRITORIAL,342.90455193410423,baja,371,257,9179741392
2020,68013,Aguada,Santander,TERRITORIAL,341.93499240892487,baja,204,118,2668818213
2020,52405,Leiva,Nariño,NACIONAL,341.7270673886293,baja,212,95,1089859867
2020,05145,Caramanta,Antioquia,TERRITORIAL,341.2084126231938,baja,410,223,6544369280
2020,73217,Coyaima,Tolima,TERRITORIAL,341.0881756489648,baja,607,251,12191472144
2020,76890,Yotoco,Valle del Cauca,TERRITORIAL,340.177138140395,baja,485,336,8598840366
2020,41319,Guadalupe,Huila,TERRITORIAL,338.6290170208083,baja,397,269,10863237894
2020,68245,El Guacamayo,Santander,TERRITORIAL,338.0243987114045,baja,144,91,1775030057
2020,25486,Nemocón,Cundinamarca,TERRITORIAL,337.221644303156,baja,516,340,8138131706
2020,41615,Rivera,Huila,TERRITORIAL,336.63177771813815,baja,820,440,10619121188
2020,05631,Sabaneta,Antioquia,TERRITORIAL,336.6073763122547,baja,3115,1528,125130338296
2020,05658,San José de la Montaña,Antioquia,TERRITORIAL,336.3527768298691,baja,156,113,2305333342
2020,85139,Maní,Casanare,TERRITORIAL,335.88992613850183,baja,366,232,9764630805
2020,41396,La Plata,Huila,TERRITORIAL,335.2851824730297,baja,1505,708,54619659393
2020,15762,Sora,Boyacá,TERRITORIAL,335.1526116979057,baja,173,116,1757062294
2020,85230,Orocué,Casanare,TERRITORIAL,334.80270305926655,baja,346,206,7052870671
2020,05240,Ebéjico,Antioquia,TERRITORIAL,333.9730975318988,baja,234,157,4177489280
2020,05425,Maceo,Antioquia,TERRITORIAL,333.3034611934056,baja,301,199,6369770465
2020,15522,Panqueba,Boyacá,TERRITORIAL,332.4807896149866,baja,219,107,2763711574
2020,41801,Teruel,Huila,TERRITORIAL,332.3718748067983,baja,421,226,4054645773
2020,41770,Suaza,Huila,TERRITORIAL,331.955109566744,baja,642,337,10085314724
2020,15176,Chiquinquirá,Boyacá,TERRITORIAL,331.7604463567327,baja,1027,611,53182474444
2020,68217,Coromoro,Santander,TERRITORIAL,331.43618365353075,baja,199,129,3230288216
2020,05125,Caicedo,Antioquia,TERRITORIAL,331.3494566707076,baja,349,255,6160931629
2020,15104,Boyacá,Boyacá,TERRITORIAL,330.7530775940745,baja,219,141,4257696302
2020,68573,Puerto Parra,Santander,TERRITORIAL,330.180444755943,baja,319,173,6945947578
2020,68079,Barichara,Santander,TERRITORIAL,330.09276093278555,baja,447,226,5885727812
2020,15317,Guacamayas,Boyacá,TERRITORIAL,329.61887103474044,baja,273,141,3800535748
2020,15690,Santa María,Boyacá,TERRITORIAL,329.34638413541666,baja,157,102,3343548555
2020,15580,Quípama,Boyacá,TERRITORIAL,328.96661609028166,baja,300,173,6354667309
2020,25019,Albán,Cundinamarca,TERRITORIAL,328.55755940442646,baja,216,128,2278115725
2020,15380,La Capilla,Boyacá,TERRITORIAL,328.40516076985665,baja,170,112,1657362764
2020,73200,Coello,Tolima,TERRITORIAL,327.51849193813746,baja,431,225,6439554143
2020,76041,Ansermanuevo,Valle del Cauca,TERRITORIAL,327.3708332947638,baja,270,151,4850094452
2020,15090,Berbeo,Boyacá,TERRITORIAL,327.32401936629327,baja,152,96,1709869254
2020,68502,Onzaga,Santander,TERRITORIAL,327.24941397763763,baja,229,153,3758970293
2020,41298,Garzón,Huila,TERRITORIAL,326.87585253305144,baja,1355,670,31998344096
2020,54128,Cachirá,Norte de Santander,TERRITORIAL,326.79937650561135,baja,149,115,2927873847
2020,68051,Aratoca,Santander,TERRITORIAL,326.2425393009876,baja,292,167,4616771412
2020,15047,Aquitania,Boyacá,TERRITORIAL,325.68738493796,baja,456,253,6783729024
2020,17444,Marquetalia,Caldas,TERRITORIAL,325.4195497205923,baja,724,374,9886889245
2020,41016,Aipe,Huila,TERRITORIAL,324.2772188991994,baja,1325,619,16630222299
2020,50689,San Martín,Meta,TERRITORIAL,322.27919496219005,baja,679,341,10336461529
2020,05887,Yarumal,Antioquia,TERRITORIAL,322.1514578407662,baja,1433,444,28249363180
2020,15537,Paz de Río,Boyacá,TERRITORIAL,319.5470936065526,baja,191,131,2297343548
2020,23001,Montería,Córdoba,NACIONAL,319.28666272268987,baja,900,657,550837233525
2020,41524,Palermo,Huila,TERRITORIAL,318.73884499375055,baja,1277,572,22278436756
2020,20228,Curumaní,Cesar,TERRITORIAL,318.44847970119554,baja,1109,465,13775173599
2020,76520,Palmira,Valle del Cauca,NACIONAL,317.21194582852564,baja,346,306,15333298022
2020,68385,Landázuri,Santander,TERRITORIAL,317.2077153650735,baja,389,195,6886620742
2020,68720,Santa Helena del Opón,Santander,TERRITORIAL,316.56282498139274,baja,234,141,3908676153
2020,63302,Génova,Quindío,TERRITORIAL,316.3908127605682,baja,434,209,3331293685
2020,68320,Guadalupe,Santander,TERRITORIAL,316.3133638792482,baja,164,116,2723859481
2020,15693,Santa Rosa de Viterbo,Boyacá,TERRITORIAL,316.1500835889928,baja,129,93,1510434992
2020,15187,Chivatá,Boyacá,TERRITORIAL,315.8964545907238,baja,196,131,3105918414
2020,76246,El Cairo,Valle del Cauca,TERRITORIAL,315.82582523438566,baja,216,123,2781629377
2020,70001,Sincelejo,Sucre,NACIONAL,315.4580379499851,baja,1279,908,273733110513
2020,68179,Chipatá,Santander,TERRITORIAL,314.2597809365461,baja,211,159,4396059807
2020,25299,Gama,Cundinamarca,TERRITORIAL,314.14585137978725,baja,153,85,2809549412
2020,47660,Sabanas de San Angel,Magdalena,TERRITORIAL,313.96838080545746,baja,781,312,7618764310
2020,15491,Nobsa,Boyacá,TERRITORIAL,313.84898519038774,baja,526,310,9818306779
2020,76622,Roldanillo,Valle del Cauca,TERRITORIAL,313.659788069644,baja,310,177,6496478899
2020,05615,Rionegro,Antioquia,TERRITORIAL,313.6527575823606,baja,3029,1605,306904500490
2020,85279,Recetor,Casanare,TERRITORIAL,313.48354979472504,baja,187,122,2745957869
2020,25178,Chipaque,Cundinamarca,TERRITORIAL,313.45260069712333,baja,276,180,5979554710
2020,54680,Santiago,Norte de Santander,TERRITORIAL,311.03675022906566,baja,211,131,2140486603
2020,73148,Carmen de Apicalá,Tolima,TERRITORIAL,310.74093988692465,baja,597,337,7794284616
2020,15135,Campohermoso,Boyacá,TERRITORIAL,309.45147137901307,baja,201,147,3769113881
2020,05030,Amagá,Antioquia,TERRITORIAL,309.2067893770511,baja,372,228,10995799044
2020,17665,San José,Caldas,TERRITORIAL,308.9636453761443,baja,269,153,3997777382
2020,76616,Riofrío,Valle del Cauca,TERRITORIAL,308.8509692649001,baja,341,243,5911382979
2020,94001,Inírida,Guainía,TERRITORIAL,308.78516639766667,baja,1694,1104,106301871886
2020,52694,San Pedro de Cartago,Nariño,TERRITORIAL,308.73839406918376,baja,627,269,6275211083
2020,15476,Motavita,Boyacá,TERRITORIAL,308.6932154125298,baja,314,209,6056578761
2020,05197,Cocorná,Antioquia,TERRITORIAL,308.2186758282084,baja,433,317,9810116555
2020,05129,Caldas,Antioquia,TERRITORIAL,307.96939700014997,baja,1852,747,42750626847
2020,54239,Durania,Norte de Santander,TERRITORIAL,307.38104833205733,baja,258,138,2488366580
2020,05854,Valdivia,Antioquia,TERRITORIAL,306.51914612322463,baja,556,336,13061906177
2020,41807,Timaná,Huila,TERRITORIAL,306.1638472117186,baja,724,347,9527265787
2020,25258,El Peñón,Cundinamarca,TERRITORIAL,305.4596615974854,baja,195,123,2447011321
2020,63690,Salento,Quindío,TERRITORIAL,304.8843592507202,baja,431,250,4105664411
2020,68370,Jordán,Santander,TERRITORIAL,304.66066560336367,baja,101,80,2372392133
2020,15621,Rondón,Boyacá,TERRITORIAL,304.5217848521,baja,194,127,2597591452
2020,68176,Chima,Santander,TERRITORIAL,304.394291966905,baja,186,120,2716478081
2020,15180,Chiscas,Boyacá,TERRITORIAL,303.9523424438848,baja,254,133,4147922491
2020,85263,Pore,Casanare,TERRITORIAL,302.8162681328542,baja,343,219,6860919798
2020,52287,Funes,Nariño,TERRITORIAL,302.52184269307065,baja,800,370,7709703605
2020,08634,Sabanagrande,Atlántico,TERRITORIAL,302.19535075119916,baja,921,372,5864984632
2020,76834,Tuluá,Valle del Cauca,NO_DEFINIDO,301.4963246997692,baja,678,169,1079466714
2020,05091,Betania,Antioquia,TERRITORIAL,301.4627034765529,baja,398,227,6648898853
2020,17653,Salamina,Caldas,TERRITORIAL,301.17296427317285,baja,352,189,3250077922
2020,25288,Fúquene,Cundinamarca,TERRITORIAL,300.69533026191317,baja,173,114,3186282538
2020,68092,Betulia,Santander,TERRITORIAL,300.5911601649613,baja,219,153,7062287405
2020,66440,Marsella,Risaralda,TERRITORIAL,299.67072071366056,baja,505,305,7727725742
2020,70708,San Marcos,Sucre,TERRITORIAL,299.53760722042966,baja,2116,760,35885631540
2020,68500,Oiba,Santander,TERRITORIAL,297.70920668224386,baja,282,195,6775133971
2020,18753,San Vicente del Caguán,Caquetá,TERRITORIAL,296.86885466781035,baja,399,261,14752930455
2020,15367,Jenesano,Boyacá,TERRITORIAL,296.628440632574,baja,317,189,8194388537
2020,41357,Iquira,Huila,TERRITORIAL,295.03541907088317,baja,385,210,3062452304
2020,15362,Iza,Boyacá,TERRITORIAL,294.5779728575062,baja,159,104,1938507589
2020,23466,Montelíbano,Córdoba,TERRITORIAL,293.83985024506245,baja,444,260,36400406297
2020,05282,Fredonia,Antioquia,TERRITORIAL,293.3105968915477,baja,886,343,6009368354
2020,05036,Angelópolis,Antioquia,TERRITORIAL,293.05627590590495,baja,299,150,3173111190
2020,85015,Chameza,Casanare,TERRITORIAL,292.40360060320495,baja,158,111,2383728007
2020,25175,Chía,Cundinamarca,NACIONAL,292.3109421865326,baja,426,360,14428052672
2020,63594,Quimbaya,Quindío,TERRITORIAL,291.8708414462694,baja,885,486,9692444689
2020,15114,Busbanzá,Boyacá,TERRITORIAL,291.8232096487133,baja,135,75,1572853312
2020,68377,La Belleza,Santander,TERRITORIAL,291.1180436060066,baja,209,168,5124778049
2020,68298,Gambita,Santander,TERRITORIAL,290.9561757614238,baja,133,95,3347268421
2020,76054,Argelia,Valle del Cauca,TERRITORIAL,290.41665653180286,baja,222,133,3243971056
2020,54223,Cucutilla,Norte de Santander,TERRITORIAL,289.2178772511619,baja,417,213,4648440959
2020,15761,Somondoco,Boyacá,TERRITORIAL,288.9354421607537,baja,217,137,2474478986
2020,73563,Prado,Tolima,TERRITORIAL,288.053261184215,baja,294,184,2013354983
2020,25473,Mosquera,Cundinamarca,TERRITORIAL,287.41535867580023,baja,2191,1525,94336356563
2020,66075,Balboa,Risaralda,TERRITORIAL,287.32018990942703,baja,386,212,7264260357
2020,99624,Santa Rosalía,Vichada,TERRITORIAL,286.30727094780315,baja,205,114,2651979403
2020,54003,Abrego,Norte de Santander,TERRITORIAL,286.03380528904154,baja,1381,526,15888685229
2020,25653,San Cayetano,Cundinamarca,TERRITORIAL,286.00094779057224,baja,202,113,3210276181
2020,41001,Neiva,Huila,OTRO,285.5087740482366,baja,53,52,574195503
2020,15842,Umbita,Boyacá,TERRITORIAL,285.452070711957,baja,284,166,4770828643
2020,05467,Montebello,Antioquia,TERRITORIAL,284.9309701294696,baja,350,201,4853593116
2020,47707,Santa Ana,Magdalena,TERRITORIAL,284.1412789473325,baja,408,217,4603836029
2020,05647,San Andrés de Cuerquía,Antioquia,TERRITORIAL,283.4714321997804,baja,221,153,3296773858
2020,25841,Ubaque,Cundinamarca,TERRITORIAL,282.78653340406834,baja,264,145,2553678564
2020,13433,Mahates,Bolívar,TERRITORIAL,282.3185275675034,baja,260,175,3814714411
2020,17541,Pensilvania,Caldas,TERRITORIAL,281.30661362746844,baja,847,439,12291081428
2020,25086,Beltrán,Cundinamarca,TERRITORIAL,281.2081759037582,baja,102,77,1350598584
2020,08436,Manatí,Atlántico,TERRITORIAL,281.05411380430417,baja,836,353,5149484880
2020,76001,Cali,Valle del Cauca,NACIONAL,280.67443253853907,baja,6087,4652,1227572885219
2020,52885,Yacuanquer,Nariño,TERRITORIAL,280.2855023162676,baja,588,268,5519644648
2020,54871,Villa Caro,Norte de Santander,TERRITORIAL,279.72334677264615,baja,134,97,2061693815
2020,20250,El Paso,Cesar,TERRITORIAL,279.36916516762426,baja,368,221,9852361150
2020,73624,Rovira,Tolima,TERRITORIAL,279.21353807300403,baja,636,346,10655402115
2020,15723,Sativasur,Boyacá,TERRITORIAL,279.13778314050774,baja,128,105,1950944365
2020,05107,Briceño,Antioquia,TERRITORIAL,278.87860639896644,baja,442,278,12924401905
2020,15480,Muzo,Boyacá,TERRITORIAL,277.4032510520286,baja,352,185,6678392519
2020,05044,Anza,Antioquia,TERRITORIAL,276.6030972867331,baja,282,176,4081560888
2020,13838,Turbaná,Bolívar,TERRITORIAL,275.5590304978251,baja,210,154,4064649938
2020,05380,La Estrella,Antioquia,TERRITORIAL,275.3963631035552,baja,2001,773,56720416618
2020,66383,La Celia,Risaralda,TERRITORIAL,275.33027177707845,baja,353,212,3886830749
2020,25599,Apulo,Cundinamarca,TERRITORIAL,274.68711852754535,baja,449,213,5183593080
2020,25312,Granada,Cundinamarca,TERRITORIAL,274.46722444394817,baja,190,132,3211164130
2020,13222,Clemencia,Bolívar,TERRITORIAL,274.23359286235427,baja,231,145,6540090187
2020,05670,San Roque,Antioquia,TERRITORIAL,274.17194111064794,baja,359,207,9325487895
2020,15401,La Victoria,Boyacá,TERRITORIAL,272.49420960229503,baja,146,93,2051767016
2020,05376,La Ceja,Antioquia,TERRITORIAL,272.27165862005586,baja,1359,595,34519712623
2020,15572,Puerto Boyacá,Boyacá,TERRITORIAL,271.32383877629917,baja,1478,690,58900889133
2020,68745,Simacota,Santander,TERRITORIAL,271.26712931033825,baja,237,160,4905160680
2020,13673,Santa Catalina,Bolívar,NACIONAL,270.73181791152786,baja,180,70,611906000
2020,54518,Pamplona,Norte de Santander,TERRITORIAL,269.22234806425814,baja,1917,749,25546357231
2020,47745,Sitionuevo,Magdalena,TERRITORIAL,268.9462873391074,baja,1243,527,11229410309
2020,08558,Polonuevo,Atlántico,TERRITORIAL,268.92300037617093,baja,428,98,846985521
2020,15162,Cerinza,Boyacá,TERRITORIAL,268.4200992975449,baja,195,136,2334912657
2020,76520,Palmira,Valle del Cauca,TERRITORIAL,267.72556015613503,baja,2938,1699,79817213449
2020,17513,Pácora,Caldas,TERRITORIAL,267.65841455299113,baja,747,340,10601863194
2020,17777,Supía,Caldas,TERRITORIAL,267.6069397261692,baja,576,358,13617438308
2020,66682,Santa Rosa de Cabal,Risaralda,TERRITORIAL,267.25781751732757,baja,660,529,24019521961
2020,47189,Ciénaga,Magdalena,TERRITORIAL,266.4123451727252,baja,5329,1444,67579964180
2020,25317,Guachetá,Cundinamarca,NACIONAL,265.81661834147906,baja,345,139,1736114790
2020,68682,San Joaquín,Santander,TERRITORIAL,265.78448323553346,baja,129,90,1986437125
2020,66001,Pereira,Risaralda,OTRO,265.62988447348306,baja,494,461,24849144261
2020,05576,Pueblorrico,Antioquia,TERRITORIAL,265.44630827540914,baja,186,128,2894181966
2020,25328,Guayabal de Siquima,Cundinamarca,TERRITORIAL,265.2134067886189,baja,183,108,2529562756
2020,54520,Pamplonita,Norte de Santander,TERRITORIAL,265.1002656682146,baja,163,99,2012604598
2020,19355,Inzá,Cauca,TERRITORIAL,264.7323089508057,baja,233,168,7583139790
2020,52696,Santa Bárbara,Nariño,TERRITORIAL,264.6520345469969,baja,313,187,4294537457
2020,15097,Boavita,Boyacá,TERRITORIAL,264.04489183193306,baja,222,135,3316534752
2020,05034,Andes,Antioquia,NACIONAL,263.6241333574406,baja,469,440,22403676188
2020,13140,Calamar,Bolívar,TERRITORIAL,261.6864998586959,baja,476,255,5027464046
2020,08560,Ponedera,Atlántico,TERRITORIAL,261.3502241009775,baja,544,191,3638950658
2020,68673,San Benito,Santander,TERRITORIAL,261.3191908088934,baja,146,99,2030877059
2020,68132,California,Santander,TERRITORIAL,260.7162507997636,baja,222,137,2452253912
2020,50287,Fuente de Oro,Meta,TERRITORIAL,259.4615885052298,baja,417,200,6390898418
2020,68229,Curití,Santander,TERRITORIAL,257.7011525025632,baja,297,188,5595200392
2020,44430,Maicao,La Guajira,TERRITORIAL,257.4341094764658,baja,2057,1053,51440756223
2020,15820,Tópaga,Boyacá,TERRITORIAL,256.94849687147513,baja,145,102,2463884286
2020,68406,Lebríja,Santander,TERRITORIAL,256.823640846006,baja,913,567,26633451247
2020,25407,Lenguazaque,Cundinamarca,TERRITORIAL,256.25262586746607,baja,195,119,3197257963
2020,25269,Facatativá,Cundinamarca,TERRITORIAL,255.93195820072916,baja,2466,1084,93626946133
2020,81001,Arauca,Arauca,TERRITORIAL,255.61024887979852,baja,10786,3044,238607300854
2020,68255,El Playón,Santander,TERRITORIAL,254.9087404837601,baja,505,246,5065705842
2020,85162,Monterrey,Casanare,TERRITORIAL,254.85843466707217,baja,486,311,19377986580
2020,15001,Tunja,Boyacá,NACIONAL,253.7381208022933,baja,1597,1272,262686286959
2020,25320,Guaduas,Cundinamarca,TERRITORIAL,252.396054779872,baja,369,266,6843914870
2020,47605,Remolino,Magdalena,TERRITORIAL,252.1065892614128,baja,429,223,3075697896
2020,05138,Cañasgordas,Antioquia,TERRITORIAL,251.59110863331188,baja,400,207,7833171981
2020,54820,Toledo,Norte de Santander,TERRITORIAL,251.30884634319733,baja,383,208,6933218752
2020,68162,Cerrito,Santander,TERRITORIAL,251.09936407869114,baja,271,160,4424551301
2020,25658,San Francisco,Cundinamarca,TERRITORIAL,250.27523013477523,baja,318,217,4443647064
2020,76130,Candelaria,Valle del Cauca,TERRITORIAL,249.48789665881205,baja,2414,1524,50068360259
2020,76869,Vijes,Valle del Cauca,TERRITORIAL,249.35069585156603,baja,424,160,3667516735
2020,76863,Versalles,Valle del Cauca,TERRITORIAL,249.15023035648605,baja,234,134,2457536936
2020,41349,Hobo,Huila,TERRITORIAL,249.0579286263177,baja,409,248,4799216248
2020,15837,Tuta,Boyacá,TERRITORIAL,248.6411222214552,baja,273,161,4871395117
2020,18001,Florencia,Caquetá,TERRITORIAL,247.58407219931885,baja,3807,1997,136889554852
2020,68235,El Carmen de Chucurí,Santander,TERRITORIAL,247.41956548867344,baja,648,402,13611139223
2020,25745,Simijaca,Cundinamarca,TERRITORIAL,247.23273865377118,baja,223,174,3581474069
2020,15332,Güicán,Boyacá,TERRITORIAL,247.12180874893886,baja,277,155,4063246348
2020,66001,Pereira,Risaralda,NACIONAL,246.74435428844603,baja,1385,1222,93238021203
2020,15092,Betéitiva,Boyacá,TERRITORIAL,245.24900589174212,baja,203,143,2727207441
2020,27660,San José del Palmar,Chocó,TERRITORIAL,244.470600320021,baja,162,117,3214849044
2020,52490,Olaya Herrera,Nariño,TERRITORIAL,243.37689684060024,baja,703,348,11463530559
2020,85430,Trinidad,Casanare,TERRITORIAL,243.20007586584637,baja,251,177,4414665812
2020,50680,San Carlos de Guaroa,Meta,TERRITORIAL,242.96474534041357,baja,506,264,8331336605
2020,70670,Sampués,Sucre,TERRITORIAL,242.54642956311628,baja,1164,406,10307376641
2020,68324,Guavatá,Santander,TERRITORIAL,241.1642553126139,baja,234,149,2869883020
2020,19473,Morales,Cauca,TERRITORIAL,240.3377218757961,baja,246,160,5072054594
2020,25592,Quebradanegra,Cundinamarca,TERRITORIAL,240.28072443156486,baja,275,141,2766729105
2020,52560,Potosí,Nariño,TERRITORIAL,239.5250103460289,baja,946,403,8753604752
2020,25377,La Calera,Cundinamarca,TERRITORIAL,239.46339995259174,baja,365,323,12417354319
2020,76834,Tuluá,Valle del Cauca,TERRITORIAL,238.01315947373234,baja,2040,1365,81901424649
2020,41660,Saladoblanco,Huila,TERRITORIAL,237.85435787095457,baja,668,318,6678458762
2020,73675,San Antonio,Tolima,TERRITORIAL,236.96432560720643,baja,426,231,6540863602
2020,25126,Cajicá,Cundinamarca,TERRITORIAL,236.01964100570513,baja,1588,1154,60739518391
2020,15774,Susacón,Boyacá,TERRITORIAL,235.98056726516833,baja,146,100,1853967471
2020,20787,Tamalameque,Cesar,TERRITORIAL,235.5804135973854,baja,330,193,4569050900
2020,15518,Pajarito,Boyacá,TERRITORIAL,235.50291415700966,baja,156,99,2483450223
2020,15238,Duitama,Boyacá,NACIONAL,234.89776552262128,baja,209,196,7182397907
2020,47318,Guamal,Magdalena,TERRITORIAL,234.5661797308001,baja,607,313,9036051957
2020,76113,Bugalagrande,Valle del Cauca,TERRITORIAL,234.3485968965384,baja,1331,500,13997527917
2020,19622,Rosas,Cauca,TERRITORIAL,233.603380656715,baja,659,310,8034146916
2020,25293,Gachala,Cundinamarca,TERRITORIAL,233.5727175088145,baja,362,209,6170445529
2020,52480,Nariño,Nariño,TERRITORIAL,233.2044409025016,baja,471,241,4079877822
2020,13688,Santa Rosa del Sur,Bolívar,TERRITORIAL,232.88015624811632,baja,418,301,14027086334
2020,68686,San Miguel,Santander,TERRITORIAL,232.11816113398177,baja,191,138,3239565012
2020,05250,El Bagre,Antioquia,NACIONAL,232.11792927740382,baja,86,76,2349442858
2020,52435,Mallama,Nariño,TERRITORIAL,232.03002218163104,baja,993,346,6625569701
2020,23162,Cereté,Córdoba,TERRITORIAL,231.97752605976873,baja,1485,715,39963920433
2020,25871,Villagómez,Cundinamarca,TERRITORIAL,230.3160494941301,baja,237,146,3395240042
2020,25175,Chía,Cundinamarca,TERRITORIAL,230.27470133047228,baja,1661,1235,83210022525
2020,19693,San Sebastián,Cauca,TERRITORIAL,230.0147650905058,baja,276,161,5130386084
2020,15511,Pachavita,Boyacá,TERRITORIAL,228.2678182133964,baja,206,133,2163377814
2020,41518,Paicol,Huila,TERRITORIAL,227.4606747704301,baja,596,249,4634957190
2020,15226,Cuítiva,Boyacá,TERRITORIAL,226.09694440548617,baja,151,109,2307006344
2020,25214,Cota,Cundinamarca,TERRITORIAL,225.74528435768303,baja,1362,1168,54971801973
2020,54418,Lourdes,Norte de Santander,TERRITORIAL,224.65407214857018,baja,180,103,1614948817
2020,68547,Piedecuesta,Santander,TERRITORIAL,224.56931542140737,baja,1676,1061,60951411972
2020,13780,Talaigua Nuevo,Bolívar,TERRITORIAL,223.60108223796905,baja,233,143,2543422584
2020,54099,Bochalema,Norte de Santander,TERRITORIAL,223.30151644895744,baja,268,149,3413958771
2020,25491,Nocaima,Cundinamarca,TERRITORIAL,222.85487504880635,baja,220,150,3515022079
2020,52835,San Andrés de Tumaco,Nariño,TERRITORIAL,222.82266472831378,baja,2501,927,48660463056
2020,41551,Pitalito,Huila,TERRITORIAL,221.9819405026206,baja,2943,1250,130377910720
2020,13894,Zambrano,Bolívar,TERRITORIAL,221.78182534761623,baja,559,207,6078289564
2020,15759,Sogamoso,Boyacá,TERRITORIAL,219.8804344471963,baja,2090,1286,85820315858
2020,25862,Vergara,Cundinamarca,TERRITORIAL,219.39290538672688,baja,418,235,4410922511
2020,73001,Ibagué,Tolima,NACIONAL,219.04813379184534,baja,2682,2330,328419377510
2020,05756,Sonson,Antioquia,TERRITORIAL,218.61197567165866,baja,1809,621,22316235092
2020,85325,San Luis de Palenque,Casanare,TERRITORIAL,217.73144026089085,baja,231,145,4988499348
2020,25851,Útica,Cundinamarca,TERRITORIAL,217.0300125822972,baja,233,134,2427783671
2020,73686,Santa Isabel,Tolima,TERRITORIAL,216.90413427773922,baja,185,131,1545219438
2020,25290,Fusagasugá,Cundinamarca,TERRITORIAL,216.80739477865848,baja,3132,2331,146751575381
2020,15403,La Uvita,Boyacá,TERRITORIAL,216.42341141814364,baja,313,151,2614941000
2020,25095,Bituima,Cundinamarca,TERRITORIAL,216.2960173777618,baja,133,94,1790253426
2020,25339,Gutiérrez,Cundinamarca,TERRITORIAL,215.9893556392847,baja,211,132,2525962831
2020,15455,Miraflores,Boyacá,TERRITORIAL,215.487646692676,baja,389,262,8309641768
2020,13667,San Martín de Loba,Bolívar,TERRITORIAL,215.2754230105286,baja,270,173,3703813924
2020,85136,La Salina,Casanare,TERRITORIAL,212.73242027948234,baja,146,107,2955397872
2020,25580,Pulí,Cundinamarca,TERRITORIAL,212.2407427147191,baja,159,91,1778546342
2020,68780,Suratá,Santander,TERRITORIAL,212.02991547295244,baja,290,163,3145545242
2020,52110,Buesaco,Nariño,TERRITORIAL,211.5716474802739,baja,1169,491,9798319922
2020,05042,Santafé de Antioquia,Antioquia,NACIONAL,211.31363698146282,baja,157,143,5030600425
2020,20310,González,Cesar,TERRITORIAL,211.28529782023637,baja,406,165,3478411581
2020,25168,Chaguaní,Cundinamarca,TERRITORIAL,210.18422791794913,baja,170,107,2291943921
2020,68533,Páramo,Santander,TERRITORIAL,210.01666328368313,baja,232,146,2707322984
2020,68820,Tona,Santander,TERRITORIAL,209.67462107039182,baja,280,161,3534567965
2020,25649,San Bernardo,Cundinamarca,TERRITORIAL,209.6280515753028,baja,187,124,1986839048
2020,15516,Paipa,Boyacá,TERRITORIAL,208.39991440923262,baja,1017,549,21258465375
2020,05093,Betulia,Antioquia,TERRITORIAL,206.82853170536745,baja,454,242,5217224532
2020,05079,Barbosa,Antioquia,TERRITORIAL,206.65421018022838,baja,884,537,23705362774
2020,47555,Plato,Magdalena,TERRITORIAL,206.65410643145708,baja,3509,817,19333620279
2020,05411,Liborina,Antioquia,TERRITORIAL,206.64001941981206,baja,216,129,1835049159
2020,76828,Trujillo,Valle del Cauca,TERRITORIAL,206.26941370273195,baja,535,321,8852514507
2020,25594,Quetame,Cundinamarca,TERRITORIAL,206.09365378305117,baja,257,172,3724817333
2020,63190,Circasia,Quindío,TERRITORIAL,205.88498674489506,baja,750,498,8613480363
2020,73483,Natagaima,Tolima,TERRITORIAL,205.8235061670109,baja,626,284,7800439861
2020,05088,Bello,Antioquia,TERRITORIAL,205.65633591201828,baja,5652,1864,214078513593
2020,50001,Villavicencio,Meta,NACIONAL,205.08911869273246,baja,1653,1263,84667705763
2020,41483,Nátaga,Huila,TERRITORIAL,204.83555335918405,baja,226,130,2842640554
2020,25799,Tenjo,Cundinamarca,TERRITORIAL,204.59884436554864,baja,1032,665,27879058919
2020,44110,El Molino,La Guajira,TERRITORIAL,204.29803620907686,baja,755,266,5978816178
2020,68615,Rionegro,Santander,TERRITORIAL,203.5326839404308,baja,595,287,8462311401
2020,15377,Labranzagrande,Boyacá,TERRITORIAL,202.72939600658967,baja,309,179,4678373744
2020,05360,Itagui,Antioquia,NACIONAL,202.12041417001848,baja,472,441,18136998619
2020,52788,Tangua,Nariño,TERRITORIAL,202.09988359978837,baja,1131,475,6710342036
2020,05400,La Unión,Antioquia,TERRITORIAL,201.91870237258638,baja,643,301,9147053778
2020,25839,Ubalá,Cundinamarca,TERRITORIAL,201.89577418946885,baja,297,174,6186756930
2020,25899,Zipaquirá,Cundinamarca,TERRITORIAL,201.79205741898724,baja,1138,798,51324695679
2020,73861,Venadillo,Tolima,TERRITORIAL,201.748389730194,baja,498,327,7413597209
2020,25535,Pasca,Cundinamarca,TERRITORIAL,199.92957853269405,baja,202,127,2132096138
2020,54261,El Zulia,Norte de Santander,TERRITORIAL,199.81295084995335,baja,964,314,9668562347
2020,76126,Calima,Valle del Cauca,TERRITORIAL,199.37921097981572,baja,598,309,6562140555
2020,76109,Buenaventura,Valle del Cauca,TERRITORIAL,199.24611977425684,baja,2894,1991,106363305529
2020,76100,Bolívar,Valle del Cauca,TERRITORIAL,199.0929994633331,baja,311,179,3866218280
2020,54172,Chinácota,Norte de Santander,TERRITORIAL,198.89303516189736,baja,1011,430,10162411446
2020,68207,Concepción,Santander,TERRITORIAL,198.2684473230344,baja,301,148,3140859085
2020,76109,Buenaventura,Valle del Cauca,NACIONAL,197.40304809203855,baja,561,441,24041669986
2020,50110,Barranca de Upía,Meta,TERRITORIAL,196.47750081924565,baja,281,198,6431883059
2020,13001,Cartagena,Bolívar,TERRITORIAL,196.2046578928194,baja,11896,8149,494573732654
2020,41244,Elías,Huila,TERRITORIAL,195.11018331848632,baja,398,203,3511289678
2020,17001,Manizales,Caldas,TERRITORIAL,194.33685672249504,baja,9985,4995,791544785613
2020,25518,Paime,Cundinamarca,TERRITORIAL,194.09715592774788,baja,248,144,3084592320
2020,19300,Guachené,Cauca,TERRITORIAL,193.83204981002433,baja,395,265,8679981254
2020,73124,Cajamarca,Tolima,TERRITORIAL,193.71811177607393,baja,623,325,9225739558
2020,05885,Yalí,Antioquia,TERRITORIAL,193.15642542455967,baja,360,216,4650443715
2020,66001,Pereira,Risaralda,TERRITORIAL,191.3015594606043,baja,13269,7211,652196281852
2020,52210,Contadero,Nariño,TERRITORIAL,190.17406526077608,baja,882,299,5181553791
2020,17867,Victoria,Caldas,TERRITORIAL,189.80073793332423,baja,413,224,4150096697
2020,05034,Andes,Antioquia,TERRITORIAL,189.75287500531041,baja,792,428,14754743435
2020,73275,Flandes,Tolima,TERRITORIAL,189.70693658991365,baja,629,377,11414955064
2020,05579,Puerto Berrío,Antioquia,TERRITORIAL,189.2032179437232,baja,764,452,12190240908
2020,70678,San Benito Abad,Sucre,TERRITORIAL,188.93117144852252,baja,676,378,8989945918
2020,25793,Tausa,Cundinamarca,TERRITORIAL,188.82784797449608,baja,299,204,4614368971
2020,52354,Imués,Nariño,NACIONAL,188.34140458763903,baja,498,210,3767299481
2020,05819,Toledo,Antioquia,TERRITORIAL,187.80928994567026,baja,246,154,3254933766
2020,25317,Guachetá,Cundinamarca,TERRITORIAL,186.92182383436315,baja,151,134,2692773819
2020,17050,Aranzazu,Caldas,TERRITORIAL,186.77587387169035,baja,487,286,5452802042
2020,73585,Purificación,Tolima,TERRITORIAL,185.97645704858564,baja,1424,637,22381865997
2020,05736,Segovia,Antioquia,TERRITORIAL,185.1946941055865,baja,751,440,18058846449
2020,41872,Villavieja,Huila,TERRITORIAL,184.62365347982077,baja,380,218,3952633527
2020,25483,Nariño,Cundinamarca,TERRITORIAL,183.9572019379509,baja,196,123,2168794987
2020,52317,Guachucal,Nariño,TERRITORIAL,183.22163228342387,baja,691,375,8917708783
2020,05129,Caldas,Antioquia,NACIONAL,183.12349966782546,baja,189,177,6173445158
2020,08849,Usiacurí,Atlántico,TERRITORIAL,181.95301400876272,baja,390,170,2195248298
2020,73067,Ataco,Tolima,TERRITORIAL,181.73093626971328,baja,423,182,4116023891
2020,05190,Cisneros,Antioquia,TERRITORIAL,181.29063056915365,baja,425,243,5888851841
2020,05310,Gómez Plata,Antioquia,TERRITORIAL,181.12106062583464,baja,435,281,7032786554
2020,73030,Ambalema,Tolima,TERRITORIAL,180.9858301420321,baja,566,230,4251897757
2020,52083,Belén,Nariño,TERRITORIAL,180.7006533145973,baja,490,234,3358579698
2020,54874,Villa del Rosario,Norte de Santander,TERRITORIAL,180.3388233549974,baja,1456,769,22122262088
2020,54051,Arboledas,Norte de Santander,TERRITORIAL,180.05026824353183,baja,300,170,3393861770
2020,25781,Sutatausa,Cundinamarca,TERRITORIAL,180.03252554187088,baja,157,113,1936200267
2020,85010,Aguazul,Casanare,TERRITORIAL,177.9222920342216,baja,1404,768,24785157398
2020,52022,Aldana,Nariño,TERRITORIAL,177.08564594171776,baja,554,272,5383989623
2020,17877,Viterbo,Caldas,TERRITORIAL,175.24747503554116,baja,468,317,5887776639
2020,17272,Filadelfia,Caldas,TERRITORIAL,174.95338560199866,baja,633,279,5844089504
2020,25335,Guayabetal,Cundinamarca,TERRITORIAL,174.6808664841776,baja,227,177,4084330743
2020,17001,Manizales,Caldas,NACIONAL,174.0647887690149,baja,5469,3472,416625656682
2020,52323,Gualmatán,Nariño,TERRITORIAL,173.64244010773322,baja,711,318,4017355723
2020,76670,San Pedro,Valle del Cauca,TERRITORIAL,173.19244177622468,baja,600,297,7367646348
2020,63401,La Tebaida,Quindío,TERRITORIAL,172.52269049964167,baja,1259,539,9605013532
2020,17042,Anserma,Caldas,TERRITORIAL,171.9227745807853,baja,818,449,10928999819
2020,73520,Palocabildo,Tolima,TERRITORIAL,170.79451533184536,baja,456,255,4894791754
2020,73283,Fresno,Tolima,TERRITORIAL,170.73943353606253,baja,1323,499,15564936766
2020,17088,Belalcázar,Caldas,TERRITORIAL,170.6779957777152,baja,316,228,5169069621
2020,20517,Pailitas,Cesar,TERRITORIAL,170.62443593080636,baja,506,243,6583742956
2020,76036,Andalucía,Valle del Cauca,TERRITORIAL,169.4991618515945,baja,775,293,7021983713
2020,68872,Villanueva,Santander,TERRITORIAL,168.0616068174631,baja,309,184,4523133330
2020,20032,Astrea,Cesar,TERRITORIAL,166.608688804071,baja,1176,345,10637837422
2020,25126,Cajicá,Cundinamarca,NACIONAL,165.96139066231757,baja,147,137,3087038931
2020,25805,Tibacuy,Cundinamarca,TERRITORIAL,165.59658056856725,baja,201,123,1845901797
2020,52381,La Florida,Nariño,TERRITORIAL,165.43815577735893,baja,741,402,6608501529
2020,73671,Saldaña,Tolima,TERRITORIAL,164.2807512402081,baja,361,215,4846555480
2020,68001,Bucaramanga,Santander,NACIONAL,164.1862629809187,baja,3992,3147,426275935174
2020,05306,Giraldo,Antioquia,TERRITORIAL,163.22136632911094,baja,265,152,3014502634
2020,05390,La Pintada,Antioquia,TERRITORIAL,162.81556920734386,baja,486,274,4548586718
2020,47545,Pijiño del Carmen,Magdalena,TERRITORIAL,162.16881612811162,baja,488,281,5448667905
2020,52227,Cumbal,Nariño,TERRITORIAL,162.0529380717515,baja,1128,522,14419033621
2020,25297,Gachetá,Cundinamarca,TERRITORIAL,161.74027111043725,baja,559,331,12004563320
2020,05642,Salgar,Antioquia,TERRITORIAL,161.23821308675824,baja,879,350,6782459725
2020,25506,Venecia,Cundinamarca,TERRITORIAL,160.71279168956158,baja,160,100,1745377945
2020,76275,Florida,Valle del Cauca,TERRITORIAL,160.63905915962405,baja,758,516,13330628803
2020,25295,Gachancipá,Cundinamarca,TERRITORIAL,158.79414925526686,baja,414,282,7276420601
2020,25718,Sasaima,Cundinamarca,TERRITORIAL,157.03589956303352,baja,241,151,2869639206
2020,25154,Carmen de Carupa,Cundinamarca,TERRITORIAL,155.47881258227738,baja,405,234,4388855728
2020,05038,Angostura,Antioquia,TERRITORIAL,154.87739956477452,baja,521,262,6521127116
2020,68444,Matanza,Santander,TERRITORIAL,154.0434452666775,baja,294,155,2561111904
2020,11001,Bogotá D.C.,Bogotá,NACIONAL,153.94189513590615,baja,79011,59799,23925064063084
2020,63212,Córdoba,Quindío,TERRITORIAL,151.439612184249,baja,505,262,2986072516
2020,25845,Une,Cundinamarca,TERRITORIAL,151.27100708971105,baja,352,186,4049706662
2020,81736,Saravena,Arauca,TERRITORIAL,150.8122703600253,baja,716,412,45188471122
2020,25286,Funza,Cundinamarca,NACIONAL,150.32538298002063,baja,273,231,4477921660
2020,44001,Riohacha,La Guajira,TERRITORIAL,150.2845285077014,baja,3168,1804,315689625652
2020,08372,Juan de Acosta,Atlántico,TERRITORIAL,150.21596889325053,baja,442,214,3817441347
2020,25572,Puerto Salgar,Cundinamarca,TERRITORIAL,149.66802971177378,baja,924,515,11150594734
2020,19001,Popayán,Cauca,TERRITORIAL,149.62574066129895,baja,8916,5150,1010137175172
2020,25224,Cucunubá,Cundinamarca,TERRITORIAL,149.4291557279795,baja,264,192,3382507905
2020,73352,Icononzo,Tolima,TERRITORIAL,149.10057550990248,baja,322,172,2936180365
2020,25123,Cachipay,Cundinamarca,TERRITORIAL,149.0063151525477,baja,231,151,3328634339
2020,41132,Campoalegre,Huila,NACIONAL,147.66838937584401,baja,192,181,6467087939
2020,70771,Sucre,Sucre,TERRITORIAL,147.58720774878904,baja,872,394,7230394734
2020,20001,Valledupar,Cesar,TERRITORIAL,146.11898552792496,baja,3435,2421,477472372420
2020,76250,El Dovio,Valle del Cauca,TERRITORIAL,146.11616014293747,baja,279,172,3081527931
2020,25758,Sopó,Cundinamarca,TERRITORIAL,145.5055754295425,baja,1850,1088,50954526217
2020,17380,La Dorada,Caldas,TERRITORIAL,145.0481838878393,baja,2323,1210,48473275660
2020,05440,Marinilla,Antioquia,TERRITORIAL,144.28045718075418,baja,748,557,27129099768
2020,41378,La Argentina,Huila,TERRITORIAL,143.26843621541838,baja,580,320,6612780238
2020,52001,Pasto,Nariño,NACIONAL,142.91313153367815,baja,1273,940,43616333267
2020,52051,Arboleda,Nariño,TERRITORIAL,142.65918525267756,baja,517,275,4193926487
2020,19698,Santander de Quilichao,Cauca,TERRITORIAL,142.5918151849309,baja,2434,921,50238693801
2020,20001,Valledupar,Cesar,NACIONAL,142.29767137637467,baja,891,625,334900484542
2020,25815,Tocaima,Cundinamarca,TERRITORIAL,142.01633557801566,baja,1151,636,13037105982
2020,19701,Santa Rosa,Cauca,TERRITORIAL,141.71405662466702,baja,197,135,3229684941
2020,52203,Colón,Nariño,TERRITORIAL,141.4945628470372,baja,734,302,5086271559
2020,25324,Guataquí,Cundinamarca,TERRITORIAL,140.63705565664458,baja,273,144,2505671615
2020,44855,Urumita,La Guajira,TERRITORIAL,140.29833860122693,baja,525,318,6320937631
2020,76377,La Cumbre,Valle del Cauca,TERRITORIAL,138.57340790901677,baja,681,327,6082709496
2020,68077,Barbosa,Santander,TERRITORIAL,138.49424527808756,baja,405,265,8158664509
2020,08758,Soledad,Atlántico,TERRITORIAL,138.21839539808173,baja,2667,1367,106256012552
2020,91001,Leticia,Amazonas,TERRITORIAL,137.57368458289943,baja,3771,2161,100155599499
2020,25754,Soacha,Cundinamarca,TERRITORIAL,136.7359182721544,baja,4176,2805,202094870768
2020,19001,Popayán,Cauca,NACIONAL,133.4646347997495,baja,2631,1975,431285311321
2020,52585,Pupiales,Nariño,TERRITORIAL,133.24183168775068,baja,850,528,10471379566
2020,25372,Junín,Cundinamarca,TERRITORIAL,132.23494498492647,baja,481,247,4898124778
2020,05154,Caucasia,Antioquia,NACIONAL,131.73881329945095,baja,180,170,5547455535
2020,25394,La Palma,Cundinamarca,TERRITORIAL,131.23285356347822,baja,528,311,5460898488
2020,73168,Chaparral,Tolima,TERRITORIAL,131.16422880676598,baja,1048,586,23237571972
2020,17433,Manzanares,Caldas,TERRITORIAL,129.69925392711593,baja,1006,334,6765932501
2020,25398,La Peña,Cundinamarca,TERRITORIAL,129.24046663916346,baja,309,206,5382491768
2020,41298,Garzón,Huila,NACIONAL,125.93157914679117,baja,128,124,3279993103
2020,05368,Jericó,Antioquia,TERRITORIAL,125.41335932371396,baja,773,286,5419884385
2020,52378,La Cruz,Nariño,TERRITORIAL,123.8328333944922,baja,1163,497,9929276135
2020,18247,El Doncello,Caquetá,TERRITORIAL,123.03479738941337,baja,563,377,12348749301
2020,68001,Bucaramanga,Santander,TERRITORIAL,122.2912592883598,baja,14337,8296,852220893787
2020,70110,Buenavista,Sucre,TERRITORIAL,121.25111303689202,baja,569,268,5416249794
2020,52215,Córdoba,Nariño,TERRITORIAL,119.81123854785096,baja,458,281,5138704175
2020,25743,Silvania,Cundinamarca,TERRITORIAL,119.45007937152191,baja,758,386,8339230415
2020,52079,Barbacoas,Nariño,TERRITORIAL,118.76554420556222,baja,1276,600,13759434074
2020,41396,La Plata,Huila,NACIONAL,118.35335373809647,baja,172,148,4068674766
2020,54405,Los Patios,Norte de Santander,TERRITORIAL,116.27577266833117,baja,1582,850,21053346784
2020,25001,Agua de Dios,Cundinamarca,NACIONAL,115.99252037042886,baja,807,493,17499382586
2020,25772,Suesca,Cundinamarca,TERRITORIAL,115.91287327091715,baja,413,291,5402508810
2020,85001,Yopal,Casanare,NACIONAL,115.58805135615685,baja,1050,854,31665147894
2020,41001,Neiva,Huila,TERRITORIAL,111.64324339278184,baja,7920,4419,453782374424
2020,63111,Buenavista,Quindío,TERRITORIAL,110.89328951626344,baja,410,177,2332163915
2020,17380,La Dorada,Caldas,NACIONAL,109.48656283212881,baja,165,157,4540898016
2020,20250,El Paso,Cesar,NACIONAL,108.8461954199612,baja,345,222,2840021771
2020,73408,Lérida,Tolima,TERRITORIAL,108.32644665994256,baja,1004,473,13418662413
2020,52254,El Peñol,Nariño,TERRITORIAL,106.76636609828452,baja,663,313,3801304778
2020,52612,Ricaurte,Nariño,TERRITORIAL,105.65720839469456,baja,1190,566,13356272933
2020,76563,Pradera,Valle del Cauca,TERRITORIAL,104.04590987781141,baja,699,442,8696791664
2020,17013,Aguadas,Caldas,TERRITORIAL,103.98648708612068,baja,1476,669,16123532405
2020,44001,Riohacha,La Guajira,NACIONAL,103.30421395567221,baja,684,584,28000310898
2020,54001,Cúcuta,Norte de Santander,NACIONAL,102.02306478857253,baja,1745,1423,299010610860
2020,52720,Sapuyes,Nariño,TERRITORIAL,101.23922734782555,baja,558,303,3595508833
2020,05697,El Santuario,Antioquia,NACIONAL,101.00832772386237,baja,294,266,12952617374
2020,25785,Tabio,Cundinamarca,TERRITORIAL,99.47307743759951,baja,974,535,10594664890
2020,52399,La Unión,Nariño,TERRITORIAL,98.78121700668558,baja,2331,858,26092925808
2020,25438,Medina,Cundinamarca,TERRITORIAL,97.5834660251427,baja,786,298,5212828085
2020,52687,San Lorenzo,Nariño,TERRITORIAL,95.16053895390453,baja,794,408,6255957392
2020,52001,Pasto,Nariño,TERRITORIAL,94.6331419130364,baja,10892,6496,550896372051
2020,50001,Villavicencio,Meta,TERRITORIAL,94.11789901332264,baja,16746,7456,634317098353
2020,76834,Tuluá,Valle del Cauca,NACIONAL,93.93862297659194,baja,270,248,8694821794
2020,68432,Málaga,Santander,NACIONAL,92.21248313717975,baja,221,202,5487026536
2020,25290,Fusagasugá,Cundinamarca,NACIONAL,90.69239385639008,baja,437,404,11205250495
2020,76001,Cali,Valle del Cauca,TERRITORIAL,89.70386008131041,baja,59912,25921,3044719981082
2020,41551,Pitalito,Huila,NACIONAL,86.28272723747106,baja,271,263,8842867055
2020,68679,San Gil,Santander,NACIONAL,84.31756856151121,baja,343,311,9603966592
2020,76147,Cartago,Valle del Cauca,NACIONAL,83.77355584539899,baja,218,208,6147599013
2020,25875,Villeta,Cundinamarca,TERRITORIAL,83.76389521531027,baja,1871,755,19494512078
2020,52356,Ipiales,Nariño,NACIONAL,82.4973600153069,baja,344,229,5381359992
2020,63001,Armenia,Quindío,TERRITORIAL,81.10737335899223,baja,12591,6495,239848463157
2020,25736,Sesquilé,Cundinamarca,TERRITORIAL,79.50913289530676,baja,1004,450,8291663822
2020,25279,Fomeque,Cundinamarca,TERRITORIAL,79.12082459528158,baja,1010,513,11383286769
2020,52207,Consaca,Nariño,TERRITORIAL,76.39249751033887,baja,794,432,5762180384
2020,13001,Cartagena,Bolívar,NACIONAL,75.87490533350464,baja,4144,3151,718563143006
2020,68081,Barrancabermeja,Santander,NACIONAL,75.21374852323882,baja,267,248,6418388636
2020,25307,Girardot,Cundinamarca,NACIONAL,73.15617675060963,baja,353,284,10342965612
2020,63272,Filandia,Quindío,TERRITORIAL,72.61933279606652,baja,992,515,10641833805
2020,25245,El Colegio,Cundinamarca,TERRITORIAL,70.70566866211459,baja,1062,549,9784489893
2020,05579,Puerto Berrío,Antioquia,NACIONAL,68.9368792589011,baja,229,212,6515235996
2020,25473,Mosquera,Cundinamarca,NACIONAL,67.59417012872498,baja,429,404,14362329021
2020,25151,Caqueza,Cundinamarca,TERRITORIAL,66.24672972060924,baja,1987,887,22187438866
2020,25878,Viotá,Cundinamarca,TERRITORIAL,64.88290170476995,baja,612,371,5530870626
2020,68861,Vélez,Santander,NACIONAL,63.45676044491995,baja,306,268,7681783142
2020,76111,Guadalajara de Buga,Valle del Cauca,NACIONAL,57.445625257457976,baja,277,263,8377402080
2020,05045,Apartadó,Antioquia,NACIONAL,56.36212108573842,baja,474,431,14375622236
2020,27001,Quibdó,Chocó,NACIONAL,53.70617944637384,baja,497,416,12092574780
2020,05615,Rionegro,Antioquia,NACIONAL,51.08820818467835,baja,363,356,11781387656
2020,25875,Villeta,Cundinamarca,NACIONAL,46.841789193985534,baja,312,299,9785637140
2020,15759,Sogamoso,Boyacá,NACIONAL,34.325152184126935,baja,556,529,18798673612
2021,05679,Santa Bárbara,Antioquia,NACIONAL,10000.0,alta,1,1,948705610
2021,08573,Puerto Colombia,Atlántico,NACIONAL,10000.0,alta,2,1,228549999998
2021,08685,Santo Tomás,Atlántico,TERRITORIAL,10000.0,alta,1,1,758058616
2021,15808,Tinjacá,Boyacá,NACIONAL,10000.0,alta,2,1,230407670
2021,27025,Alto Baudo,Chocó,TERRITORIAL,10000.0,alta,1,1,24907834
2021,47745,Sitionuevo,Magdalena,NACIONAL,10000.0,alta,1,1,129128000
2021,50606,Restrepo,Meta,NACIONAL,10000.0,alta,1,1,6495500
2021,52224,Cuaspud,Nariño,TERRITORIAL,10000.0,alta,1,1,90000000
2021,54398,La Playa,Norte de Santander,TERRITORIAL,10000.0,alta,2,1,364080753
2021,76122,Caicedonia,Valle del Cauca,NACIONAL,10000.0,alta,1,1,12288020
2021,18256,El Paujil,Caquetá,TERRITORIAL,9868.369538825535,alta,318,184,844444345169
2021,15232,Chíquiza,Boyacá,TERRITORIAL,9650.978670312856,alta,4,2,168855000
2021,73483,Natagaima,Tolima,TERRITORIAL,9645.863857535018,alta,264,202,146926918510
2021,05674,San Vicente,Antioquia,TERRITORIAL,9341.99093764035,alta,356,221,700704596081
2021,13760,Soplaviento,Bolívar,TERRITORIAL,8476.343485038904,alta,23,20,56493011356
2021,85230,Orocué,Casanare,TERRITORIAL,8343.153459746056,alta,396,225,102116775765
2021,86885,Villagarzón,Putumayo,TERRITORIAL,8328.865240309222,alta,4,3,762172030
2021,52110,Buesaco,Nariño,TERRITORIAL,8214.044958044282,alta,1172,544,194112529333
2021,15480,Muzo,Boyacá,NACIONAL,8145.313863399168,alta,2,2,278258679
2021,15681,San Pablo de Borbur,Boyacá,NACIONAL,7959.270838665288,alta,3,2,619907945
2021,25377,La Calera,Cundinamarca,TERRITORIAL,7929.908805191633,alta,614,467,164766635619
2021,25841,Ubaque,Cundinamarca,TERRITORIAL,7851.815852212027,alta,217,136,26948724126
2021,41797,Tesalia,Huila,TERRITORIAL,7605.8655052533095,alta,580,311,42673386457
2021,73861,Venadillo,Tolima,TERRITORIAL,7312.333008443331,alta,541,350,90219617168
2021,27660,San José del Palmar,Chocó,TERRITORIAL,7278.10650887574,alta,6,3,9750000
2021,68861,Vélez,Santander,NACIONAL,7263.419527779613,alta,328,297,68248231551
2021,85001,Yopal,Casanare,OTRO,7201.991628043915,alta,2,2,3141733
2021,15673,San Mateo,Boyacá,NACIONAL,6961.771226419348,alta,16,7,67494370
2021,15500,Oicatá,Boyacá,NACIONAL,6954.582781575911,alta,2,2,3588098
2021,52685,San Bernardo,Nariño,TERRITORIAL,6465.53199393981,alta,508,302,99535449731
2021,52215,Córdoba,Nariño,TERRITORIAL,6404.86423053592,alta,574,310,72456195854
2021,17513,Pácora,Caldas,TERRITORIAL,6359.460453619986,alta,658,370,65164491814
2021,05147,Carepa,Antioquia,TERRITORIAL,6225.927172756863,alta,389,227,92739547956
2021,05113,Buriticá,Antioquia,TERRITORIAL,6201.107845838389,alta,445,267,48080990581
2021,25843,Villa de San Diego de Ubate,Cundinamarca,TERRITORIAL,6100.214546680185,alta,2361,813,243587702277
2021,52354,Imués,Nariño,NACIONAL,6086.097894847146,alta,457,245,37129662469
2021,25151,Caqueza,Cundinamarca,NACIONAL,6071.020630108053,alta,2,2,6700426
2021,68276,Floridablanca,Santander,TERRITORIAL,6001.3505567715765,alta,4199,2544,654669330619
2021,70124,Caimito,Sucre,TERRITORIAL,5897.960002680597,alta,495,216,40499202438
2021,54820,Toledo,Norte de Santander,NACIONAL,5668.845533366585,alta,3,3,14558598
2021,13430,Magangué,Bolívar,NACIONAL,5612.792443732743,alta,6,6,1756773004
2021,50711,Vistahermosa,Meta,NACIONAL,5506.830831506155,alta,3,3,23100000
2021,05142,Caracolí,Antioquia,TERRITORIAL,5372.3629968065625,alta,275,159,19625354808
2021,08558,Polonuevo,Atlántico,TERRITORIAL,5355.605589138925,alta,537,110,4734266183
2021,13212,Córdoba,Bolívar,NACIONAL,5251.162190082645,alta,3,3,35200000
2021,15522,Panqueba,Boyacá,NACIONAL,5248.257325141777,alta,4,2,36800000
2021,05264,Entrerrios,Antioquia,TERRITORIAL,5147.485026121508,alta,212,162,75331096886
2021,05893,Yondó,Antioquia,TERRITORIAL,5110.683103519944,alta,509,327,90081613390
2021,13810,Tiquisio,Bolívar,TERRITORIAL,5033.500072493928,alta,3,2,23090000
2021,86757,San Miguel,Putumayo,TERRITORIAL,5006.0814707710615,alta,4,3,569946400
2021,05664,San Pedro,Antioquia,TERRITORIAL,4949.2077671206425,alta,3,3,12113802
2021,25317,Guachetá,Cundinamarca,TERRITORIAL,4869.890983378431,alta,12,11,1534530666
2021,44279,Fonseca,La Guajira,TERRITORIAL,4850.1760783971995,alta,1929,486,312121042289
2021,44110,El Molino,La Guajira,TERRITORIAL,4846.586737409133,alta,772,221,18870362155
2021,27006,Acandí,Chocó,TERRITORIAL,4800.6662926259905,alta,176,108,45887707612
2021,85250,Paz de Ariporo,Casanare,TERRITORIAL,4645.59294376021,alta,482,352,62859175975
2021,08001,Barranquilla,Atlántico,OTRO,4603.419580255021,alta,189,178,60094675109
2021,08573,Puerto Colombia,Atlántico,TERRITORIAL,4597.783768398403,alta,32,28,73727131087
2021,25843,Villa de San Diego de Ubate,Cundinamarca,NACIONAL,4559.825933720285,alta,3,3,45593738
2021,73411,Líbano,Tolima,NACIONAL,4533.368437299142,alta,4,4,24619740
2021,70523,Palmito,Sucre,TERRITORIAL,4508.16379243015,alta,372,231,52324961165
2021,05686,Santa Rosa de Osos,Antioquia,NACIONAL,4379.423411653497,alta,9,6,44723406
2021,05376,La Ceja,Antioquia,NACIONAL,4370.265692136062,alta,7,7,71671475
2021,27073,Bagadó,Chocó,TERRITORIAL,4369.556091569467,alta,72,26,17915789066
2021,08675,Santa Lucía,Atlántico,TERRITORIAL,4345.325791163673,alta,118,102,6446648167
2021,05040,Anorí,Antioquia,TERRITORIAL,4329.429468539365,alta,325,181,26534621430
2021,05576,Pueblorrico,Antioquia,TERRITORIAL,4273.110214948763,alta,211,120,8995237630
2021,11001,Bogotá D.C.,Bogotá,OTRO,4200.204963300824,alta,17,16,1936689251
2021,15755,Socotá,Boyacá,NACIONAL,4178.8615776529505,alta,8,3,1493695999
2021,70418,Los Palmitos,Sucre,TERRITORIAL,4072.4570082065165,alta,499,248,19118865419
2021,05266,Envigado,Antioquia,NACIONAL,4041.1712274035503,alta,1744,1406,684522922764
2021,86749,Sibundoy,Putumayo,TERRITORIAL,4031.9371285158286,alta,451,223,41436969166
2021,05652,San Francisco,Antioquia,TERRITORIAL,3973.385680131195,alta,391,220,31951239071
2021,15248,El Espino,Boyacá,TERRITORIAL,3944.531941321647,alta,322,180,11021767552
2021,41016,Aipe,Huila,NACIONAL,3943.551138575026,alta,10,8,110936752
2021,15218,Covarachía,Boyacá,NACIONAL,3836.382656885515,alta,6,5,29349600
2021,44098,Distracción,La Guajira,TERRITORIAL,3793.465465261533,alta,76,38,11351411458
2021,08436,Manatí,Atlántico,TERRITORIAL,3719.7809096106553,alta,873,357,20529680727
2021,50251,El Castillo,Meta,NACIONAL,3713.428207454168,alta,15,6,111729625
2021,44090,Dibulla,La Guajira,NACIONAL,3710.780987288264,alta,8,4,48100000
2021,68549,Pinchote,Santander,TERRITORIAL,3663.391624600761,alta,270,151,15564212554
2021,95025,El Retorno,Guaviare,TERRITORIAL,3601.8984435011967,alta,465,252,37854372848
2021,41615,Rivera,Huila,NACIONAL,3601.074084182778,alta,19,14,748406225
2021,23090,Canalete,Córdoba,TERRITORIAL,3549.193557536459,alta,27,21,5857148298
2021,23815,Tuchín,Córdoba,TERRITORIAL,3545.0231904335446,alta,187,134,44825182913
2021,73349,Honda,Tolima,NACIONAL,3535.371209877742,alta,4,4,20523686
2021,68296,Galán,Santander,TERRITORIAL,3533.4939634017437,alta,248,149,18847198129
2021,81220,Cravo Norte,Arauca,TERRITORIAL,3517.417353396477,alta,244,94,16319387662
2021,86320,Orito,Putumayo,TERRITORIAL,3497.8790256232164,alta,1449,702,86650112024
2021,73854,Valle de San Juan,Tolima,TERRITORIAL,3489.49326714379,alta,352,195,19452774026
2021,19290,Florencia,Cauca,TERRITORIAL,3455.6112676355906,alta,190,100,9599184183
2021,15664,San José de Pare,Boyacá,NACIONAL,3446.342886126396,alta,6,5,32011390
2021,47980,Zona Bananera,Magdalena,TERRITORIAL,3437.0388012531052,alta,1679,460,42300182613
2021,91001,Leticia,Amazonas,NO_DEFINIDO,3412.8459664064762,alta,3,3,18725000
2021,27413,Lloró,Chocó,TERRITORIAL,3366.764667467098,alta,23,18,5084030080
2021,27615,Riosucio,Chocó,TERRITORIAL,3353.941474931182,alta,64,37,27363530020
2021,25178,Chipaque,Cundinamarca,TERRITORIAL,3306.59683064437,alta,261,212,35918016134
2021,41020,Algeciras,Huila,TERRITORIAL,3291.000960180701,alta,1047,462,78463488192
2021,52378,La Cruz,Nariño,NO_DEFINIDO,3257.495705537928,alta,16,10,122578210
2021,47205,Concordia,Magdalena,TERRITORIAL,3232.0715393345663,alta,294,201,8915612221
2021,13650,San Fernando,Bolívar,TERRITORIAL,3188.9218665124745,alta,22,17,11277591735
2021,18785,Solita,Caquetá,TERRITORIAL,3123.012619441406,alta,156,107,12179336516
2021,15325,Guayatá,Boyacá,TERRITORIAL,3102.3765238148403,alta,150,120,10324907405
2021,52838,Túquerres,Nariño,NACIONAL,3083.9791694612177,alta,16,14,254865993
2021,25328,Guayabal de Siquima,Cundinamarca,NACIONAL,3081.461891931964,alta,6,5,46201830
2021,13458,Montecristo,Bolívar,TERRITORIAL,3072.6637044375657,alta,296,175,31874111946
2021,15135,Campohermoso,Boyacá,NACIONAL,3024.7201847450756,alta,25,15,45430565
2021,05467,Montebello,Antioquia,TERRITORIAL,3013.236800571676,alta,359,184,17137896648
2021,76275,Florida,Valle del Cauca,TERRITORIAL,2991.6085510389744,alta,976,545,31806548953
2021,05501,Olaya,Antioquia,TERRITORIAL,2986.3407583832072,alta,283,144,9572020833
2021,15599,Ramiriquí,Boyacá,NACIONAL,2945.4846134972604,alta,9,9,23382001
2021,15820,Tópaga,Boyacá,NACIONAL,2930.5061276669658,alta,30,22,186678011
2021,76736,Sevilla,Valle del Cauca,NACIONAL,2927.1657218744317,alta,6,6,51037457
2021,81065,Arauquita,Arauca,TERRITORIAL,2884.1904939617116,alta,335,175,63547309929
2021,13430,Magangué,Bolívar,TERRITORIAL,2854.8523816668617,alta,909,399,70913546525
2021,15762,Sora,Boyacá,NACIONAL,2846.8905905432043,alta,26,21,376896885
2021,17873,Villamaría,Caldas,NACIONAL,2831.7952,alta,10,7,62500000
2021,05138,Cañasgordas,Antioquia,TERRITORIAL,2772.5631652584716,alta,474,244,45226196371
2021,05086,Belmira,Antioquia,TERRITORIAL,2722.6596048032443,alta,249,175,18431213741
2021,13030,Altos del Rosario,Bolívar,TERRITORIAL,2706.479446052679,alta,124,87,4542276358
2021,05440,Marinilla,Antioquia,NACIONAL,2696.6255308290815,alta,217,166,41134572473
2021,76364,Jamundí,Valle del Cauca,NACIONAL,2669.8184257053254,alta,25,16,2813903261
2021,73024,Alpujarra,Tolima,NACIONAL,2617.3328754869385,alta,6,5,35939110
2021,05190,Cisneros,Antioquia,TERRITORIAL,2606.8674970342945,alta,409,216,14138230005
2021,15325,Guayatá,Boyacá,NACIONAL,2584.190452885238,alta,6,6,10541482
2021,52838,Túquerres,Nariño,TERRITORIAL,2565.8185426503323,alta,586,169,21285319460
2021,13433,Mahates,Bolívar,TERRITORIAL,2553.235287845622,alta,169,137,13021946878
2021,85139,Maní,Casanare,TERRITORIAL,2537.2713870391867,alta,469,283,35640728235
2021,19100,Bolívar,Cauca,NACIONAL,2526.667217071728,alta,31,19,210662233
2021,52788,Tangua,Nariño,TERRITORIAL,2525.8850553151615,alta,1318,510,21678596056
2021,63548,Pijao,Quindío,TERRITORIAL,2506.8514219398066,alta,342,197,5353265241
2021,23500,Moñitos,Córdoba,TERRITORIAL,2503.622498295259,alta,80,53,12498721885
2021,13468,Mompós,Bolívar,TERRITORIAL,2490.503036159578,moderada,973,219,31018709848
2021,86571,Puerto Guzmán,Putumayo,TERRITORIAL,2485.6306406118447,moderada,1192,412,31576466356
2021,66170,Dosquebradas,Risaralda,NACIONAL,2479.9189085655603,moderada,20,17,243064148
2021,18610,San José del Fragua,Caquetá,TERRITORIAL,2476.717755400356,moderada,227,152,11217416880
2021,52079,Barbacoas,Nariño,TERRITORIAL,2458.570473612578,moderada,2002,796,50862672463
2021,13838,Turbaná,Bolívar,NACIONAL,2447.714496830298,moderada,5,5,22905100
2021,27361,Istmina,Chocó,NACIONAL,2426.110427551171,moderada,6,6,29595084
2021,15897,Zetaquira,Boyacá,NACIONAL,2423.7805136921684,moderada,9,6,58897874
2021,15693,Santa Rosa de Viterbo,Boyacá,TERRITORIAL,2420.573384771636,moderada,118,85,4596968316
2021,13212,Córdoba,Bolívar,TERRITORIAL,2413.5339702450733,moderada,310,190,10009422040
2021,50318,Guamal,Meta,TERRITORIAL,2396.2481443077418,moderada,522,286,32610208883
2021,05842,Uramita,Antioquia,TERRITORIAL,2369.295714020973,moderada,319,175,17255746948
2021,68132,California,Santander,TERRITORIAL,2365.723162220089,moderada,238,157,6733152795
2021,19585,Puracé,Cauca,TERRITORIAL,2365.1020709243635,moderada,9,8,120650000
2021,05591,Puerto Triunfo,Antioquia,NACIONAL,2355.2043372390035,moderada,17,13,1125139291
2021,05237,Don Matías,Antioquia,TERRITORIAL,2354.317557252587,moderada,294,230,27012049701
2021,13490,Norosí,Bolívar,TERRITORIAL,2352.26377180889,moderada,17,15,1516637090
2021,19573,Puerto Tejada,Cauca,NACIONAL,2340.6480003580664,moderada,21,15,95506216
2021,27600,Río Quito,Chocó,TERRITORIAL,2332.966202627174,moderada,75,63,7399339153
2021,18410,La Montañita,Caquetá,TERRITORIAL,2293.0059435142903,moderada,228,165,32256889496
2021,13683,Santa Rosa,Bolívar,TERRITORIAL,2246.6261250760763,moderada,9,7,1773092857
2021,25372,Junín,Cundinamarca,TERRITORIAL,2244.5969961431265,moderada,427,264,18511839008
2021,27372,Juradó,Chocó,TERRITORIAL,2243.2122604929364,moderada,72,51,2443371395
2021,25339,Gutiérrez,Cundinamarca,TERRITORIAL,2185.9504340499843,moderada,195,128,16656344530
2021,52786,Taminango,Nariño,NACIONAL,2182.608558370635,moderada,7,7,24973800
2021,44560,Manaure,La Guajira,TERRITORIAL,2181.9088493450395,moderada,608,351,141158441055
2021,81591,Puerto Rondón,Arauca,TERRITORIAL,2176.4278851230088,moderada,149,80,23127877026
2021,70235,Galeras,Sucre,NACIONAL,2164.609129040398,moderada,62,38,899790457
2021,23855,Valencia,Córdoba,NACIONAL,2164.1125306877893,moderada,7,7,52801000
2021,18247,El Doncello,Caquetá,TERRITORIAL,2161.3861785022236,moderada,833,435,41727053346
2021,27787,Tadó,Chocó,TERRITORIAL,2145.5453941779806,moderada,41,31,1672540138
2021,73443,Mariquita,Tolima,NACIONAL,2121.6786591974906,moderada,28,27,1263563502
2021,05021,Alejandría,Antioquia,TERRITORIAL,2111.605615471298,moderada,237,160,15132820195
2021,25099,Bojacá,Cundinamarca,TERRITORIAL,2094.475413543225,moderada,415,270,18342360038
2021,15516,Paipa,Boyacá,NACIONAL,2069.0075898950067,moderada,14,8,30894450
2021,20621,La Paz,Cesar,TERRITORIAL,2063.0807645884265,moderada,434,223,38729755684
2021,76109,Buenaventura,Valle del Cauca,OTRO,2042.3613127812964,moderada,7,6,1495258100
2021,13780,Talaigua Nuevo,Bolívar,TERRITORIAL,2040.6002811711949,moderada,401,254,8819366640
2021,13838,Turbaná,Bolívar,TERRITORIAL,2031.4224086319025,moderada,390,228,19619429416
2021,70233,El Roble,Sucre,TERRITORIAL,2021.2527713777808,moderada,148,93,3763302087
2021,23570,Pueblo Nuevo,Córdoba,TERRITORIAL,1971.834350196266,moderada,407,224,61580404098
2021,25386,La Mesa,Cundinamarca,NACIONAL,1971.189318090711,moderada,7,7,26539961
2021,05541,Peñol,Antioquia,TERRITORIAL,1946.3813027909505,moderada,318,214,31713277767
2021,54498,Ocaña,Norte de Santander,NACIONAL,1942.5877149843761,moderada,40,23,337475814
2021,68121,Cabrera,Santander,TERRITORIAL,1933.2715548323804,moderada,216,110,11726863914
2021,41791,Tarqui,Huila,NACIONAL,1925.885634576791,moderada,14,11,92184862
2021,20060,Bosconia,Cesar,TERRITORIAL,1923.144684122214,moderada,813,387,14733572240
2021,13836,Turbaco,Bolívar,TERRITORIAL,1921.3924148036144,moderada,4305,2989,1042347558419
2021,25214,Cota,Cundinamarca,TERRITORIAL,1909.024724773982,moderada,1477,1342,185986430799
2021,05308,Girardota,Antioquia,TERRITORIAL,1872.4164016818029,moderada,1123,692,196402967727
2021,15185,Chitaraque,Boyacá,NACIONAL,1870.6041299111253,moderada,10,8,28710445
2021,13600,Río Viejo,Bolívar,TERRITORIAL,1819.3916748243648,moderada,340,230,15666985189
2021,13549,Pinillos,Bolívar,TERRITORIAL,1808.4378371355428,moderada,74,56,11593793329
2021,25183,Chocontá,Cundinamarca,NACIONAL,1802.419880008595,moderada,9,7,62947750
2021,85315,Sácama,Casanare,TERRITORIAL,1798.0071842188033,moderada,170,107,9156057210
2021,25040,Anolaima,Cundinamarca,NACIONAL,1796.816140368591,moderada,23,12,128000319
2021,47245,El Banco,Magdalena,NACIONAL,1795.3753892746558,moderada,12,7,48467613
2021,27205,Condoto,Chocó,TERRITORIAL,1793.263400368913,moderada,11,8,5773833147
2021,50313,Granada,Meta,NACIONAL,1790.0983010037166,moderada,8,8,109701412
2021,20770,San Martín,Cesar,TERRITORIAL,1788.2570927122076,moderada,417,264,29765933931
2021,86569,Puerto Caicedo,Putumayo,TERRITORIAL,1782.2523242217273,moderada,708,329,18185800150
2021,27580,Río Iro,Chocó,TERRITORIAL,1780.028141569771,moderada,33,24,2872081248
2021,13001,Cartagena,Bolívar,OTRO,1771.9362198497079,moderada,96,90,37810894623
2021,05390,La Pintada,Antioquia,TERRITORIAL,1768.5608134904046,moderada,449,241,14261922629
2021,41020,Algeciras,Huila,NACIONAL,1767.188305471594,moderada,11,10,37437324
2021,05490,Necoclí,Antioquia,TERRITORIAL,1757.8905780710706,moderada,973,351,72854050955
2021,13473,Morales,Bolívar,TERRITORIAL,1757.4748298799327,moderada,229,178,18637451341
2021,19533,Piamonte,Cauca,TERRITORIAL,1741.8476429828054,moderada,332,202,16203358455
2021,25407,Lenguazaque,Cundinamarca,TERRITORIAL,1741.2690605362534,moderada,186,134,8174068813
2021,23855,Valencia,Córdoba,TERRITORIAL,1736.91613505574,moderada,189,151,52376552187
2021,63548,Pijao,Quindío,NACIONAL,1731.9958906355657,moderada,17,14,54659882
2021,15842,Umbita,Boyacá,NACIONAL,1715.6339821114957,moderada,10,9,17639215
2021,23807,Tierralta,Córdoba,TERRITORIAL,1714.8613572420415,moderada,237,166,44514961155
2021,05895,Zaragoza,Antioquia,TERRITORIAL,1714.3210968283106,moderada,362,207,31512443898
2021,19845,Villa Rica,Cauca,TERRITORIAL,1713.342085509117,moderada,461,294,19982491936
2021,20228,Curumaní,Cesar,TERRITORIAL,1713.0737448421035,moderada,359,220,16258632643
2021,81794,Tame,Arauca,NACIONAL,1712.57763478709,moderada,20,14,817755185
2021,76377,La Cumbre,Valle del Cauca,TERRITORIAL,1702.5704586618733,moderada,673,269,12148679221
2021,70124,Caimito,Sucre,NACIONAL,1693.055542641575,moderada,11,10,30662529
2021,05364,Jardín,Antioquia,TERRITORIAL,1691.4467260141862,moderada,893,305,11961691031
2021,52210,Contadero,Nariño,TERRITORIAL,1681.3830687030982,moderada,860,315,12359727950
2021,15455,Miraflores,Boyacá,NACIONAL,1681.3157763582767,moderada,34,29,1695945990
2021,25580,Pulí,Cundinamarca,TERRITORIAL,1670.805353380387,moderada,164,105,4606888305
2021,41770,Suaza,Huila,NACIONAL,1667.305758041451,moderada,10,9,61211691
2021,13620,San Cristóbal,Bolívar,TERRITORIAL,1652.3283201507609,moderada,127,97,9437962387
2021,05036,Angelópolis,Antioquia,TERRITORIAL,1643.9659937901756,moderada,244,134,6204360784
2021,13188,Cicuco,Bolívar,TERRITORIAL,1641.9965410802,moderada,17,15,354074551
2021,15480,Muzo,Boyacá,TERRITORIAL,1637.0016563926333,moderada,340,188,25274286324
2021,41524,Palermo,Huila,NACIONAL,1636.3859058811797,moderada,17,13,48112442
2021,25899,Zipaquirá,Cundinamarca,NACIONAL,1628.0784841358002,moderada,11,11,172568142
2021,05667,San Rafael,Antioquia,NACIONAL,1623.984804886633,moderada,22,15,463974624
2021,70708,San Marcos,Sucre,NACIONAL,1622.1001965523303,moderada,7,7,16025700
2021,97001,Mitú,Vaupés,NACIONAL,1620.126711337437,moderada,77,61,10398827413
2021,20013,Agustín Codazzi,Cesar,TERRITORIAL,1611.1416453030622,moderada,851,555,52793406957
2021,70221,Coveñas,Sucre,NACIONAL,1610.2157344100915,moderada,69,60,13799447842
2021,73352,Icononzo,Tolima,TERRITORIAL,1604.6619453536211,moderada,365,173,5976409776
2021,23182,Chinú,Córdoba,TERRITORIAL,1603.075117350329,moderada,315,231,47290635673
2021,44090,Dibulla,La Guajira,TERRITORIAL,1601.9197426226765,moderada,352,179,108780922768
2021,52885,Yacuanquer,Nariño,TERRITORIAL,1599.5139227556904,moderada,743,336,13642491824
2021,41349,Hobo,Huila,NACIONAL,1592.8757584918715,moderada,83,69,3217891349
2021,97161,Caruru,Vaupés,TERRITORIAL,1592.2107579418935,moderada,220,121,10833947418
2021,99624,Santa Rosalía,Vichada,TERRITORIAL,1586.4113033684346,moderada,220,124,5606663098
2021,05380,La Estrella,Antioquia,TERRITORIAL,1571.6186198464284,moderada,2581,904,268487351135
2021,85250,Paz de Ariporo,Casanare,NACIONAL,1569.2909656682764,moderada,13,12,155418423
2021,44001,Riohacha,La Guajira,OTRO,1559.8586994838506,moderada,49,48,7576520972
2021,68397,La Paz,Santander,TERRITORIAL,1553.7545533681669,moderada,248,144,7840441189
2021,20570,Pueblo Bello,Cesar,TERRITORIAL,1552.2576548760264,moderada,669,348,26900669072
2021,70702,San Juan de Betulia,Sucre,TERRITORIAL,1549.9567710911501,moderada,169,111,11187780507
2021,25506,Venecia,Cundinamarca,TERRITORIAL,1546.142132444634,moderada,154,111,4898854440
2021,05887,Yarumal,Antioquia,NACIONAL,1543.8171490806703,moderada,18,14,195337843
2021,20295,Gamarra,Cesar,TERRITORIAL,1520.5807679610682,moderada,123,82,3479370903
2021,70110,Buenavista,Sucre,NACIONAL,1519.3742108581948,moderada,8,7,19867873
2021,13670,San Pablo,Bolívar,TERRITORIAL,1517.0924615558567,moderada,192,123,14888994824
2021,25662,San Juan de Río Seco,Cundinamarca,NACIONAL,1511.0355470260465,moderada,10,9,53016295
2021,27099,Bojaya,Chocó,TERRITORIAL,1505.4086104334986,moderada,122,36,18309686585
2021,68307,Girón,Santander,TERRITORIAL,1489.892140029323,baja,1134,837,82574621310
2021,50568,Puerto Gaitán,Meta,TERRITORIAL,1489.498503653525,baja,1276,847,117897725448
2021,05837,Turbo,Antioquia,TERRITORIAL,1486.4883723194064,baja,869,598,178869831791
2021,15215,Corrales,Boyacá,TERRITORIAL,1479.2652438356322,baja,215,133,7236666768
2021,05368,Jericó,Antioquia,TERRITORIAL,1475.6475180125835,baja,706,268,10970909519
2021,68655,Sabana de Torres,Santander,TERRITORIAL,1474.0224190788988,baja,535,262,22470167717
2021,05088,Bello,Antioquia,TERRITORIAL,1465.5459754434069,baja,8043,2520,496062305364
2021,20250,El Paso,Cesar,TERRITORIAL,1454.3575658650927,baja,450,245,26833915006
2021,27050,Atrato,Chocó,TERRITORIAL,1451.7705298464127,baja,103,20,2727743006
2021,41001,Neiva,Huila,NO_DEFINIDO,1447.0962278528243,baja,223,160,5395396115
2021,18094,Belén de los Andaquies,Caquetá,TERRITORIAL,1432.5795922685759,baja,570,302,36565424568
2021,85325,San Luis de Palenque,Casanare,TERRITORIAL,1423.3814245683964,baja,304,181,12826634368
2021,15790,Tasco,Boyacá,NACIONAL,1422.0047385583318,baja,16,10,75000458
2021,73461,Murillo,Tolima,TERRITORIAL,1420.006431650078,baja,159,104,2980979858
2021,25594,Quetame,Cundinamarca,NACIONAL,1418.259059906047,baja,20,12,114133245
2021,15212,Coper,Boyacá,TERRITORIAL,1408.5128918285998,baja,240,134,8046057884
2021,68684,San José de Miranda,Santander,TERRITORIAL,1403.1547891418693,baja,156,109,8738814215
2021,20011,Aguachica,Cesar,TERRITORIAL,1397.868027590299,baja,796,464,55720750464
2021,15693,Santa Rosa de Viterbo,Boyacá,NACIONAL,1382.2077357398975,baja,16,13,172809616
2021,73678,San Luis,Tolima,TERRITORIAL,1378.1508136078203,baja,569,296,14554048561
2021,18592,Puerto Rico,Caquetá,TERRITORIAL,1373.7601322163773,baja,262,153,16713232175
2021,05045,Apartadó,Antioquia,TERRITORIAL,1366.461735488463,baja,1166,878,656276799238
2021,23350,La Apartada,Córdoba,TERRITORIAL,1362.7932444762855,baja,542,263,26713510100
2021,23574,Puerto Escondido,Córdoba,TERRITORIAL,1359.4215496808272,baja,660,315,24555739295
2021,05656,San Jerónimo,Antioquia,TERRITORIAL,1355.2086763553207,baja,483,258,21989090873
2021,05658,San José de la Montaña,Antioquia,TERRITORIAL,1354.0797532219533,baja,146,112,3358120019
2021,19513,Padilla,Cauca,TERRITORIAL,1345.5637423397745,baja,244,106,3771456540
2021,05360,Itagui,Antioquia,OTRO,1341.6646666209444,baja,84,64,356904205151
2021,05154,Caucasia,Antioquia,TERRITORIAL,1332.3874672818881,baja,915,451,79483805275
2021,15599,Ramiriquí,Boyacá,TERRITORIAL,1331.752237120154,baja,242,163,11249169085
2021,19142,Caloto,Cauca,TERRITORIAL,1331.2683657815212,baja,489,248,21889499369
2021,50325,Mapiripán,Meta,NACIONAL,1325.7391232135055,baja,36,19,414179557
2021,05411,Liborina,Antioquia,TERRITORIAL,1320.7370234615291,baja,230,137,7413875107
2021,08433,Malambo,Atlántico,TERRITORIAL,1315.0326366953764,baja,1065,448,43207235951
2021,27135,El Cantón del San Pablo,Chocó,TERRITORIAL,1313.989071900059,baja,170,102,10346085504
2021,52317,Guachucal,Nariño,NACIONAL,1312.044978065296,baja,20,17,216176267
2021,25596,Quipile,Cundinamarca,TERRITORIAL,1311.7286026811782,baja,174,128,6792086610
2021,73347,Herveo,Tolima,TERRITORIAL,1309.3255824167088,baja,147,97,2696144952
2021,47053,Aracataca,Magdalena,TERRITORIAL,1300.8708798715118,baja,360,250,22026889703
2021,70523,Palmito,Sucre,NACIONAL,1299.5878142219635,baja,34,23,574293574
2021,13244,El Carmen de Bolívar,Bolívar,TERRITORIAL,1295.5396774422493,baja,583,299,38924461646
2021,68770,Suaita,Santander,NACIONAL,1293.624772394818,baja,52,24,72198829
2021,05145,Caramanta,Antioquia,TERRITORIAL,1291.009522063384,baja,371,173,13110718957
2021,25398,La Peña,Cundinamarca,NACIONAL,1285.217506971503,baja,14,9,55686289
2021,70678,San Benito Abad,Sucre,NACIONAL,1284.5256138705358,baja,12,10,70689900
2021,23807,Tierralta,Córdoba,NACIONAL,1277.2804108401353,baja,16,11,107917032
2021,76126,Calima,Valle del Cauca,TERRITORIAL,1271.3094929024269,baja,661,315,17233350734
2021,05107,Briceño,Antioquia,TERRITORIAL,1270.2166076007607,baja,565,318,31026618432
2021,05172,Chigorodó,Antioquia,TERRITORIAL,1266.533378157258,baja,607,361,43675372163
2021,76306,Ginebra,Valle del Cauca,TERRITORIAL,1265.8017827793992,baja,560,303,25128354242
2021,85225,Nunchía,Casanare,TERRITORIAL,1261.5106323809687,baja,282,168,16898182305
2021,52240,Chachagüí,Nariño,TERRITORIAL,1260.6206452117303,baja,735,302,12571778014
2021,47288,Fundación,Magdalena,TERRITORIAL,1260.1274737152994,baja,2191,644,43252271843
2021,73616,Rioblanco,Tolima,TERRITORIAL,1253.7243645538947,baja,604,326,25457557530
2021,25817,Tocancipá,Cundinamarca,TERRITORIAL,1234.2257980354848,baja,956,754,107374323560
2021,44874,Villanueva,La Guajira,TERRITORIAL,1233.4918342749404,baja,928,398,14480266565
2021,68162,Cerrito,Santander,TERRITORIAL,1232.1061589519238,baja,415,208,8292363084
2021,27425,Medio Atrato,Chocó,TERRITORIAL,1221.5732606178171,baja,188,122,29336115919
2021,68209,Confines,Santander,TERRITORIAL,1214.873103477098,baja,203,131,6622245872
2021,25535,Pasca,Cundinamarca,TERRITORIAL,1208.4648192004836,baja,222,164,4837187022
2021,15676,San Miguel de Sema,Boyacá,NACIONAL,1206.9156410501039,baja,23,16,26347672
2021,68211,Contratación,Santander,NACIONAL,1202.8211875159054,baja,79,50,1743570239
2021,52378,La Cruz,Nariño,TERRITORIAL,1201.1935593751953,baja,1128,491,19738985234
2021,15109,Buenavista,Boyacá,TERRITORIAL,1191.9684524031697,baja,244,141,9332340673
2021,52678,Samaniego,Nariño,NACIONAL,1188.0292104948264,baja,21,16,269448579
2021,70215,Corozal,Sucre,NACIONAL,1176.178745678601,baja,51,50,4107257877
2021,54871,Villa Caro,Norte de Santander,TERRITORIAL,1166.4975481830643,baja,165,109,8681591713
2021,23686,San Pelayo,Córdoba,TERRITORIAL,1166.2825275708212,baja,777,331,30072575647
2021,52473,Mosquera,Nariño,TERRITORIAL,1163.0058090267746,baja,492,222,19049367941
2021,76845,Ulloa,Valle del Cauca,TERRITORIAL,1162.24518783548,baja,88,65,2098953459
2021,76616,Riofrío,Valle del Cauca,TERRITORIAL,1153.2304898193076,baja,426,261,13880394305
2021,15764,Soracá,Boyacá,TERRITORIAL,1151.0202345821363,baja,268,198,11648145635
2021,47268,El Retén,Magdalena,TERRITORIAL,1149.8991593620738,baja,611,218,16954724920
2021,05615,Rionegro,Antioquia,TERRITORIAL,1145.651067413632,baja,5023,2292,712561886505
2021,19110,Buenos Aires,Cauca,TERRITORIAL,1143.6614860088475,baja,383,223,18945626972
2021,20750,San Diego,Cesar,TERRITORIAL,1143.5101422038877,baja,777,379,18774236784
2021,05318,Guarne,Antioquia,TERRITORIAL,1139.0411544472595,baja,859,627,75277666076
2021,47258,El Piñon,Magdalena,TERRITORIAL,1136.7164217155696,baja,700,292,13178958105
2021,13248,El Guamo,Bolívar,TERRITORIAL,1129.260148749389,baja,126,104,5783201090
2021,05353,Hispania,Antioquia,TERRITORIAL,1127.7178450994122,baja,332,180,5777415529
2021,70771,Sucre,Sucre,NACIONAL,1121.294845741524,baja,28,21,140421477
2021,81736,Saravena,Arauca,TERRITORIAL,1119.965558130677,baja,684,458,105752835413
2021,50350,La Macarena,Meta,TERRITORIAL,1115.5282646735543,baja,252,187,18182851470
2021,19573,Puerto Tejada,Cauca,TERRITORIAL,1114.574947582495,baja,620,342,29684623092
2021,50245,El Calvario,Meta,TERRITORIAL,1112.252167088011,baja,90,67,2452399438
2021,63130,Calarca,Quindío,NACIONAL,1107.4190253802312,baja,22,20,74676357
2021,25200,Cogua,Cundinamarca,TERRITORIAL,1107.1065509185894,baja,343,301,16532191228
2021,05376,La Ceja,Antioquia,TERRITORIAL,1098.3847427855394,baja,1742,780,163881419355
2021,27430,Medio Baudó,Chocó,TERRITORIAL,1097.0334529026684,baja,74,43,3926786266
2021,68307,Girón,Santander,NACIONAL,1094.6908371690931,baja,31,23,967141712
2021,27361,Istmina,Chocó,TERRITORIAL,1090.9807426734267,baja,16,11,333430218
2021,25535,Pasca,Cundinamarca,NACIONAL,1089.215016626763,baja,17,15,69251949
2021,70204,Coloso,Sucre,TERRITORIAL,1086.4784318445486,baja,657,265,13186017767
2021,19364,Jambaló,Cauca,TERRITORIAL,1083.6611180945772,baja,125,89,6136783946
2021,76497,Obando,Valle del Cauca,TERRITORIAL,1080.6111407197209,baja,294,158,10785446254
2021,05282,Fredonia,Antioquia,TERRITORIAL,1079.4356921987553,baja,922,340,14915493647
2021,47720,Santa Bárbara de Pinto,Magdalena,TERRITORIAL,1075.1801273874892,baja,1010,330,10255866029
2021,05819,Toledo,Antioquia,TERRITORIAL,1069.4137504945063,baja,244,177,9459294637
2021,05045,Apartadó,Antioquia,OTRO,1061.9843720147812,baja,92,77,37374451202
2021,73873,Villarrica,Tolima,TERRITORIAL,1060.986284236881,baja,354,163,5663960151
2021,13006,Achí,Bolívar,TERRITORIAL,1059.6313024279389,baja,1594,682,18907893960
2021,68370,Jordán,Santander,TERRITORIAL,1057.7431224533116,baja,135,93,4045065383
2021,13442,María la Baja,Bolívar,TERRITORIAL,1056.4395821399444,baja,197,163,19042625911
2021,54245,El Carmen,Norte de Santander,TERRITORIAL,1054.8225040821046,baja,505,263,14055001730
2021,23419,Los Córdobas,Córdoba,TERRITORIAL,1051.6127792573589,baja,42,33,837007769
2021,25260,El Rosal,Cundinamarca,TERRITORIAL,1051.148957583546,baja,456,316,16481129396
2021,13440,Margarita,Bolívar,TERRITORIAL,1051.0077955003626,baja,79,62,3354351891
2021,05628,Sabanalarga,Antioquia,TERRITORIAL,1050.3775005558543,baja,445,229,9239475884
2021,23670,San Andrés Sotavento,Córdoba,TERRITORIAL,1049.289248117196,baja,749,444,61051627765
2021,13052,Arjona,Bolívar,TERRITORIAL,1046.6075095238969,baja,755,342,17047846211
2021,68418,Los Santos,Santander,TERRITORIAL,1033.9002265356266,baja,285,177,15291465383
2021,19318,Guapi,Cauca,TERRITORIAL,1031.1199829438294,baja,331,209,9876492355
2021,15681,San Pablo de Borbur,Boyacá,TERRITORIAL,1025.8277073776792,baja,173,127,8799183818
2021,08137,Campo de la Cruz,Atlántico,TERRITORIAL,1022.1696895876985,baja,711,284,10840616656
2021,15087,Belén,Boyacá,NACIONAL,1021.932140641233,baja,18,16,79529414
2021,08421,Luruaco,Atlántico,TERRITORIAL,1017.0434681040546,baja,325,169,10774573629
2021,68167,Charalá,Santander,TERRITORIAL,1009.1428425994729,baja,423,253,20794859106
2021,15740,Siachoque,Boyacá,NACIONAL,1006.9987396794523,baja,16,15,135350816
2021,25491,Nocaima,Cundinamarca,TERRITORIAL,1002.1272801427862,baja,261,190,9820153114
2021,68500,Oiba,Santander,TERRITORIAL,999.946442020789,baja,302,192,19371278833
2021,25035,Anapoima,Cundinamarca,TERRITORIAL,997.6139227480172,baja,484,296,20873093316
2021,05890,Yolombó,Antioquia,TERRITORIAL,990.3862906734321,baja,2757,354,41997690306
2021,05690,Santo Domingo,Antioquia,TERRITORIAL,989.7305944558082,baja,357,205,19880706575
2021,63594,Quimbaya,Quindío,TERRITORIAL,984.7578764575942,baja,949,505,17261518101
2021,08520,Palmar de Varela,Atlántico,TERRITORIAL,984.1378958523305,baja,259,187,10524188947
2021,76100,Bolívar,Valle del Cauca,NACIONAL,984.1145787963013,baja,21,19,61724396
2021,05858,Vegachí,Antioquia,TERRITORIAL,983.4703345731854,baja,452,247,16197927896
2021,68861,Vélez,Santander,TERRITORIAL,981.8390797332172,baja,391,266,24431538391
2021,68872,Villanueva,Santander,TERRITORIAL,980.64306485995,baja,386,211,9138141801
2021,25489,Nimaima,Cundinamarca,TERRITORIAL,979.4678124098225,baja,287,172,5470092337
2021,44650,San Juan del Cesar,La Guajira,NACIONAL,977.8695130615079,baja,171,102,6485421402
2021,05042,Santafé de Antioquia,Antioquia,TERRITORIAL,976.3701684199667,baja,793,490,41357871948
2021,81736,Saravena,Arauca,NACIONAL,963.3106451797845,baja,29,22,1763843335
2021,41885,Yaguará,Huila,TERRITORIAL,963.21367056595,baja,559,297,26613848380
2021,05240,Ebéjico,Antioquia,TERRITORIAL,960.7944713383667,baja,301,192,15275807577
2021,25807,Tibirita,Cundinamarca,TERRITORIAL,960.4469844464357,baja,203,137,6536698282
2021,08296,Galapa,Atlántico,TERRITORIAL,959.8982955792537,baja,1167,498,45212918949
2021,76403,La Victoria,Valle del Cauca,TERRITORIAL,959.6255071435119,baja,337,184,13199239357
2021,54599,Ragonvalia,Norte de Santander,TERRITORIAL,957.5134540422182,baja,228,142,5315791547
2021,70215,Corozal,Sucre,TERRITORIAL,956.8208185643607,baja,593,331,47963796098
2021,54874,Villa del Rosario,Norte de Santander,TERRITORIAL,956.378009436603,baja,1856,992,50956316789
2021,23675,San Bernardo del Viento,Córdoba,TERRITORIAL,954.5724159975637,baja,480,292,20499162094
2021,68432,Málaga,Santander,TERRITORIAL,953.1730979077693,baja,540,330,33024535798
2021,15808,Tinjacá,Boyacá,TERRITORIAL,950.8401392226416,baja,194,126,4930352009
2021,27150,Carmen del Darien,Chocó,TERRITORIAL,949.0760974749431,baja,134,94,3836715473
2021,19392,La Sierra,Cauca,TERRITORIAL,948.4007641845216,baja,303,162,7166209074
2021,15322,Guateque,Boyacá,NACIONAL,945.7669844182648,baja,21,17,83459013
2021,25328,Guayabal de Siquima,Cundinamarca,TERRITORIAL,942.4916548081419,baja,181,111,6009285959
2021,73043,Anzoátegui,Tolima,TERRITORIAL,941.2871960681775,baja,241,179,8243257981
2021,20710,San Alberto,Cesar,NACIONAL,935.9756706286596,baja,40,18,242759510
2021,23417,Lorica,Córdoba,TERRITORIAL,931.8845083203071,baja,1028,632,71996401537
2021,05809,Titiribí,Antioquia,TERRITORIAL,931.7714585836526,baja,250,182,7005148249
2021,05044,Anza,Antioquia,TERRITORIAL,931.2173418588513,baja,320,165,7706136769
2021,08001,Barranquilla,Atlántico,NACIONAL,928.1281303051684,baja,3144,2590,589726431134
2021,76400,La Unión,Valle del Cauca,TERRITORIAL,926.7211536034463,baja,541,323,16771634369
2021,47660,Sabanas de San Angel,Magdalena,TERRITORIAL,924.9554775098995,baja,789,309,16230074565
2021,05360,Itagui,Antioquia,TERRITORIAL,924.8256660592342,baja,6983,1156,819208989483
2021,41524,Palermo,Huila,TERRITORIAL,923.6358407601092,baja,1306,614,75936009375
2021,27001,Quibdó,Chocó,NACIONAL,923.1298815632173,baja,547,426,23163358300
2021,05887,Yarumal,Antioquia,TERRITORIAL,922.8235369282683,baja,2270,483,54269438063
2021,81001,Arauca,Arauca,NACIONAL,921.3928530777456,baja,503,398,78995216251
2021,44078,Barrancas,La Guajira,TERRITORIAL,914.5316243133074,baja,721,397,108210844575
2021,86760,Santiago,Putumayo,TERRITORIAL,914.4130583483902,baja,405,212,6472533811
2021,52287,Funes,Nariño,TERRITORIAL,914.3606278565969,baja,862,369,17010150898
2021,05873,Vigía del Fuerte,Antioquia,TERRITORIAL,912.8031714192404,baja,238,149,5959685129
2021,15500,Oicatá,Boyacá,TERRITORIAL,912.258383806966,baja,228,147,6902237068
2021,17513,Pácora,Caldas,NACIONAL,909.7431080974379,baja,33,25,118030874
2021,54172,Chinácota,Norte de Santander,TERRITORIAL,908.5640280168352,baja,1415,473,21388494235
2021,13074,Barranco de Loba,Bolívar,TERRITORIAL,907.4689398523576,baja,577,275,9703110613
2021,23168,Chimá,Córdoba,TERRITORIAL,906.5615661267024,baja,252,175,13630231704
2021,68547,Piedecuesta,Santander,TERRITORIAL,905.2343722820409,baja,2015,1260,170807123660
2021,18860,Valparaíso,Caquetá,TERRITORIAL,902.9054017693514,baja,135,101,3370968743
2021,68255,El Playón,Santander,TERRITORIAL,901.3088868833808,baja,457,249,15608262780
2021,44378,Hatonuevo,La Guajira,TERRITORIAL,897.6623201027365,baja,318,221,13791857899
2021,70713,San Onofre,Sucre,TERRITORIAL,897.6565119740843,baja,937,442,28900385872
2021,20045,Becerril,Cesar,TERRITORIAL,897.3923116063377,baja,468,292,94624582312
2021,15362,Iza,Boyacá,TERRITORIAL,895.324393392527,baja,150,105,3088243415
2021,13160,Cantagallo,Bolívar,TERRITORIAL,891.0358774522667,baja,532,295,31413375647
2021,15087,Belén,Boyacá,TERRITORIAL,890.1926720827682,baja,270,183,7425381350
2021,05284,Frontino,Antioquia,NACIONAL,888.6040476064258,baja,42,20,289806941
2021,68322,Guapotá,Santander,TERRITORIAL,884.1423631455184,baja,153,105,5640321228
2021,15114,Busbanzá,Boyacá,TERRITORIAL,882.2083967788097,baja,160,108,6552102191
2021,50325,Mapiripán,Meta,TERRITORIAL,879.4211476940117,baja,278,187,16393352990
2021,25473,Mosquera,Cundinamarca,TERRITORIAL,877.4137919487656,baja,2925,1757,276712077787
2021,19807,Timbío,Cauca,TERRITORIAL,876.4044003223698,baja,486,260,17239792945
2021,15531,Pauna,Boyacá,TERRITORIAL,868.8889303733279,baja,270,169,13537658955
2021,25269,Facatativá,Cundinamarca,NACIONAL,867.7339315351185,baja,231,167,53031201407
2021,52540,Policarpa,Nariño,TERRITORIAL,866.8305938291818,baja,1032,387,16537341270
2021,05659,San Juan de Urabá,Antioquia,TERRITORIAL,865.8173101056287,baja,246,159,6828615731
2021,19397,La Vega,Cauca,TERRITORIAL,863.6373732916211,baja,410,294,16955593894
2021,81794,Tame,Arauca,TERRITORIAL,863.0545433902581,baja,676,377,31865327564
2021,15774,Susacón,Boyacá,TERRITORIAL,860.5677341959928,baja,167,109,3238790720
2021,17616,Risaralda,Caldas,NACIONAL,855.4312111824219,baja,231,143,104777381573
2021,68855,Valle de San José,Santander,TERRITORIAL,854.1038207446455,baja,286,170,7408136066
2021,18756,Solano,Caquetá,NACIONAL,853.1248747903377,baja,172,141,17977065203
2021,70670,Sampués,Sucre,TERRITORIAL,849.1214681849125,baja,1080,492,34970373912
2021,25245,El Colegio,Cundinamarca,NACIONAL,848.1292005972504,baja,19,16,128423153
2021,15814,Toca,Boyacá,TERRITORIAL,846.3715456626043,baja,237,157,4349820523
2021,23189,Ciénaga de Oro,Córdoba,TERRITORIAL,845.2698429768685,baja,434,259,26041961057
2021,15664,San José de Pare,Boyacá,TERRITORIAL,844.8288876207444,baja,163,114,6629137019
2021,47703,San Zenón,Magdalena,TERRITORIAL,844.5527397981161,baja,118,67,1373425252
2021,27245,El Carmen de Atrato,Chocó,TERRITORIAL,844.2512700995353,baja,182,121,5024379602
2021,19100,Bolívar,Cauca,TERRITORIAL,841.2548778816064,baja,446,219,16079379945
2021,15466,Monguí,Boyacá,TERRITORIAL,841.110552594624,baja,162,103,5806551440
2021,52258,El Tablón de Gómez,Nariño,TERRITORIAL,839.6264425752354,baja,853,347,10996148038
2021,25095,Bituima,Cundinamarca,TERRITORIAL,837.8013293067578,baja,133,107,3329106148
2021,25851,Útica,Cundinamarca,TERRITORIAL,836.1438639879509,baja,226,153,10776484045
2021,23464,Momil,Córdoba,TERRITORIAL,836.1191833875969,baja,124,108,15970356565
2021,86001,Mocoa,Putumayo,TERRITORIAL,832.1707602049077,baja,1765,1165,160813490220
2021,05670,San Roque,Antioquia,TERRITORIAL,826.6797630384522,baja,359,199,17390276917
2021,15104,Boyacá,Boyacá,TERRITORIAL,825.3448912718104,baja,291,183,7475217191
2021,25335,Guayabetal,Cundinamarca,TERRITORIAL,819.3174419402943,baja,229,174,11494934765
2021,25524,Pandi,Cundinamarca,TERRITORIAL,817.6766665493228,baja,172,125,5302855536
2021,15276,Floresta,Boyacá,TERRITORIAL,817.6726038039131,baja,259,160,7762948214
2021,05607,Retiro,Antioquia,TERRITORIAL,816.7164343808286,baja,270,207,46141153609
2021,47605,Remolino,Magdalena,TERRITORIAL,816.3845600127802,baja,662,257,7354925508
2021,15476,Motavita,Boyacá,TERRITORIAL,812.3538148595496,baja,380,246,11607326632
2021,50606,Restrepo,Meta,TERRITORIAL,812.208433180067,baja,274,176,14658272860
2021,70429,Majagual,Sucre,TERRITORIAL,811.9667159524485,baja,945,388,20231754875
2021,41518,Paicol,Huila,TERRITORIAL,806.9287868052809,baja,533,265,9415346838
2021,85279,Recetor,Casanare,TERRITORIAL,806.8902744069544,baja,309,169,8210286168
2021,70230,Chalán,Sucre,TERRITORIAL,804.0756850477783,baja,138,111,4197568888
2021,18150,Cartagena del Chairá,Caquetá,TERRITORIAL,802.4319660232397,baja,552,371,33935873713
2021,63470,Montenegro,Quindío,NACIONAL,799.8783706971514,baja,21,19,118069501
2021,19743,Silvia,Cauca,TERRITORIAL,798.5506370395534,baja,335,200,11445849745
2021,73449,Melgar,Tolima,NACIONAL,797.6227114768136,baja,83,68,7756548108
2021,05004,Abriaquí,Antioquia,TERRITORIAL,796.6136963635518,baja,166,94,4497775945
2021,50110,Barranca de Upía,Meta,TERRITORIAL,794.3778306949038,baja,339,234,15940414005
2021,15299,Garagoa,Boyacá,TERRITORIAL,793.8385967540121,baja,355,214,16011028564
2021,15380,La Capilla,Boyacá,TERRITORIAL,792.9759247733465,baja,170,115,3504239909
2021,25368,Jerusalén,Cundinamarca,TERRITORIAL,792.074719650654,baja,204,116,7144299643
2021,70508,Ovejas,Sucre,TERRITORIAL,791.066507352851,baja,616,269,19041905403
2021,05480,Mutatá,Antioquia,TERRITORIAL,789.8337227358553,baja,560,306,20031241017
2021,86573,Leguízamo,Putumayo,NACIONAL,788.772207045791,baja,59,55,8369500793
2021,85015,Chameza,Casanare,TERRITORIAL,786.8410005576019,baja,187,122,4635787210
2021,05306,Giraldo,Antioquia,TERRITORIAL,786.2851591486382,baja,244,165,8875732230
2021,13655,San Jacinto del Cauca,Bolívar,TERRITORIAL,783.4404249332257,baja,281,183,14371470765
2021,13062,Arroyohondo,Bolívar,TERRITORIAL,782.6335400224968,baja,172,107,5048030772
2021,19130,Cajibío,Cauca,TERRITORIAL,781.3242013515719,baja,249,182,10500728138
2021,52317,Guachucal,Nariño,TERRITORIAL,781.1309247757385,baja,843,381,22083545746
2021,41244,Elías,Huila,TERRITORIAL,780.4505868892343,baja,316,159,4720161405
2021,15740,Siachoque,Boyacá,TERRITORIAL,779.1074199447803,baja,280,187,6975871596
2021,68524,Palmas del Socorro,Santander,TERRITORIAL,776.5491697854201,baja,151,110,4101039640
2021,76616,Riofrío,Valle del Cauca,NACIONAL,774.2247430164334,baja,30,24,51102593
2021,25779,Susa,Cundinamarca,TERRITORIAL,774.026616461198,baja,209,142,4512677733
2021,05347,Heliconia,Antioquia,TERRITORIAL,773.8757335443689,baja,306,168,7866458608
2021,15491,Nobsa,Boyacá,TERRITORIAL,773.0546882069699,baja,611,415,32842314327
2021,25594,Quetame,Cundinamarca,TERRITORIAL,766.3335717278426,baja,255,148,7190838621
2021,68147,Capitanejo,Santander,TERRITORIAL,765.3283982740493,baja,242,134,5100194047
2021,05250,El Bagre,Antioquia,TERRITORIAL,765.0326441279199,baja,704,336,54542046782
2021,50686,San Juanito,Meta,TERRITORIAL,763.3592875565657,baja,92,61,2572493051
2021,19256,El Tambo,Cauca,TERRITORIAL,763.2543397654646,baja,495,258,25083503693
2021,52573,Puerres,Nariño,TERRITORIAL,762.778977060573,baja,974,351,11460971476
2021,05321,Guatapé,Antioquia,TERRITORIAL,762.3852403052808,baja,890,498,91348640183
2021,05647,San Andrés de Cuerquía,Antioquia,TERRITORIAL,760.7764767988787,baja,279,175,7784188143
2021,23660,Sahagún,Córdoba,TERRITORIAL,759.0657010054655,baja,588,356,120413872989
2021,19450,Mercaderes,Cauca,TERRITORIAL,758.9136924222373,baja,357,238,9796400284
2021,68575,Puerto Wilches,Santander,TERRITORIAL,755.7014653182442,baja,602,276,23649657365
2021,05591,Puerto Triunfo,Antioquia,TERRITORIAL,751.4895596681941,baja,306,195,23976783718
2021,08549,Piojó,Atlántico,TERRITORIAL,751.2813540572728,baja,137,113,3029312957
2021,68522,Palmar,Santander,TERRITORIAL,748.552139884657,baja,199,121,5460515790
2021,25488,Nilo,Cundinamarca,TERRITORIAL,747.5054862389909,baja,395,227,9962637865
2021,18001,Florencia,Caquetá,NACIONAL,746.3331998351845,baja,529,408,110182097290
2021,68773,Sucre,Santander,TERRITORIAL,745.4340661580158,baja,325,186,9149304741
2021,41078,Baraya,Huila,TERRITORIAL,744.2867389293052,baja,537,294,13474685560
2021,13042,Arenal,Bolívar,TERRITORIAL,744.0141267746325,baja,207,88,2042170255
2021,44001,Riohacha,La Guajira,TERRITORIAL,743.2516024366148,baja,3632,2026,533950614059
2021,73555,Planadas,Tolima,TERRITORIAL,740.03014161479,baja,914,470,32258369078
2021,25754,Soacha,Cundinamarca,TERRITORIAL,739.6657120885047,baja,7576,4251,823649503113
2021,18756,Solano,Caquetá,TERRITORIAL,737.5329071483825,baja,231,140,14320801600
2021,68502,Onzaga,Santander,TERRITORIAL,736.5169587037614,baja,270,159,8343268640
2021,52083,Belén,Nariño,TERRITORIAL,734.4861425416152,baja,541,252,5464839602
2021,05001,Medellín,Antioquia,NACIONAL,732.436412845653,baja,12433,9490,1418814048981
2021,95001,San José del Guaviare,Guaviare,NACIONAL,728.876982537753,baja,421,347,36506957736
2021,97666,Taraira,Vaupés,TERRITORIAL,727.1283160805509,baja,156,73,9014962510
2021,25898,Zipacón,Cundinamarca,TERRITORIAL,726.5106845926596,baja,204,141,5187333142
2021,05665,San Pedro de Uraba,Antioquia,TERRITORIAL,724.9546938223086,baja,450,266,49196710206
2021,15839,Tutazá,Boyacá,TERRITORIAL,724.1140458895346,baja,111,89,3483733247
2021,15673,San Mateo,Boyacá,TERRITORIAL,723.4994785442049,baja,112,78,3056810239
2021,41306,Gigante,Huila,TERRITORIAL,722.0400634212579,baja,694,347,16679031235
2021,27250,El Litoral del San Juan,Chocó,TERRITORIAL,719.8114448642044,baja,321,164,12756939556
2021,25885,Yacopí,Cundinamarca,TERRITORIAL,719.5709761674019,baja,378,237,19148256327
2021,08001,Barranquilla,Atlántico,TERRITORIAL,717.2456462440222,baja,16761,10359,3902968302932
2021,68245,El Guacamayo,Santander,TERRITORIAL,716.451714314895,baja,187,116,3260326862
2021,15185,Chitaraque,Boyacá,TERRITORIAL,715.060311149871,baja,307,171,5126886248
2021,66400,La Virginia,Risaralda,TERRITORIAL,714.8612999688604,baja,794,419,45883289148
2021,05209,Concordia,Antioquia,TERRITORIAL,712.2236094368442,baja,333,221,10931289093
2021,50590,Puerto Rico,Meta,TERRITORIAL,710.350219298493,baja,451,246,14732208076
2021,05495,Nechí,Antioquia,TERRITORIAL,710.1476122616422,baja,321,221,27432844105
2021,25120,Cabrera,Cundinamarca,TERRITORIAL,708.7843772603989,baja,120,88,2486331033
2021,05212,Copacabana,Antioquia,TERRITORIAL,706.2075511852061,baja,696,516,40930732063
2021,86001,Mocoa,Putumayo,NACIONAL,705.6257053804816,baja,610,397,30402637737
2021,19532,Patía,Cauca,TERRITORIAL,705.3843833775807,baja,758,331,48207201222
2021,05055,Argelia,Antioquia,TERRITORIAL,704.105385313176,baja,233,161,7418603504
2021,08606,Repelón,Atlántico,TERRITORIAL,703.5114226924809,baja,251,148,3216404909
2021,23678,San Carlos,Córdoba,TERRITORIAL,701.7690380757083,baja,120,90,11719208783
2021,19780,Suárez,Cauca,TERRITORIAL,700.8164857720227,baja,206,154,16548195879
2021,91001,Leticia,Amazonas,NACIONAL,699.42244356763,baja,393,325,38019187359
2021,15835,Turmequé,Boyacá,TERRITORIAL,697.4929156596253,baja,214,139,6647661727
2021,25658,San Francisco,Cundinamarca,TERRITORIAL,694.4926102859961,baja,465,205,7580269758
2021,68669,San Andrés,Santander,TERRITORIAL,693.6506794268143,baja,354,196,9339552948
2021,05001,Medellín,Antioquia,OTRO,693.2693642084332,baja,280,225,89038599260
2021,68464,Mogotes,Santander,TERRITORIAL,692.3485555067678,baja,423,234,16660822942
2021,13673,Santa Catalina,Bolívar,TERRITORIAL,692.2716630558878,baja,132,94,3818622469
2021,15187,Chivatá,Boyacá,TERRITORIAL,691.8378457605454,baja,215,148,6292318312
2021,17174,Chinchiná,Caldas,TERRITORIAL,691.607828254081,baja,1292,674,30475424190
2021,86219,Colón,Putumayo,TERRITORIAL,691.3659690399218,baja,2809,664,17271024464
2021,15162,Cerinza,Boyacá,TERRITORIAL,687.6275101515997,baja,225,148,4050453962
2021,13657,San Juan Nepomuceno,Bolívar,TERRITORIAL,687.2657587670044,baja,595,261,9685003721
2021,19760,Sotara,Cauca,TERRITORIAL,686.750601723389,baja,230,136,5391700975
2021,19300,Guachené,Cauca,TERRITORIAL,684.0874942469409,baja,516,294,13209583452
2021,19809,Timbiquí,Cauca,TERRITORIAL,683.33502104117,baja,54,41,1388263991
2021,13654,San Jacinto,Bolívar,TERRITORIAL,682.0372473165602,baja,393,230,12060172777
2021,54125,Cácota,Norte de Santander,TERRITORIAL,681.5707900248798,baja,212,125,5043895427
2021,52520,Francisco Pizarro,Nariño,TERRITORIAL,681.4524385430179,baja,508,228,9881356728
2021,15621,Rondón,Boyacá,TERRITORIAL,680.2595691017995,baja,216,140,9687782925
2021,15401,La Victoria,Boyacá,TERRITORIAL,679.9614055616646,baja,148,100,3451023739
2021,15723,Sativasur,Boyacá,TERRITORIAL,678.5217533974931,baja,154,114,4794143385
2021,95015,Calamar,Guaviare,TERRITORIAL,678.365805726715,baja,290,172,8970940552
2021,18753,San Vicente del Caguán,Caquetá,TERRITORIAL,678.2285438660261,baja,465,313,26140144602
2021,73504,Ortega,Tolima,TERRITORIAL,676.6219874389498,baja,787,321,19212176044
2021,76243,El Águila,Valle del Cauca,TERRITORIAL,674.4846323617718,baja,281,149,4344929379
2021,23672,San Antero,Córdoba,TERRITORIAL,673.5932352303314,baja,573,300,25222422127
2021,08634,Sabanagrande,Atlántico,TERRITORIAL,673.4546956656291,baja,1943,420,9396229933
2021,05667,San Rafael,Antioquia,TERRITORIAL,673.2416307744296,baja,372,182,15575354465
2021,68271,Florián,Santander,TERRITORIAL,673.1675166643788,baja,333,223,15351609624
2021,66318,Guática,Risaralda,TERRITORIAL,672.4546452853511,baja,290,213,12571525055
2021,85001,Yopal,Casanare,NACIONAL,671.5697460282304,baja,1212,966,55091693377
2021,25805,Tibacuy,Cundinamarca,TERRITORIAL,671.44818536144,baja,196,129,3541630373
2021,05284,Frontino,Antioquia,TERRITORIAL,669.2900305122232,baja,459,263,18581366488
2021,68169,Charta,Santander,TERRITORIAL,668.0958901621524,baja,173,98,4042336110
2021,23555,Planeta Rica,Córdoba,TERRITORIAL,667.6627770057903,baja,354,210,35257143757
2021,41026,Altamira,Huila,TERRITORIAL,665.7138355185793,baja,187,124,3819181370
2021,13873,Villanueva,Bolívar,NACIONAL,664.6844326460665,baja,141,82,2872056268
2021,13873,Villanueva,Bolívar,TERRITORIAL,664.5861845476902,baja,39,19,145942250
2021,25718,Sasaima,Cundinamarca,TERRITORIAL,664.006134585715,baja,254,164,8268775421
2021,15776,Sutamarchán,Boyacá,TERRITORIAL,663.5386651302648,baja,200,138,7815296608
2021,54313,Gramalote,Norte de Santander,TERRITORIAL,662.0962694395545,baja,221,135,5736077977
2021,66682,Santa Rosa de Cabal,Risaralda,NO_DEFINIDO,661.9818510566823,baja,81,57,115309027
2021,44035,Albania,La Guajira,TERRITORIAL,657.7061105429265,baja,409,226,61254971234
2021,73024,Alpujarra,Tolima,TERRITORIAL,657.4239490415744,baja,231,127,5864091357
2021,73563,Prado,Tolima,TERRITORIAL,656.9457827168007,baja,339,196,4748541497
2021,17272,Filadelfia,Caldas,TERRITORIAL,654.8094954498697,baja,433,249,6613542686
2021,52203,Colón,Nariño,TERRITORIAL,653.7806931384894,baja,711,283,8590649918
2021,19548,Piendamó,Cauca,TERRITORIAL,653.0769157970537,baja,1045,525,38623600787
2021,05038,Angostura,Antioquia,TERRITORIAL,652.756663863025,baja,423,234,13905457106
2021,76318,Guacarí,Valle del Cauca,TERRITORIAL,651.3812314815136,baja,377,232,12295631291
2021,15550,Pisba,Boyacá,TERRITORIAL,650.7577674406951,baja,274,166,6476347920
2021,15172,Chinavita,Boyacá,TERRITORIAL,649.2763155888945,baja,150,98,5052413612
2021,50400,Lejanías,Meta,TERRITORIAL,648.6888340880475,baja,372,173,7604341338
2021,25530,Paratebueno,Cundinamarca,TERRITORIAL,646.7405381060121,baja,353,213,9130667940
2021,52506,Ospina,Nariño,TERRITORIAL,646.0110074911738,baja,461,238,8426615458
2021,05134,Campamento,Antioquia,TERRITORIAL,645.3738538362562,baja,425,227,11807099795
2021,68498,Ocamonte,Santander,TERRITORIAL,644.0288315613291,baja,218,132,7108627008
2021,73067,Ataco,Tolima,TERRITORIAL,643.7907731699747,baja,581,248,10606173596
2021,05147,Carepa,Antioquia,NACIONAL,642.0909762285702,baja,54,44,2221134545
2021,25019,Albán,Cundinamarca,TERRITORIAL,641.0125856477831,baja,288,158,5032039713
2021,41799,Tello,Huila,TERRITORIAL,640.8972586647801,baja,473,259,14487181400
2021,68572,Puente Nacional,Santander,TERRITORIAL,639.0701340191733,baja,574,343,17866460103
2021,15514,Páez,Boyacá,TERRITORIAL,638.9709368524157,baja,296,187,8663457625
2021,05088,Bello,Antioquia,NACIONAL,636.4197788717861,baja,76,58,1331379199
2021,15753,Soatá,Boyacá,TERRITORIAL,634.2272557775364,baja,520,300,19804431637
2021,70001,Sincelejo,Sucre,TERRITORIAL,633.4566427015566,baja,7333,3837,580665204700
2021,15507,Otanche,Boyacá,TERRITORIAL,633.407838956863,baja,279,181,15492770503
2021,52036,Ancuyá,Nariño,TERRITORIAL,632.7647542532267,baja,640,269,6366968962
2021,41001,Neiva,Huila,NACIONAL,629.8293147469659,baja,1775,1465,442037444486
2021,54377,Labateca,Norte de Santander,TERRITORIAL,629.7281993816018,baja,221,148,8931360200
2021,05266,Envigado,Antioquia,TERRITORIAL,629.3804232902907,baja,1660,1300,191404932446
2021,05679,Santa Bárbara,Antioquia,TERRITORIAL,629.3424448014249,baja,435,253,9376081994
2021,54239,Durania,Norte de Santander,TERRITORIAL,628.4595731724917,baja,276,136,4007949514
2021,05790,Tarazá,Antioquia,TERRITORIAL,627.3845310902282,baja,422,267,21894677545
2021,05425,Maceo,Antioquia,TERRITORIAL,625.560326079152,baja,361,229,13220173177
2021,05101,Ciudad Bolívar,Antioquia,TERRITORIAL,625.5320810176779,baja,426,288,19462077892
2021,25745,Simijaca,Cundinamarca,TERRITORIAL,625.5070186425212,baja,222,176,12182768251
2021,76520,Palmira,Valle del Cauca,TERRITORIAL,624.7897169927018,baja,3516,1867,157365735852
2021,15762,Sora,Boyacá,TERRITORIAL,623.9432684028214,baja,198,136,4314974721
2021,47692,San Sebastián de Buenavista,Magdalena,TERRITORIAL,623.4424982667949,baja,760,260,14288130837
2021,25086,Beltrán,Cundinamarca,TERRITORIAL,620.8730635254881,baja,159,113,4202260156
2021,27495,Nuquí,Chocó,TERRITORIAL,620.6051923627753,baja,177,75,10583926879
2021,15425,Macanal,Boyacá,TERRITORIAL,620.1280885304176,baja,253,163,11798917997
2021,05649,San Carlos,Antioquia,TERRITORIAL,618.8776485405957,baja,497,336,32225612408
2021,15518,Pajarito,Boyacá,TERRITORIAL,618.5605581804675,baja,180,99,3783517235
2021,17541,Pensilvania,Caldas,NACIONAL,618.0407840559606,baja,218,165,3658637763
2021,70717,San Pedro,Sucre,TERRITORIAL,614.7892751782244,baja,383,193,17102647449
2021,25299,Gama,Cundinamarca,TERRITORIAL,614.6654773354887,baja,170,92,5599188222
2021,25293,Gachala,Cundinamarca,OTRO,612.6366252999342,baja,43,43,490331495
2021,54385,La Esperanza,Norte de Santander,TERRITORIAL,611.9684153910932,baja,370,162,9708848227
2021,20400,La Jagua de Ibirico,Cesar,TERRITORIAL,611.2626138040283,baja,841,562,112932736956
2021,15660,San Eduardo,Boyacá,TERRITORIAL,610.2589309764304,baja,169,103,3225128483
2021,54051,Arboledas,Norte de Santander,TERRITORIAL,609.8137335322346,baja,295,176,7128284319
2021,68468,Molagavita,Santander,TERRITORIAL,605.4792512345643,baja,211,138,6480391821
2021,15022,Almeida,Boyacá,TERRITORIAL,605.3309860172349,baja,144,102,5744160459
2021,70265,Guaranda,Sucre,TERRITORIAL,604.4932788052596,baja,305,185,16333871813
2021,05792,Tarso,Antioquia,TERRITORIAL,604.211864870287,baja,575,269,8474038140
2021,73030,Ambalema,Tolima,NACIONAL,604.0762034713484,baja,106,54,1189531375
2021,05030,Amagá,Antioquia,NACIONAL,603.3254488372303,baja,33,29,514801146
2021,25123,Cachipay,Cundinamarca,TERRITORIAL,601.4785965847792,baja,252,179,8603516468
2021,23580,Puerto Libertador,Córdoba,TERRITORIAL,600.5712778561608,baja,341,218,22871496766
2021,15798,Tenza,Boyacá,TERRITORIAL,598.4658432637649,baja,141,92,3533226912
2021,05030,Amagá,Antioquia,TERRITORIAL,593.9326117805077,baja,322,235,15243141706
2021,25777,Supatá,Cundinamarca,TERRITORIAL,593.4739027457791,baja,203,132,3987189433
2021,76736,Sevilla,Valle del Cauca,TERRITORIAL,591.3331098350893,baja,902,506,23253723458
2021,05091,Betania,Antioquia,TERRITORIAL,591.1689782371907,baja,409,209,9190946285
2021,70110,Buenavista,Sucre,TERRITORIAL,588.8629479930919,baja,588,278,11604919624
2021,05483,Nariño,Antioquia,TERRITORIAL,588.0772534554332,baja,238,136,7295191291
2021,63190,Circasia,Quindío,NACIONAL,587.7091369130411,baja,45,33,178270031
2021,68250,El Peñón,Santander,TERRITORIAL,585.799578816974,baja,269,185,10927062965
2021,85162,Monterrey,Casanare,TERRITORIAL,583.7104172294055,baja,515,369,32508880726
2021,73268,Espinal,Tolima,TERRITORIAL,583.3893965317736,baja,529,458,16123287051
2021,15820,Tópaga,Boyacá,TERRITORIAL,582.2061889074074,baja,162,99,3731811176
2021,15816,Togüí,Boyacá,TERRITORIAL,580.8168194279812,baja,270,181,5905186668
2021,15204,Cómbita,Boyacá,TERRITORIAL,580.7345712666385,baja,228,156,12203981494
2021,50006,Acacías,Meta,NACIONAL,580.3013194807791,baja,206,108,4225715932
2021,25867,Vianí,Cundinamarca,TERRITORIAL,580.0574469688554,baja,216,145,4905951152
2021,68020,Albania,Santander,TERRITORIAL,579.0627114455965,baja,235,162,5796654103
2021,54720,Sardinata,Norte de Santander,TERRITORIAL,579.0583191801221,baja,550,286,10901436760
2021,47030,Algarrobo,Magdalena,TERRITORIAL,578.946532327932,baja,503,267,6805599957
2021,70820,Santiago de Tolú,Sucre,TERRITORIAL,576.4512746764486,baja,528,310,33805673331
2021,76250,El Dovio,Valle del Cauca,TERRITORIAL,574.1334887973753,baja,359,198,7807382131
2021,15368,Jericó,Boyacá,TERRITORIAL,573.6317887449592,baja,215,159,8367359459
2021,68770,Suaita,Santander,TERRITORIAL,573.0287839637914,baja,361,224,13326748284
2021,68001,Bucaramanga,Santander,NACIONAL,571.9644809727301,baja,3744,2798,366869431525
2021,05120,Cáceres,Antioquia,TERRITORIAL,571.8805466252765,baja,319,195,22604086765
2021,25871,Villagómez,Cundinamarca,TERRITORIAL,570.5851359993926,baja,218,145,5312484846
2021,25312,Granada,Cundinamarca,TERRITORIAL,569.175655036906,baja,232,151,5912432509
2021,54001,Cúcuta,Norte de Santander,OTRO,568.6176008770791,baja,905,796,23286723101
2021,50150,Castilla la Nueva,Meta,TERRITORIAL,568.5799083844767,baja,658,440,35484745765
2021,68013,Aguada,Santander,TERRITORIAL,568.1439095224539,baja,209,116,4091884744
2021,70473,Morroa,Sucre,TERRITORIAL,567.127076859255,baja,604,311,11336163223
2021,15522,Panqueba,Boyacá,TERRITORIAL,566.6692260186047,baja,203,107,3675456414
2021,76622,Roldanillo,Valle del Cauca,TERRITORIAL,566.0830951370571,baja,228,155,6310492516
2021,68320,Guadalupe,Santander,TERRITORIAL,563.4752884862548,baja,176,129,5218767771
2021,68081,Barrancabermeja,Santander,TERRITORIAL,563.0844986541671,baja,2706,1854,201030193282
2021,05206,Concepción,Antioquia,TERRITORIAL,561.7810267624453,baja,332,183,9347595093
2021,20517,Pailitas,Cesar,TERRITORIAL,559.5710229166057,baja,541,299,14651071417
2021,25258,El Peñón,Cundinamarca,TERRITORIAL,558.8623722064248,baja,214,132,5889569092
2021,70221,Coveñas,Sucre,TERRITORIAL,558.1018968949599,baja,387,243,54615201956
2021,20614,Río de Oro,Cesar,TERRITORIAL,555.6828605426122,baja,504,257,6613066337
2021,52352,Iles,Nariño,TERRITORIAL,555.090792113751,baja,807,355,17376139812
2021,41359,Isnos,Huila,TERRITORIAL,554.2701032252126,baja,612,333,20838289252
2021,85125,Hato Corozal,Casanare,TERRITORIAL,553.8081707003107,baja,245,166,8476768866
2021,08001,Barranquilla,Atlántico,NO_DEFINIDO,552.8793662518614,baja,75,59,2154548733
2021,05686,Santa Rosa de Osos,Antioquia,TERRITORIAL,550.6389009338268,baja,524,372,30591895549
2021,05861,Venecia,Antioquia,TERRITORIAL,549.4644098105734,baja,536,256,9004535020
2021,50313,Granada,Meta,TERRITORIAL,548.5604419353585,baja,1263,764,105751012429
2021,73352,Icononzo,Tolima,NACIONAL,548.2374763246057,baja,71,34,351492555
2021,08078,Baranoa,Atlántico,TERRITORIAL,547.6379400265763,baja,862,424,25765937244
2021,19622,Rosas,Cauca,TERRITORIAL,546.1054184020797,baja,600,270,10474287423
2021,05660,San Luis,Antioquia,TERRITORIAL,545.8699519319937,baja,655,326,15731040332
2021,15092,Betéitiva,Boyacá,TERRITORIAL,544.3994035841392,baja,214,154,4965707719
2021,52001,Pasto,Nariño,OTRO,544.2052178264382,baja,486,441,19851018318
2021,25839,Ubalá,Cundinamarca,TERRITORIAL,543.3619512564048,baja,322,196,10593326686
2021,68298,Gambita,Santander,TERRITORIAL,542.2632455674815,baja,193,136,7917526399
2021,52256,El Rosario,Nariño,TERRITORIAL,541.0844056990013,baja,667,342,13474111962
2021,25793,Tausa,Cundinamarca,TERRITORIAL,540.9997895202815,baja,297,204,8630860177
2021,18460,Milán,Caquetá,TERRITORIAL,540.1027619983325,baja,219,155,15774216459
2021,23068,Ayapel,Córdoba,TERRITORIAL,539.4372501834434,baja,768,397,40163408427
2021,47545,Pijiño del Carmen,Magdalena,TERRITORIAL,538.6653480131226,baja,571,250,10259796457
2021,15296,Gameza,Boyacá,TERRITORIAL,538.589742065958,baja,274,195,4931626859
2021,23162,Cereté,Córdoba,TERRITORIAL,537.26123259839,baja,1234,678,84687395723
2021,85300,Sabanalarga,Casanare,TERRITORIAL,536.8664222508181,baja,352,220,11791332707
2021,25322,Guasca,Cundinamarca,TERRITORIAL,535.4086444597599,baja,354,294,14135635331
2021,76054,Argelia,Valle del Cauca,TERRITORIAL,534.9441460877688,baja,226,149,4188265964
2021,68344,Hato,Santander,TERRITORIAL,533.0419776445959,baja,142,93,3371289328
2021,41132,Campoalegre,Huila,TERRITORIAL,532.5592121498495,baja,1327,633,25120215499
2021,25592,Quebradanegra,Cundinamarca,TERRITORIAL,530.7440534345462,baja,268,156,5480582459
2021,76122,Caicedonia,Valle del Cauca,TERRITORIAL,530.5469368856076,baja,583,325,14512040212
2021,05690,Santo Domingo,Antioquia,NACIONAL,529.9853633829083,baja,38,32,421288528
2021,08758,Soledad,Atlántico,TERRITORIAL,529.0829053761472,baja,7857,2823,287710552211
2021,73547,Piedras,Tolima,TERRITORIAL,528.9811083820315,baja,223,128,6459962999
2021,76890,Yotoco,Valle del Cauca,TERRITORIAL,528.1635857325039,baja,436,292,11739013102
2021,19212,Corinto,Cauca,TERRITORIAL,527.2493411350684,baja,275,168,7301873733
2021,15542,Pesca,Boyacá,TERRITORIAL,526.9429625634637,baja,238,147,7999625157
2021,52490,Olaya Herrera,Nariño,TERRITORIAL,526.7753810136514,baja,837,421,24463520320
2021,20550,Pelaya,Cesar,TERRITORIAL,523.1012788415474,baja,338,173,3609197875
2021,20001,Valledupar,Cesar,TERRITORIAL,522.6528019667893,baja,5289,3203,1033983884578
2021,05604,Remedios,Antioquia,TERRITORIAL,521.5296690202932,baja,1778,423,45187271352
2021,99524,La Primavera,Vichada,TERRITORIAL,520.9062401856743,baja,276,174,9027591216
2021,52411,Linares,Nariño,TERRITORIAL,520.6817756703111,baja,876,396,10672293771
2021,25430,Madrid,Cundinamarca,NACIONAL,519.8325276485068,baja,77,67,5533040340
2021,52051,Arboleda,Nariño,TERRITORIAL,519.3737968541301,baja,604,270,8335382452
2021,76895,Zarzal,Valle del Cauca,TERRITORIAL,519.2261892708905,baja,457,341,23955228476
2021,68101,Bolívar,Santander,TERRITORIAL,518.72285679008,baja,286,206,10806847370
2021,68705,Santa Bárbara,Santander,TERRITORIAL,516.3141832423778,baja,177,120,5278707790
2021,41872,Villavieja,Huila,TERRITORIAL,514.101772813714,baja,601,282,8705670517
2021,76606,Restrepo,Valle del Cauca,TERRITORIAL,512.75376159396,baja,604,299,8302911184
2021,25899,Zipaquirá,Cundinamarca,TERRITORIAL,511.425117917207,baja,1238,976,143564238866
2021,05148,El Carmen de Viboral,Antioquia,TERRITORIAL,510.68993682340573,baja,520,407,51381184410
2021,66594,Quinchía,Risaralda,TERRITORIAL,509.42791296166826,baja,624,331,20674459199
2021,50370,Uribe,Meta,TERRITORIAL,506.3717302024037,baja,386,215,10514520301
2021,15218,Covarachía,Boyacá,TERRITORIAL,505.95941383421155,baja,200,127,7160600523
2021,25823,Topaipí,Cundinamarca,TERRITORIAL,505.86878365402896,baja,171,107,3270107000
2021,15861,Ventaquemada,Boyacá,TERRITORIAL,505.85931285953234,baja,404,237,12342593375
2021,27160,Cértegui,Chocó,TERRITORIAL,505.73957123636944,baja,43,28,1043915029
2021,41349,Hobo,Huila,TERRITORIAL,505.4950599197762,baja,351,214,6624549481
2021,15879,Viracachá,Boyacá,TERRITORIAL,503.51831696167073,baja,189,133,3719710389
2021,76041,Ansermanuevo,Valle del Cauca,TERRITORIAL,503.43969604974325,baja,272,153,7504244348
2021,25288,Fúquene,Cundinamarca,TERRITORIAL,503.1105618095206,baja,211,140,7760667153
2021,68229,Curití,Santander,TERRITORIAL,502.51180627197823,baja,414,241,12560648786
2021,05150,Carolina,Antioquia,TERRITORIAL,502.1198033984314,baja,220,152,3371985957
2021,15051,Arcabuco,Boyacá,TERRITORIAL,500.33374602897754,baja,235,157,4387708127
2021,15600,Ráquira,Boyacá,TERRITORIAL,500.30035965784157,baja,259,164,9105360270
2021,17616,Risaralda,Caldas,TERRITORIAL,499.4598780640185,baja,516,308,8595266676
2021,41319,Guadalupe,Huila,TERRITORIAL,497.14254851919384,baja,464,265,12267693394
2021,13667,San Martín de Loba,Bolívar,TERRITORIAL,496.90188756297704,baja,272,180,5320055123
2021,66088,Belén de Umbría,Risaralda,TERRITORIAL,496.7059395243931,baja,594,373,19579208629
2021,99001,Puerto Carreño,Vichada,NACIONAL,495.2634690848454,baja,348,288,30359067738
2021,73520,Palocabildo,Tolima,TERRITORIAL,495.03935327227225,baja,390,223,7499983654
2021,23079,Buenavista,Córdoba,TERRITORIAL,494.6773094480345,baja,491,307,20539210078
2021,68092,Betulia,Santander,TERRITORIAL,494.4916080232858,baja,263,188,10799752823
2021,73686,Santa Isabel,Tolima,TERRITORIAL,494.2925347421612,baja,195,118,2901805613
2021,25224,Cucunubá,Cundinamarca,TERRITORIAL,494.1064111856801,baja,402,258,10541054025
2021,05031,Amalfi,Antioquia,TERRITORIAL,494.00109371156395,baja,699,332,15394846929
2021,73770,Suárez,Tolima,TERRITORIAL,492.04802135817033,baja,326,165,6692107206
2021,52693,San Pablo,Nariño,TERRITORIAL,489.5974608943213,baja,1009,363,10644611004
2021,47675,Salamina,Magdalena,TERRITORIAL,487.66391276196873,baja,419,191,7608961567
2021,66687,Santuario,Risaralda,TERRITORIAL,487.141968139995,baja,393,230,9953355989
2021,05761,Sopetrán,Antioquia,TERRITORIAL,486.8627831615951,baja,155,99,13988397653
2021,66045,Apía,Risaralda,TERRITORIAL,484.39169309524345,baja,394,227,9153123486
2021,15469,Moniquirá,Boyacá,NACIONAL,484.16572092382415,baja,61,45,309316537
2021,73449,Melgar,Tolima,TERRITORIAL,483.7925357953782,baja,1649,864,81314200273
2021,15533,Paya,Boyacá,TERRITORIAL,483.5125475611469,baja,331,218,12469087670
2021,54498,Ocaña,Norte de Santander,TERRITORIAL,482.65588583633354,baja,2332,1087,121291353125
2021,68689,San Vicente de Chucurí,Santander,TERRITORIAL,482.6153217801405,baja,644,303,20590805782
2021,70678,San Benito Abad,Sucre,TERRITORIAL,481.42209177332757,baja,809,413,15815179874
2021,73030,Ambalema,Tolima,TERRITORIAL,480.7304339183913,baja,397,190,5746858397
2021,63302,Génova,Quindío,TERRITORIAL,479.9579305380706,baja,467,231,6304385151
2021,15690,Santa María,Boyacá,TERRITORIAL,479.74133343302674,baja,207,146,10139466408
2021,17444,Marquetalia,Caldas,TERRITORIAL,479.4658734595329,baja,786,420,15885367957
2021,54553,Puerto Santander,Norte de Santander,TERRITORIAL,478.4518945768491,baja,217,143,4632936116
2021,15638,Sáchica,Boyacá,TERRITORIAL,477.73461505201743,baja,215,149,5224085745
2021,68264,Encino,Santander,TERRITORIAL,473.86006748630456,baja,235,144,6342242022
2021,15632,Saboyá,Boyacá,TERRITORIAL,473.3192571119066,baja,363,210,8620799967
2021,17446,Marulanda,Caldas,TERRITORIAL,472.4779375591932,baja,240,157,3876461092
2021,05697,El Santuario,Antioquia,NACIONAL,470.9854826482766,baja,537,325,83246607112
2021,15204,Cómbita,Boyacá,NACIONAL,470.68389403982167,baja,94,61,615925638
2021,13140,Calamar,Bolívar,TERRITORIAL,469.3974503603766,baja,326,207,6286604631
2021,41615,Rivera,Huila,TERRITORIAL,469.33188055133775,baja,922,501,16478972062
2021,68755,Socorro,Santander,TERRITORIAL,468.320182968244,baja,644,420,60981329599
2021,50450,Puerto Concordia,Meta,TERRITORIAL,466.7558097833677,baja,390,237,14015673297
2021,25483,Nariño,Cundinamarca,TERRITORIAL,466.6314377386623,baja,192,135,3566710802
2021,05585,Puerto Nare,Antioquia,TERRITORIAL,466.4273583770759,baja,922,459,30029891448
2021,41013,Agrado,Huila,TERRITORIAL,466.3019769617123,baja,404,233,7518099213
2021,15810,Tipacoque,Boyacá,TERRITORIAL,465.5096181051705,baja,220,133,3262270270
2021,05234,Dabeiba,Antioquia,TERRITORIAL,465.4550699282128,baja,826,454,31285435635
2021,68425,Macaravita,Santander,TERRITORIAL,463.6543149814565,baja,141,102,4473909244
2021,15224,Cucaita,Boyacá,TERRITORIAL,461.42882805033946,baja,244,179,4655997833
2021,54418,Lourdes,Norte de Santander,TERRITORIAL,459.71865304666335,baja,216,126,4050886248
2021,41001,Neiva,Huila,OTRO,459.07280888536417,baja,263,238,17116594186
2021,23300,Cotorra,Córdoba,TERRITORIAL,458.0439612413883,baja,584,272,11004349942
2021,15686,Santana,Boyacá,TERRITORIAL,457.65594319886105,baja,293,182,5226809460
2021,08758,Soledad,Atlántico,NACIONAL,457.3595726644098,baja,968,524,54539834433
2021,73268,Espinal,Tolima,NACIONAL,456.41704079515694,baja,229,191,5895197667
2021,63401,La Tebaida,Quindío,TERRITORIAL,456.3818107234276,baja,1146,546,17709680364
2021,17013,Aguadas,Caldas,TERRITORIAL,455.86183839976513,baja,1332,572,22742145292
2021,76823,Toro,Valle del Cauca,TERRITORIAL,452.884855582595,baja,307,152,6606498495
2021,19473,Morales,Cauca,TERRITORIAL,451.84781193810875,baja,290,183,12506455946
2021,15135,Campohermoso,Boyacá,TERRITORIAL,451.3847241277432,baja,238,155,10091036394
2021,19022,Almaguer,Cauca,TERRITORIAL,450.4786413387279,baja,234,154,8880918235
2021,54001,Cúcuta,Norte de Santander,TERRITORIAL,450.35599167659115,baja,6837,5197,730962012205
2021,66572,Pueblo Rico,Risaralda,TERRITORIAL,450.04655259342945,baja,484,285,19797409547
2021,41206,Colombia,Huila,TERRITORIAL,448.7202816877073,baja,415,241,10370515470
2021,15842,Umbita,Boyacá,TERRITORIAL,448.2225089313185,baja,269,153,6570704301
2021,19455,Miranda,Cauca,TERRITORIAL,447.6225450048599,baja,538,354,22901907231
2021,15176,Chiquinquirá,Boyacá,TERRITORIAL,447.3994463877147,baja,1067,652,60446727715
2021,25518,Paime,Cundinamarca,TERRITORIAL,446.9560807174696,baja,275,162,5980510320
2021,20001,Valledupar,Cesar,NO_DEFINIDO,446.8969301536317,baja,427,162,951568481
2021,44847,Uribia,La Guajira,TERRITORIAL,446.49966238945944,baja,1603,683,124472458589
2021,76020,Alcalá,Valle del Cauca,TERRITORIAL,445.233650065698,baja,358,196,9087565151
2021,50270,El Dorado,Meta,TERRITORIAL,444.7372346700895,baja,222,152,4749904900
2021,76869,Vijes,Valle del Cauca,TERRITORIAL,444.5663226056824,baja,405,188,6356266492
2021,05854,Valdivia,Antioquia,TERRITORIAL,443.7888045251331,baja,531,331,18235252202
2021,15720,Sativanorte,Boyacá,TERRITORIAL,443.021556693355,baja,150,97,3858720582
2021,25769,Subachoque,Cundinamarca,TERRITORIAL,442.82227227171063,baja,316,243,12893850224
2021,15106,Briceño,Boyacá,TERRITORIAL,442.58892706330516,baja,158,117,3174513196
2021,68895,Zapatoca,Santander,TERRITORIAL,442.1595282894704,baja,162,104,4884455193
2021,54250,El Tarra,Norte de Santander,TERRITORIAL,442.1525696748975,baja,267,177,11033980090
2021,20001,Valledupar,Cesar,NACIONAL,442.13384453071194,baja,735,557,253234309969
2021,15804,Tibaná,Boyacá,TERRITORIAL,441.2446803647046,baja,273,173,9645171739
2021,68327,Güepsa,Santander,TERRITORIAL,440.53397915289304,baja,143,116,4513751823
2021,63272,Filandia,Quindío,TERRITORIAL,440.3444634504318,baja,1226,508,15151710547
2021,15839,Tutazá,Boyacá,NACIONAL,439.8843492463621,baja,76,45,308050667
2021,94001,Inírida,Guainía,NACIONAL,439.4306696557308,baja,287,238,23151498764
2021,15790,Tasco,Boyacá,TERRITORIAL,439.3897138646411,baja,243,160,6416906645
2021,73622,Roncesvalles,Tolima,TERRITORIAL,439.0576706765979,baja,440,223,5450266900
2021,50711,Vistahermosa,Meta,TERRITORIAL,438.4023335132528,baja,318,194,9082309017
2021,54174,Chitagá,Norte de Santander,TERRITORIAL,438.1208659792581,baja,259,148,10591625174
2021,27745,Sipí,Chocó,TERRITORIAL,435.62014371498344,baja,39,29,847742882
2021,05579,Puerto Berrío,Antioquia,TERRITORIAL,434.29925279906524,baja,929,532,23061746613
2021,68720,Santa Helena del Opón,Santander,TERRITORIAL,434.25960007921327,baja,266,155,5018258448
2021,15667,San Luis de Gaceno,Boyacá,TERRITORIAL,432.74853488976254,baja,373,217,6942458594
2021,15322,Guateque,Boyacá,TERRITORIAL,432.4053141622436,baja,560,330,22632109931
2021,41483,Nátaga,Huila,TERRITORIAL,431.9182118027467,baja,294,199,3845372646
2021,41791,Tarqui,Huila,TERRITORIAL,430.3060340393222,baja,489,284,9126877804
2021,52694,San Pedro de Cartago,Nariño,TERRITORIAL,430.1505145452763,baja,605,252,6506251827
2021,68179,Chipatá,Santander,TERRITORIAL,429.82735875850534,baja,211,154,4915861351
2021,27491,Nóvita,Chocó,TERRITORIAL,429.60719678352007,baja,180,92,4938615119
2021,73226,Cunday,Tolima,TERRITORIAL,429.5339898828317,baja,331,187,5457633418
2021,85263,Pore,Casanare,TERRITORIAL,428.9275961904321,baja,377,242,12849786625
2021,25488,Nilo,Cundinamarca,NACIONAL,428.18759376936015,baja,307,283,18839801697
2021,68385,Landázuri,Santander,TERRITORIAL,427.9041204648927,baja,412,201,7025497625
2021,68266,Enciso,Santander,TERRITORIAL,425.33120054803436,baja,222,145,6579816362
2021,08638,Sabanalarga,Atlántico,TERRITORIAL,422.8425123250529,baja,204,130,3876492241
2021,15183,Chita,Boyacá,TERRITORIAL,422.3902826483287,baja,246,175,10411650887
2021,15580,Quípama,Boyacá,TERRITORIAL,422.2356537648636,baja,317,186,8006796139
2021,95001,San José del Guaviare,Guaviare,TERRITORIAL,421.72421475010384,baja,4221,2165,454429383768
2021,27810,Unión Panamericana,Chocó,TERRITORIAL,421.50820202311183,baja,168,118,3683544277
2021,50251,El Castillo,Meta,TERRITORIAL,421.486142866769,baja,226,152,5163974467
2021,52356,Ipiales,Nariño,NO_DEFINIDO,421.35115455642494,baja,49,43,526621388
2021,08141,Candelaria,Atlántico,TERRITORIAL,421.2259250315512,baja,57,44,519714451
2021,47460,Nueva Granada,Magdalena,TERRITORIAL,421.19462242943837,baja,847,308,13837723177
2021,08849,Usiacurí,Atlántico,TERRITORIAL,420.80117320744193,baja,621,236,4329297793
2021,15180,Chiscas,Boyacá,TERRITORIAL,420.6393265818989,baja,257,141,5894484603
2021,76364,Jamundí,Valle del Cauca,TERRITORIAL,420.41671256687874,baja,2338,1351,82186651065
2021,17001,Manizales,Caldas,TERRITORIAL,420.04645786503113,baja,11158,5301,1462337950214
2021,68207,Concepción,Santander,TERRITORIAL,419.052161768778,baja,305,165,5170957402
2021,15778,Sutatenza,Boyacá,TERRITORIAL,417.83841634913244,baja,188,120,5969361630
2021,76246,El Cairo,Valle del Cauca,TERRITORIAL,416.88152790811546,baja,206,132,3838998997
2021,15755,Socotá,Boyacá,TERRITORIAL,416.5674431147705,baja,246,172,7466821408
2021,54810,Tibú,Norte de Santander,TERRITORIAL,415.3387697182875,baja,483,322,21225566852
2021,15572,Puerto Boyacá,Boyacá,TERRITORIAL,414.16624438603026,baja,1737,761,82747223478
2021,25878,Viotá,Cundinamarca,TERRITORIAL,414.0915934427141,baja,982,424,13839141149
2021,52405,Leiva,Nariño,TERRITORIAL,413.93062887569977,baja,395,201,7373058705
2021,15806,Tibasosa,Boyacá,TERRITORIAL,413.6510958939769,baja,572,354,15060264171
2021,13430,Magangué,Bolívar,OTRO,413.07516750235703,baja,111,82,995220931
2021,05051,Arboletes,Antioquia,TERRITORIAL,412.84723374541846,baja,593,332,22549954022
2021,54347,Herrán,Norte de Santander,TERRITORIAL,412.7102690316289,baja,193,109,5660829639
2021,25740,Sibaté,Cundinamarca,NACIONAL,412.3883716956909,baja,322,195,8007952635
2021,25293,Gachala,Cundinamarca,TERRITORIAL,411.0527703501739,baja,378,217,15759849075
2021,15332,Güicán,Boyacá,TERRITORIAL,410.79162434082923,baja,287,157,6607613138
2021,15676,San Miguel de Sema,Boyacá,TERRITORIAL,410.4839121094162,baja,180,132,3778668277
2021,15696,Santa Sofía,Boyacá,TERRITORIAL,410.2806519630376,baja,171,111,7240231237
2021,15469,Moniquirá,Boyacá,TERRITORIAL,409.64692570570253,baja,878,482,37334961239
2021,25320,Guaduas,Cundinamarca,NACIONAL,408.19620192170134,baja,431,198,6429403303
2021,94001,Inírida,Guainía,TERRITORIAL,408.09002800344683,baja,1897,1323,221255433105
2021,05002,Abejorral,Antioquia,TERRITORIAL,407.9361749825574,baja,363,232,10602277618
2021,19137,Caldono,Cauca,TERRITORIAL,406.5653720693465,baja,295,183,13924376437
2021,13300,Hatillo de Loba,Bolívar,TERRITORIAL,405.9164854623312,baja,289,152,4400967244
2021,13222,Clemencia,Bolívar,TERRITORIAL,405.4925347073399,baja,338,208,13162198081
2021,05093,Betulia,Antioquia,TERRITORIAL,405.4006310317378,baja,471,228,9801157706
2021,25645,San Antonio del Tequendama,Cundinamarca,TERRITORIAL,405.20020826889913,baja,554,308,10112530609
2021,52390,La Tola,Nariño,TERRITORIAL,404.9077054574081,baja,706,377,15018247798
2021,50683,San Juan de Arama,Meta,TERRITORIAL,404.64552076943096,baja,250,153,6038727287
2021,73055,Armero,Tolima,TERRITORIAL,403.94506051929784,baja,407,201,4552116941
2021,05543,Peque,Antioquia,TERRITORIAL,402.714876802819,baja,505,300,11857505467
2021,25281,Fosca,Cundinamarca,TERRITORIAL,401.2728201794094,baja,388,208,6090265984
2021,81300,Fortul,Arauca,TERRITORIAL,398.26786973072103,baja,304,183,18210831651
2021,52418,Los Andes,Nariño,TERRITORIAL,397.95801077188446,baja,726,348,12932236802
2021,05059,Armenia,Antioquia,TERRITORIAL,397.94798377742666,baja,358,237,39880056828
2021,17541,Pensilvania,Caldas,TERRITORIAL,396.9838414144424,baja,788,406,20123873974
2021,85400,Támara,Casanare,TERRITORIAL,396.1666179384066,baja,216,160,7825345153
2021,17867,Victoria,Caldas,TERRITORIAL,396.1612350588225,baja,504,250,7522056298
2021,18029,Albania,Caquetá,TERRITORIAL,395.6149791802287,baja,130,110,3957458787
2021,18205,Curillo,Caquetá,TERRITORIAL,395.5447673167761,baja,200,136,5565212674
2021,70001,Sincelejo,Sucre,NACIONAL,395.4840331558445,baja,1151,922,168022169450
2021,05313,Granada,Antioquia,TERRITORIAL,395.4084976590515,baja,245,187,9915180523
2021,99773,Cumaribo,Vichada,TERRITORIAL,393.96112326717173,baja,478,269,22458304300
2021,15837,Tuta,Boyacá,TERRITORIAL,393.1802122762417,baja,397,249,11387348893
2021,15757,Socha,Boyacá,TERRITORIAL,393.16617098046333,baja,272,196,8430757737
2021,25151,Caqueza,Cundinamarca,TERRITORIAL,392.52184619833713,baja,1063,498,29134222591
2021,15047,Aquitania,Boyacá,TERRITORIAL,392.24959921108194,baja,450,257,10185968000
2021,25001,Agua de Dios,Cundinamarca,TERRITORIAL,391.099010044645,baja,1763,1010,90882774820
2021,97001,Mitú,Vaupés,TERRITORIAL,389.943366219644,baja,2009,1295,181076129322
2021,25649,San Bernardo,Cundinamarca,TERRITORIAL,389.4188295386774,baja,200,119,3403480562
2021,19821,Toribio,Cauca,TERRITORIAL,389.28773351038797,baja,455,291,21250762648
2021,73408,Lérida,Tolima,NACIONAL,387.84917668386015,baja,183,75,1545492819
2021,54128,Cachirá,Norte de Santander,TERRITORIAL,387.8305502317852,baja,258,180,7255548803
2021,68679,San Gil,Santander,TERRITORIAL,387.2477508565699,baja,1085,693,64078909458
2021,25845,Une,Cundinamarca,TERRITORIAL,387.24149137657844,baja,345,198,6682628804
2021,05079,Barbosa,Antioquia,TERRITORIAL,387.18438038347523,baja,1136,585,30535930756
2021,66383,La Celia,Risaralda,TERRITORIAL,386.92378455579313,baja,354,199,5946429774
2021,76563,Pradera,Valle del Cauca,TERRITORIAL,386.67469681617786,baja,479,344,9449228537
2021,05034,Andes,Antioquia,TERRITORIAL,386.16947755607674,baja,797,454,27609960283
2021,91540,Puerto Nariño,Amazonas,TERRITORIAL,385.12704637062876,baja,452,262,4537421709
2021,54680,Santiago,Norte de Santander,TERRITORIAL,385.02814744438876,baja,267,158,5579231444
2021,54670,San Calixto,Norte de Santander,TERRITORIAL,384.71313511125993,baja,258,162,6170670921
2021,50006,Acacías,Meta,TERRITORIAL,383.680883961811,baja,1825,942,90443354307
2021,13744,Simití,Bolívar,TERRITORIAL,383.570832139947,baja,321,226,13954991228
2021,52356,Ipiales,Nariño,TERRITORIAL,383.5696797296878,baja,4522,2061,120423981784
2021,15189,Ciénega,Boyacá,TERRITORIAL,380.86803266259943,baja,190,128,2653542955
2021,05310,Gómez Plata,Antioquia,TERRITORIAL,380.6578970043628,baja,377,250,14985841663
2021,11001,Bogotá D.C.,Bogotá,NACIONAL,380.5179461715247,baja,87763,62964,49878555759911
2021,05856,Valparaíso,Antioquia,TERRITORIAL,380.3038782812102,baja,201,123,4434638736
2021,23466,Montelíbano,Córdoba,TERRITORIAL,380.03108510132074,baja,556,337,89898837927
2021,41801,Teruel,Huila,TERRITORIAL,379.92035553578756,baja,497,255,7198402689
2021,52233,Cumbitara,Nariño,TERRITORIAL,379.560879872581,baja,710,317,13158856638
2021,50330,Mesetas,Meta,TERRITORIAL,378.4675708802611,baja,272,147,10118468949
2021,47189,Ciénaga,Magdalena,TERRITORIAL,378.23185095621665,baja,5001,1593,97366807428
2021,47551,Pivijay,Magdalena,TERRITORIAL,377.68685406924027,baja,1923,543,23197009544
2021,20175,Chimichagua,Cesar,TERRITORIAL,377.41846632673645,baja,648,413,16800314246
2021,54480,Mutiscua,Norte de Santander,TERRITORIAL,376.09147410817997,baja,185,102,2927662364
2021,63111,Buenavista,Quindío,TERRITORIAL,373.6725330176533,baja,498,201,3344501127
2021,47745,Sitionuevo,Magdalena,TERRITORIAL,373.54982119389416,baja,844,432,10604638387
2021,25486,Nemocón,Cundinamarca,TERRITORIAL,373.38121250729506,baja,597,340,10020126744
2021,68615,Rionegro,Santander,TERRITORIAL,372.9583080057737,baja,526,283,17298604944
2021,76036,Andalucía,Valle del Cauca,TERRITORIAL,372.9439140585027,baja,700,318,9750951481
2021,70400,La Unión,Sucre,TERRITORIAL,371.75152289035026,baja,549,281,12887671363
2021,66456,Mistrató,Risaralda,TERRITORIAL,371.3654518727238,baja,484,301,20160977941
2021,52786,Taminango,Nariño,TERRITORIAL,371.21167497555626,baja,988,429,13933162818
2021,68211,Contratación,Santander,TERRITORIAL,371.10174216138637,baja,118,80,2406854871
2021,47555,Plato,Magdalena,TERRITORIAL,371.0542785104191,baja,3749,772,32192161127
2021,25293,Gachala,Cundinamarca,NACIONAL,370.4555975613631,baja,429,397,44641397427
2021,85136,La Salina,Casanare,TERRITORIAL,370.22385828981305,baja,192,102,2866274105
2021,15455,Miraflores,Boyacá,TERRITORIAL,370.13802467491803,baja,508,304,21269268865
2021,41396,La Plata,Huila,TERRITORIAL,369.37062816125876,baja,1675,716,72512309066
2021,68533,Páramo,Santander,TERRITORIAL,369.02458714966946,baja,264,185,5011514482
2021,54001,Cúcuta,Norte de Santander,NACIONAL,369.02126890025494,baja,1953,1655,215245451608
2021,41006,Acevedo,Huila,TERRITORIAL,368.8414079710603,baja,1241,461,21217262088
2021,68368,Jesús María,Santander,TERRITORIAL,368.82065957840234,baja,188,117,7533563476
2021,68190,Cimitarra,Santander,TERRITORIAL,368.5801601567806,baja,803,371,24661267660
2021,15317,Guacamayas,Boyacá,TERRITORIAL,367.65389815669283,baja,279,141,4787710789
2021,17777,Supía,Caldas,TERRITORIAL,366.10465674135145,baja,558,317,19218337133
2021,76109,Buenaventura,Valle del Cauca,NACIONAL,365.62371629088113,baja,574,485,37834367584
2021,95001,San José del Guaviare,Guaviare,NO_DEFINIDO,364.64452397841274,baja,153,90,231038997
2021,91001,Leticia,Amazonas,TERRITORIAL,363.1004630269275,baja,4198,2443,162730500765
2021,25398,La Peña,Cundinamarca,TERRITORIAL,362.1966422668328,baja,261,204,8846556356
2021,76147,Cartago,Valle del Cauca,TERRITORIAL,362.0863015852648,baja,1495,745,84873219909
2021,17524,Palestina,Caldas,TERRITORIAL,361.9748578408055,baja,330,211,7929604098
2021,47570,Puebloviejo,Magdalena,TERRITORIAL,361.50108019600134,baja,1414,359,6603195754
2021,66440,Marsella,Risaralda,TERRITORIAL,361.0070323267072,baja,474,290,10117886576
2021,50223,Cubarral,Meta,TERRITORIAL,360.03194197038823,baja,340,211,5671608297
2021,25772,Suesca,Cundinamarca,TERRITORIAL,359.92500737229045,baja,351,283,9513896346
2021,15001,Tunja,Boyacá,NACIONAL,359.32271221100797,baja,1553,1337,182546146076
2021,73168,Chaparral,Tolima,TERRITORIAL,359.23951897866533,baja,1255,606,44278382541
2021,70235,Galeras,Sucre,TERRITORIAL,358.8355547987466,baja,374,258,6960204292
2021,85430,Trinidad,Casanare,TERRITORIAL,358.42966130360765,baja,338,215,9941573313
2021,54206,Convención,Norte de Santander,TERRITORIAL,356.19830345905905,baja,297,165,7958939096
2021,54223,Cucutilla,Norte de Santander,TERRITORIAL,355.06710953159995,baja,420,239,9230842863
2021,68079,Barichara,Santander,TERRITORIAL,354.9305335065205,baja,603,305,17477818741
2021,20787,Tamalameque,Cesar,TERRITORIAL,354.7918256121604,baja,321,211,8698702496
2021,76622,Roldanillo,Valle del Cauca,NACIONAL,354.24846845161596,baja,178,130,3985390855
2021,15897,Zetaquira,Boyacá,TERRITORIAL,353.9381992400889,baja,341,220,9613956758
2021,25148,Caparrapí,Cundinamarca,TERRITORIAL,353.744200617538,baja,390,237,10892988313
2021,15442,Maripí,Boyacá,TERRITORIAL,352.5098850785364,baja,236,161,5942914023
2021,73148,Carmen de Apicalá,Tolima,TERRITORIAL,352.104504204623,baja,746,346,15765769262
2021,17486,Neira,Caldas,TERRITORIAL,351.57566869978467,baja,611,309,11198043733
2021,15293,Gachantivá,Boyacá,TERRITORIAL,351.54011709024513,baja,266,164,5723738560
2021,19824,Totoró,Cauca,TERRITORIAL,350.6020358544092,baja,189,145,8061042606
2021,63470,Montenegro,Quindío,TERRITORIAL,350.41010978271663,baja,1003,535,12975250179
2021,68176,Chima,Santander,TERRITORIAL,349.6902112618877,baja,230,153,4736699844
2021,41298,Garzón,Huila,TERRITORIAL,348.8771670895663,baja,1419,727,43694679019
2021,73275,Flandes,Tolima,TERRITORIAL,346.8482065233539,baja,609,394,16797423212
2021,68077,Barbosa,Santander,TERRITORIAL,345.64049874735514,baja,603,315,13255323242
2021,25653,San Cayetano,Cundinamarca,TERRITORIAL,345.5891283089682,baja,167,106,2923436091
2021,52227,Cumbal,Nariño,TERRITORIAL,345.1466921124229,baja,1357,581,25622423559
2021,17388,La Merced,Caldas,TERRITORIAL,343.9742049570377,baja,494,247,6587601081
2021,25307,Girardot,Cundinamarca,TERRITORIAL,343.2917019607175,baja,1473,1105,36469749249
2021,52585,Pupiales,Nariño,TERRITORIAL,342.09284033499523,baja,962,455,13725200067
2021,05440,Marinilla,Antioquia,TERRITORIAL,341.9859541787961,baja,818,595,71592246465
2021,73124,Cajamarca,Tolima,TERRITORIAL,341.05729686292955,baja,785,380,16195102001
2021,08372,Juan de Acosta,Atlántico,TERRITORIAL,340.1581691241448,baja,467,230,6602793864
2021,05847,Urrao,Antioquia,TERRITORIAL,339.8665126714015,baja,814,365,13326501286
2021,76111,Guadalajara de Buga,Valle del Cauca,TERRITORIAL,339.84565375650584,baja,1952,1354,49555418331
2021,76863,Versalles,Valle del Cauca,TERRITORIAL,339.0069767270307,baja,268,163,4170075105
2021,15238,Duitama,Boyacá,TERRITORIAL,337.79017320047376,baja,1420,951,80096936940
2021,47001,Santa Marta,Magdalena,NACIONAL,337.5212223846283,baja,1610,1420,265126613514
2021,66682,Santa Rosa de Cabal,Risaralda,TERRITORIAL,337.05056040300303,baja,951,693,43036754959
2021,54003,Abrego,Norte de Santander,TERRITORIAL,336.8351915123077,baja,1333,467,20424864213
2021,17495,Norcasia,Caldas,TERRITORIAL,336.3597332822317,baja,580,332,10127662714
2021,52696,Santa Bárbara,Nariño,TERRITORIAL,336.262271753414,baja,472,260,11689347662
2021,50680,San Carlos de Guaroa,Meta,TERRITORIAL,335.6447797685624,baja,662,341,10996510368
2021,73283,Fresno,Tolima,TERRITORIAL,335.4065275476012,baja,919,451,19585538667
2021,25758,Sopó,Cundinamarca,TERRITORIAL,335.11255288795934,baja,1831,1061,56455611200
2021,68152,Carcasí,Santander,TERRITORIAL,333.47445681657285,baja,151,90,3609559388
2021,41807,Timaná,Huila,TERRITORIAL,333.43967250715883,baja,912,349,13605929707
2021,76100,Bolívar,Valle del Cauca,TERRITORIAL,333.3951117140419,baja,488,227,6786611638
2021,54405,Los Patios,Norte de Santander,TERRITORIAL,331.8417792178788,baja,1834,971,49429900759
2021,17380,La Dorada,Caldas,TERRITORIAL,330.7074454802884,baja,3291,1478,86825226471
2021,52022,Aldana,Nariño,TERRITORIAL,329.4901092320521,baja,627,275,8185104276
2021,68686,San Miguel,Santander,TERRITORIAL,329.3303130082388,baja,181,131,4891829206
2021,25785,Tabio,Cundinamarca,TERRITORIAL,329.1566367671999,baja,1066,508,14038078908
2021,44430,Maicao,La Guajira,TERRITORIAL,328.6306226444052,baja,1612,1027,86345155099
2021,15832,Tununguá,Boyacá,TERRITORIAL,328.2982607102953,baja,154,112,2462430027
2021,41770,Suaza,Huila,TERRITORIAL,328.17936530248414,baja,656,352,13948520772
2021,15001,Tunja,Boyacá,TERRITORIAL,326.7125807900994,baja,8462,5775,1069522417949
2021,68573,Puerto Parra,Santander,TERRITORIAL,326.6608140681494,baja,347,198,10535545854
2021,25295,Gachancipá,Cundinamarca,TERRITORIAL,326.4421649957846,baja,337,290,11457529122
2021,25386,La Mesa,Cundinamarca,TERRITORIAL,325.1455933930905,baja,2423,993,50905511281
2021,05789,Támesis,Antioquia,TERRITORIAL,324.8024301608516,baja,536,250,9761066320
2021,47707,Santa Ana,Magdalena,TERRITORIAL,324.6755716126477,baja,885,348,10602161086
2021,52699,Santacruz,Nariño,TERRITORIAL,324.3047752322231,baja,785,372,17573421672
2021,52427,Magüi,Nariño,TERRITORIAL,323.3840961973737,baja,635,318,15384329796
2021,73026,Alvarado,Tolima,TERRITORIAL,323.33697213437597,baja,370,241,9031449509
2021,68324,Guavatá,Santander,TERRITORIAL,322.9325313123168,baja,270,164,4217840872
2021,15377,Labranzagrande,Boyacá,TERRITORIAL,322.9192067230153,baja,312,172,7133135809
2021,52399,La Unión,Nariño,TERRITORIAL,321.08611466705713,baja,2814,803,38599578051
2021,54099,Bochalema,Norte de Santander,TERRITORIAL,320.7178813067512,baja,352,192,5741793303
2021,52019,Albán,Nariño,TERRITORIAL,320.3938320586327,baja,662,323,10261385155
2021,76233,Dagua,Valle del Cauca,TERRITORIAL,320.1346581855028,baja,816,488,16025249264
2021,52480,Nariño,Nariño,TERRITORIAL,318.5989831699265,baja,530,279,7343125760
2021,50287,Fuente de Oro,Meta,TERRITORIAL,318.049443832351,baja,492,216,9078689025
2021,73671,Saldaña,Tolima,TERRITORIAL,318.0477136111298,baja,635,324,14116359785
2021,68318,Guaca,Santander,TERRITORIAL,317.13812438106186,baja,276,171,5212972692
2021,15244,El Cocuy,Boyacá,TERRITORIAL,315.9603562232026,baja,329,184,6730773393
2021,25740,Sibaté,Cundinamarca,TERRITORIAL,315.7667058906966,baja,476,400,14153477778
2021,25612,Ricaurte,Cundinamarca,TERRITORIAL,315.6320394156814,baja,657,411,23127321141
2021,25436,Manta,Cundinamarca,TERRITORIAL,315.49578765640683,baja,148,93,2725947937
2021,86568,Puerto Asís,Putumayo,TERRITORIAL,315.0771372846197,baja,1913,1082,46866717099
2021,68217,Coromoro,Santander,TERRITORIAL,314.9243267674505,baja,245,161,6760938289
2021,25154,Carmen de Carupa,Cundinamarca,TERRITORIAL,313.7949546688817,baja,509,253,5866983086
2021,73675,San Antonio,Tolima,TERRITORIAL,313.5599421514297,baja,465,232,13044236967
2021,05197,Cocorná,Antioquia,TERRITORIAL,312.6116705009058,baja,403,280,8898457148
2021,47960,Zapayán,Magdalena,TERRITORIAL,312.58034554935557,baja,492,212,5690980074
2021,15236,Chivor,Boyacá,TERRITORIAL,312.4539046884971,baja,201,113,2692124095
2021,05885,Yalí,Antioquia,TERRITORIAL,311.9526558599702,baja,377,220,6908615042
2021,25426,Macheta,Cundinamarca,TERRITORIAL,311.6570104710912,baja,207,174,7470271231
2021,41668,San Agustín,Huila,TERRITORIAL,311.110954756649,baja,793,384,18832491357
2021,15407,Villa de Leyva,Boyacá,TERRITORIAL,311.01597861737656,baja,445,317,21837459500
2021,19693,San Sebastián,Cauca,TERRITORIAL,310.0075235821012,baja,238,151,5343399212
2021,15131,Caldas,Boyacá,TERRITORIAL,307.799099867515,baja,176,128,3062818949
2021,73349,Honda,Tolima,TERRITORIAL,306.68704279433547,baja,1065,515,45882393447
2021,54109,Bucarasica,Norte de Santander,TERRITORIAL,306.0673115302273,baja,401,220,7534673746
2021,05125,Caicedo,Antioquia,TERRITORIAL,305.9539936054272,baja,396,274,8099973543
2021,44001,Riohacha,La Guajira,NACIONAL,305.80355425173224,baja,650,577,31974268557
2021,73152,Casabianca,Tolima,TERRITORIAL,303.1701759034593,baja,352,168,5068580856
2021,19075,Balboa,Cauca,TERRITORIAL,303.1475288758725,baja,318,163,6503566185
2021,17665,San José,Caldas,TERRITORIAL,303.07692106350123,baja,335,209,5532074301
2021,68406,Lebríja,Santander,TERRITORIAL,302.8705348349198,baja,946,631,38421161179
2021,25286,Funza,Cundinamarca,TERRITORIAL,302.58681143805967,baja,1929,1419,191013888276
2021,25743,Silvania,Cundinamarca,TERRITORIAL,302.4260005267117,baja,759,428,19068395822
2021,15761,Somondoco,Boyacá,TERRITORIAL,302.25122799774186,baja,218,132,3803567123
2021,68673,San Benito,Santander,TERRITORIAL,301.8094059576171,baja,163,103,2486728184
2021,76892,Yumbo,Valle del Cauca,TERRITORIAL,299.8775175222879,baja,2761,2102,103167752953
2021,15367,Jenesano,Boyacá,TERRITORIAL,299.7096896011885,baja,359,204,10172673533
2021,63001,Armenia,Quindío,NACIONAL,298.9320849982417,baja,2172,1716,139111238708
2021,15494,Nuevo Colón,Boyacá,TERRITORIAL,298.7755456568989,baja,279,183,6442063421
2021,54344,Hacarí,Norte de Santander,TERRITORIAL,297.80390294347455,baja,201,130,6683495215
2021,20032,Astrea,Cesar,TERRITORIAL,297.49992515961657,baja,1175,378,12920595022
2021,15763,Sotaquirá,Boyacá,TERRITORIAL,295.9099363619274,baja,361,225,6972984274
2021,17442,Marmato,Caldas,TERRITORIAL,295.0452417525816,baja,476,282,9546681400
2021,41357,Iquira,Huila,TERRITORIAL,293.8344393837987,baja,495,234,4420578876
2021,68682,San Joaquín,Santander,TERRITORIAL,293.3519608653658,baja,155,98,2540649269
2021,19698,Santander de Quilichao,Cauca,TERRITORIAL,292.8783113166655,baja,2297,952,63978478826
2021,86755,San Francisco,Putumayo,TERRITORIAL,292.77682160216136,baja,158,96,951547581
2021,50577,Puerto Lleras,Meta,TERRITORIAL,292.66939840260045,baja,229,122,4306307846
2021,25873,Villapinzón,Cundinamarca,TERRITORIAL,291.90367708541453,baja,364,255,10349618359
2021,44855,Urumita,La Guajira,TERRITORIAL,291.65763890902906,baja,715,316,8887576866
2021,25438,Medina,Cundinamarca,TERRITORIAL,291.55803692688744,baja,985,363,7965906783
2021,68820,Tona,Santander,TERRITORIAL,290.76776565252794,baja,315,173,5353937918
2021,66075,Balboa,Risaralda,TERRITORIAL,290.6582424228176,baja,415,240,8328896757
2021,50124,Cabuyaro,Meta,TERRITORIAL,290.30401310102275,baja,322,211,7379279652
2021,50573,Puerto López,Meta,TERRITORIAL,289.12062128001986,baja,1273,570,38139254519
2021,54800,Teorama,Norte de Santander,TERRITORIAL,288.81281642179465,baja,198,141,7502069973
2021,05475,Murindó,Antioquia,TERRITORIAL,288.8008616573504,baja,317,152,5931045485
2021,20310,González,Cesar,TERRITORIAL,288.59983304497445,baja,367,170,5796727395
2021,23586,Purísima,Córdoba,TERRITORIAL,288.2131770000234,baja,613,264,6829422540
2021,68444,Matanza,Santander,TERRITORIAL,285.83591455099827,baja,317,179,4794681674
2021,15822,Tota,Boyacá,TERRITORIAL,285.76732159477854,baja,354,229,6628795531
2021,41660,Saladoblanco,Huila,TERRITORIAL,285.69315652789345,baja,815,350,12009234162
2021,05736,Segovia,Antioquia,TERRITORIAL,284.577666974358,baja,574,343,13104936035
2021,47318,Guamal,Magdalena,TERRITORIAL,283.91406006715016,baja,701,283,11082072840
2021,54518,Pamplona,Norte de Santander,NACIONAL,282.37205642030005,baja,204,176,1916837617
2021,19355,Inzá,Cauca,TERRITORIAL,281.73378459724387,baja,221,150,9600522890
2021,25269,Facatativá,Cundinamarca,NO_DEFINIDO,278.5616057916302,baja,208,135,2603226228
2021,18479,Morelia,Caquetá,TERRITORIAL,278.4375009693822,baja,88,81,2228134579
2021,68745,Simacota,Santander,TERRITORIAL,276.09191360904305,baja,270,198,6192735323
2021,99001,Puerto Carreño,Vichada,TERRITORIAL,276.07865150644534,baja,3738,1670,158414989158
2021,17088,Belalcázar,Caldas,TERRITORIAL,275.9422857695553,baja,349,234,7139600919
2021,76248,El Cerrito,Valle del Cauca,TERRITORIAL,275.72117735831193,baja,673,397,13890863027
2021,66170,Dosquebradas,Risaralda,TERRITORIAL,275.28049760171535,baja,4492,2611,146085994194
2021,68377,La Belleza,Santander,TERRITORIAL,275.1992667716138,baja,265,195,9908676873
2021,17662,Samaná,Caldas,TERRITORIAL,274.7995011061198,baja,1240,644,20490310914
2021,05361,Ituango,Antioquia,TERRITORIAL,273.8172637472451,baja,688,401,24647829051
2021,20178,Chiriguaná,Cesar,TERRITORIAL,273.50251035898464,baja,1775,879,66949019177
2021,52405,Leiva,Nariño,NACIONAL,273.05689394724476,baja,350,133,2124260229
2021,05315,Guadalupe,Antioquia,TERRITORIAL,272.59354922961376,baja,224,161,5823845735
2021,47541,Pedraza,Magdalena,TERRITORIAL,271.374852073695,baja,280,116,2000852568
2021,15511,Pachavita,Boyacá,TERRITORIAL,270.77819899441323,baja,260,160,3165174994
2021,76828,Trujillo,Valle del Cauca,TERRITORIAL,269.114919293612,baja,541,297,11288632588
2021,41530,Palestina,Huila,TERRITORIAL,268.74282639563046,baja,459,247,6538665228
2021,17653,Salamina,Caldas,TERRITORIAL,268.0470214861995,baja,447,248,5502338923
2021,25862,Vergara,Cundinamarca,TERRITORIAL,266.541099979457,baja,169,124,3933549891
2021,13268,El Peñón,Bolívar,TERRITORIAL,266.4071148915393,baja,325,186,4187099962
2021,25513,Pacho,Cundinamarca,TERRITORIAL,264.8980422036797,baja,873,590,42662085055
2021,05631,Sabaneta,Antioquia,TERRITORIAL,264.67028998819836,baja,3073,1712,189852310050
2021,41676,Santa María,Huila,TERRITORIAL,263.71146760463495,baja,391,215,5510943719
2021,52254,El Peñol,Nariño,TERRITORIAL,263.0056229718126,baja,877,346,7201400838
2021,68867,Vetas,Santander,TERRITORIAL,262.7609440783781,baja,141,105,1805981025
2021,66001,Pereira,Risaralda,NACIONAL,262.5558802696559,baja,1441,1288,83677918073
2021,73870,Villahermosa,Tolima,TERRITORIAL,261.7330483197588,baja,282,158,3172435022
2021,95200,Miraflores,Guaviare,TERRITORIAL,261.07761048397765,baja,228,132,4754400208
2021,70708,San Marcos,Sucre,TERRITORIAL,260.6458510719143,baja,2229,808,47683235978
2021,15646,Samacá,Boyacá,TERRITORIAL,259.23750000929056,baja,611,392,21163653953
2021,52435,Mallama,Nariño,TERRITORIAL,259.08647535880556,baja,1004,319,7317344601
2021,25053,Arbeláez,Cundinamarca,TERRITORIAL,258.699486535069,baja,290,199,5462050505
2021,41378,La Argentina,Huila,TERRITORIAL,258.6322227324809,baja,722,362,12667036589
2021,50226,Cumaral,Meta,TERRITORIAL,257.98000595892233,baja,704,421,12201572959
2021,68160,Cepitá,Santander,TERRITORIAL,257.88969943403026,baja,187,120,3189059287
2021,20238,El Copey,Cesar,TERRITORIAL,257.21480522706327,baja,1044,476,14505926362
2021,25181,Choachí,Cundinamarca,TERRITORIAL,255.521097282779,baja,316,205,8445637436
2021,63130,Calarca,Quindío,TERRITORIAL,253.16093253361012,baja,1431,784,28433126524
2021,41001,Neiva,Huila,TERRITORIAL,252.33532081573895,baja,8019,4667,539079569973
2021,23001,Montería,Córdoba,NACIONAL,250.62390218500332,baja,765,592,348496324430
2021,41016,Aipe,Huila,TERRITORIAL,250.00946509916318,baja,1624,807,17407329648
2021,52323,Gualmatán,Nariño,TERRITORIAL,249.84337699044656,baja,713,305,5527083511
2021,44420,La Jagua del Pilar,La Guajira,TERRITORIAL,248.97162546845126,baja,410,214,4411211040
2021,47001,Santa Marta,Magdalena,OTRO,248.79611056202535,baja,334,302,15563244979
2021,15097,Boavita,Boyacá,TERRITORIAL,248.54563257975337,baja,219,132,2896464084
2021,19785,Sucre,Cauca,TERRITORIAL,246.6666201232313,baja,275,189,6877202767
2021,41503,Oporapa,Huila,TERRITORIAL,246.4382051888598,baja,659,341,8892786173
2021,05129,Caldas,Antioquia,TERRITORIAL,245.73042570999615,baja,2598,822,58326496069
2021,15090,Berbeo,Boyacá,TERRITORIAL,243.67082599104677,baja,192,119,2270823050
2021,05697,El Santuario,Antioquia,TERRITORIAL,243.5442835117937,baja,697,467,25874172680
2021,66001,Pereira,Risaralda,OTRO,241.38025793984033,baja,616,578,35614368703
2021,73217,Coyaima,Tolima,TERRITORIAL,236.96685271132247,baja,691,275,16797535599
2021,25799,Tenjo,Cundinamarca,TERRITORIAL,236.85814310224515,baja,1266,775,35522883200
2021,19001,Popayán,Cauca,TERRITORIAL,236.62647169529328,baja,9208,5117,1115350296263
2021,25269,Facatativá,Cundinamarca,TERRITORIAL,236.371638140483,baja,2299,1232,75187253330
2021,15464,Mongua,Boyacá,TERRITORIAL,235.777540920539,baja,316,224,6147008537
2021,25175,Chía,Cundinamarca,TERRITORIAL,235.2105502276256,baja,1469,1200,100906934409
2021,05400,La Unión,Antioquia,TERRITORIAL,233.3335849613053,baja,425,245,8687221606
2021,17614,Riosucio,Caldas,TERRITORIAL,233.29232181050864,baja,1031,570,33653084899
2021,25286,Funza,Cundinamarca,NACIONAL,233.07811687150618,baja,233,226,4497323256
2021,41551,Pitalito,Huila,TERRITORIAL,232.5769303095304,baja,2979,1337,164904755026
2021,15759,Sogamoso,Boyacá,TERRITORIAL,232.16852036880275,baja,2493,1420,122152463619
2021,73270,Falan,Tolima,TERRITORIAL,231.90736173901632,baja,395,179,5251573903
2021,85010,Aguazul,Casanare,TERRITORIAL,231.56721851587182,baja,1496,810,50571880399
2021,52565,Providencia,Nariño,TERRITORIAL,231.2395755599024,baja,924,432,7081771802
2021,17042,Anserma,Caldas,TERRITORIAL,231.0825232015847,baja,748,458,11729218629
2021,85440,Villanueva,Casanare,TERRITORIAL,230.4336767708073,baja,537,315,22618768117
2021,54820,Toledo,Norte de Santander,TERRITORIAL,230.16851738963382,baja,465,289,14607125077
2021,63001,Armenia,Quindío,TERRITORIAL,229.3543146548458,baja,15491,7550,511504455537
2021,73585,Purificación,Tolima,TERRITORIAL,228.2175880623517,baja,1878,804,40611334037
2021,17433,Manzanares,Caldas,TERRITORIAL,227.34762533505688,baja,731,297,11472329220
2021,52683,Sandoná,Nariño,TERRITORIAL,227.26049792253437,baja,548,261,6393793163
2021,13688,Santa Rosa del Sur,Bolívar,TERRITORIAL,227.13839677212147,baja,448,331,16341175772
2021,25781,Sutatausa,Cundinamarca,TERRITORIAL,227.03479461833624,baja,226,141,4140178314
2021,25797,Tena,Cundinamarca,TERRITORIAL,226.56241825672345,baja,333,207,4437585775
2021,85410,Tauramena,Casanare,TERRITORIAL,226.50452290358075,baja,976,570,33496517855
2021,25168,Chaguaní,Cundinamarca,TERRITORIAL,226.4140587661543,baja,189,113,3302067065
2021,76834,Tuluá,Valle del Cauca,NO_DEFINIDO,225.82506752412507,baja,853,208,1264512940
2021,76834,Tuluá,Valle del Cauca,TERRITORIAL,222.59732836620873,baja,2622,1622,138284080459
2021,76520,Palmira,Valle del Cauca,NACIONAL,222.21160445177551,baja,349,314,17050999987
2021,44650,San Juan del Cesar,La Guajira,TERRITORIAL,220.4194529785693,baja,764,377,40077660112
2021,13673,Santa Catalina,Bolívar,NACIONAL,219.93213238027292,baja,169,80,1347901945
2021,73236,Dolores,Tolima,TERRITORIAL,219.87587996439748,baja,265,183,4295277212
2021,52835,San Andrés de Tumaco,Nariño,TERRITORIAL,219.6072149556254,baja,1977,925,107199879417
2021,15272,Firavitoba,Boyacá,TERRITORIAL,219.54792228045625,baja,253,175,4031223027
2021,50001,Villavicencio,Meta,NACIONAL,218.99575485271166,baja,2132,1516,116050263265
2021,15226,Cuítiva,Boyacá,TERRITORIAL,217.9170855872551,baja,243,147,3806823661
2021,25662,San Juan de Río Seco,Cundinamarca,TERRITORIAL,216.5686149234035,baja,812,320,7631297664
2021,05659,San Juan de Urabá,Antioquia,NACIONAL,216.5612921771761,baja,222,127,2911625282
2021,54520,Pamplonita,Norte de Santander,TERRITORIAL,215.95473240667027,baja,229,144,4758951165
2021,05642,Salgar,Antioquia,TERRITORIAL,214.44201632256588,baja,553,307,9171758055
2021,08832,Tubará,Atlántico,TERRITORIAL,213.84149506958528,baja,231,83,595020314
2021,81001,Arauca,Arauca,TERRITORIAL,212.04941957262554,baja,9777,3326,350014719219
2021,15516,Paipa,Boyacá,TERRITORIAL,212.03470629632298,baja,664,533,11613700429
2021,70771,Sucre,Sucre,TERRITORIAL,211.6696363803361,baja,1261,388,9817009993
2021,05250,El Bagre,Antioquia,NACIONAL,208.57293405485623,baja,105,103,2955681494
2021,54673,San Cayetano,Norte de Santander,TERRITORIAL,207.8382297588709,baja,318,261,9234987199
2021,68235,El Carmen de Chucurí,Santander,TERRITORIAL,204.41579815873047,baja,689,423,22374958779
2021,25001,Agua de Dios,Cundinamarca,NACIONAL,203.76138392512684,baja,756,587,25767727407
2021,25297,Gachetá,Cundinamarca,TERRITORIAL,202.7827835563771,baja,776,335,13766763065
2021,25430,Madrid,Cundinamarca,TERRITORIAL,201.7446596601046,baja,1891,1426,86918576279
2021,15223,Cubará,Boyacá,TERRITORIAL,200.57182661315952,baja,682,321,14482449999
2021,73624,Rovira,Tolima,TERRITORIAL,198.6846177898056,baja,847,444,13655490287
2021,23001,Montería,Córdoba,TERRITORIAL,198.1805629025201,baja,5114,3207,763127549923
2021,25040,Anolaima,Cundinamarca,TERRITORIAL,197.34416487880264,baja,254,165,3015360969
2021,52560,Potosí,Nariño,TERRITORIAL,196.18807587042892,baja,1096,429,10606888522
2021,25126,Cajicá,Cundinamarca,NACIONAL,195.6313456702393,baja,146,142,3490181001
2021,63190,Circasia,Quindío,TERRITORIAL,193.84555405409452,baja,768,549,12047305740
2021,52320,Guaitarilla,Nariño,TERRITORIAL,192.50234495369816,baja,911,405,7934987067
2021,05756,Sonson,Antioquia,TERRITORIAL,191.94838259916955,baja,1570,630,31702690056
2021,52354,Imués,Nariño,TERRITORIAL,191.7797054876127,baja,223,112,1104421349
2021,63212,Córdoba,Quindío,TERRITORIAL,189.03068057000053,baja,524,275,4534736625
2021,20710,San Alberto,Cesar,TERRITORIAL,188.7814732609885,baja,665,323,7875281391
2021,73001,Ibagué,Tolima,NACIONAL,187.86426183322126,baja,3251,2822,381040392285
2021,05001,Medellín,Antioquia,TERRITORIAL,187.40579640185337,baja,85384,29729,10570059460679
2021,08770,Suan,Atlántico,TERRITORIAL,187.22119866603194,baja,446,227,2275588959
2021,13894,Zambrano,Bolívar,TERRITORIAL,185.74591920245987,baja,915,282,6792137034
2021,15537,Paz de Río,Boyacá,TERRITORIAL,184.22546312052188,baja,274,171,3334581708
2021,76113,Bugalagrande,Valle del Cauca,TERRITORIAL,183.64531868853973,baja,1259,532,22166233241
2021,47161,Cerro San Antonio,Magdalena,TERRITORIAL,182.418442159627,baja,263,152,1564147617
2021,50001,Villavicencio,Meta,TERRITORIAL,182.04553858262022,baja,19306,9369,1064652010339
2021,25599,Apulo,Cundinamarca,TERRITORIAL,180.63958996002128,baja,379,218,5392138738
2021,25572,Puerto Salgar,Cundinamarca,TERRITORIAL,178.27510535797424,baja,1283,556,18607306920
2021,17001,Manizales,Caldas,NACIONAL,178.25778842085478,baja,6174,3847,413281547831
2021,63690,Salento,Quindío,TERRITORIAL,177.30194189486613,baja,576,308,4728407849
2021,19001,Popayán,Cauca,NACIONAL,176.8334150589801,baja,2805,2121,288112927442
2021,68051,Aratoca,Santander,TERRITORIAL,175.93783809962056,baja,350,222,7110723906
2021,50689,San Martín,Meta,TERRITORIAL,175.9145256657053,baja,830,431,14381337362
2021,25815,Tocaima,Cundinamarca,TERRITORIAL,175.7065389418411,baja,1979,780,17741899238
2021,68780,Suratá,Santander,TERRITORIAL,173.43211560802834,baja,347,165,4189158740
2021,73200,Coello,Tolima,TERRITORIAL,172.32635535721343,baja,455,268,6367033203
2021,25320,Guaduas,Cundinamarca,TERRITORIAL,171.86188015266782,baja,422,292,11094826612
2021,19050,Argelia,Cauca,TERRITORIAL,171.31000534985122,baja,357,247,9304362362
2021,25394,La Palma,Cundinamarca,TERRITORIAL,170.62790674303255,baja,675,345,4828318710
2021,76670,San Pedro,Valle del Cauca,TERRITORIAL,166.96333832761542,baja,506,284,8780064964
2021,17050,Aranzazu,Caldas,TERRITORIAL,164.71777884807938,baja,652,323,7129342844
2021,54261,El Zulia,Norte de Santander,TERRITORIAL,163.84407557257632,baja,1195,366,12829560549
2021,52381,La Florida,Nariño,TERRITORIAL,162.62280865224824,baja,1032,502,9208251775
2021,25317,Guachetá,Cundinamarca,NACIONAL,159.4310903705752,baja,336,125,1620996231
2021,52687,San Lorenzo,Nariño,TERRITORIAL,157.72890876824943,baja,1025,454,10102921553
2021,05034,Andes,Antioquia,NACIONAL,156.72447660445545,baja,457,439,21955728159
2021,73408,Lérida,Tolima,TERRITORIAL,155.9200204341526,baja,1250,459,20393711652
2021,13001,Cartagena,Bolívar,TERRITORIAL,154.69097307038484,baja,11024,7274,719350901497
2021,25126,Cajicá,Cundinamarca,TERRITORIAL,153.09267347421113,baja,1871,1299,76439098414
2021,76001,Cali,Valle del Cauca,NACIONAL,150.7223002210406,baja,7048,5210,999739807316
2021,17877,Viterbo,Caldas,TERRITORIAL,149.74042681973359,baja,424,273,4823204381
2021,17873,Villamaría,Caldas,TERRITORIAL,149.0066224547823,baja,1349,657,13903985121
2021,25183,Chocontá,Cundinamarca,TERRITORIAL,147.67524025896384,baja,1811,719,19599119896
2021,19701,Santa Rosa,Cauca,TERRITORIAL,146.7551518497182,baja,271,165,4907545482
2021,15403,La Uvita,Boyacá,TERRITORIAL,145.4618500899756,baja,366,172,3468052661
2021,25324,Guataquí,Cundinamarca,TERRITORIAL,145.18065250386658,baja,300,149,2309579276
2021,68001,Bucaramanga,Santander,TERRITORIAL,143.9901322162874,baja,18602,10590,1660522700330
2021,13001,Cartagena,Bolívar,NACIONAL,142.1222497155756,baja,3931,3120,483018652018
2021,52612,Ricaurte,Nariño,TERRITORIAL,139.90350764156307,baja,1351,527,15067206649
2021,47245,El Banco,Magdalena,TERRITORIAL,139.22356455618745,baja,4538,1165,26076944298
2021,47798,Tenerife,Magdalena,TERRITORIAL,138.11739346252594,baja,589,261,4519202522
2021,05129,Caldas,Antioquia,NACIONAL,137.26668708437774,baja,254,235,8047565158
2021,20383,La Gloria,Cesar,TERRITORIAL,137.1730268861078,baja,346,236,4945481989
2021,15238,Duitama,Boyacá,NACIONAL,136.85702857402413,baja,253,223,8109498962
2021,52250,El Charco,Nariño,TERRITORIAL,130.9473961300595,baja,378,252,7001460196
2021,25245,El Colegio,Cundinamarca,TERRITORIAL,130.4673787195694,baja,1150,555,15857469171
2021,52678,Samaniego,Nariño,TERRITORIAL,128.77395404302789,baja,1598,647,17816519016
2021,52260,El Tambo,Nariño,TERRITORIAL,128.23514101224552,baja,664,324,7166691143
2021,52385,La Llanada,Nariño,TERRITORIAL,126.18609010282289,baja,792,295,5102538698
2021,25290,Fusagasugá,Cundinamarca,TERRITORIAL,125.563614240251,baja,5325,2626,177466401980
2021,25736,Sesquilé,Cundinamarca,TERRITORIAL,122.54534684888831,baja,1136,532,15621078634
2021,76109,Buenaventura,Valle del Cauca,TERRITORIAL,122.1669955202153,baja,3689,2152,153095325019
2021,52001,Pasto,Nariño,TERRITORIAL,118.84957741259737,baja,13977,7652,826082318690
2021,17380,La Dorada,Caldas,NACIONAL,114.11527158442063,baja,182,177,4848841405
2021,25875,Villeta,Cundinamarca,TERRITORIAL,113.08368579854981,baja,1897,804,28469939288
2021,27001,Quibdó,Chocó,TERRITORIAL,112.5771785586481,baja,1664,1080,62679592459
2021,05042,Santafé de Antioquia,Antioquia,NACIONAL,112.51727314323233,baja,205,190,7582704422
2021,18001,Florencia,Caquetá,TERRITORIAL,110.6319017918001,baja,4046,2094,119678966514
2021,52720,Sapuyes,Nariño,TERRITORIAL,109.28075041379967,baja,596,304,5018662474
2021,05154,Caucasia,Antioquia,NACIONAL,106.05780891245003,baja,211,205,6662329851
2021,54518,Pamplona,Norte de Santander,TERRITORIAL,104.79729420076754,baja,2939,891,29234920014
2021,85001,Yopal,Casanare,TERRITORIAL,104.02591653293808,baja,14167,7585,795776722181
2021,25279,Fomeque,Cundinamarca,TERRITORIAL,102.38428514308647,baja,1090,539,11168153942
2021,08560,Ponedera,Atlántico,TERRITORIAL,102.23400108683657,baja,552,192,2661957924
2021,47001,Santa Marta,Magdalena,TERRITORIAL,101.76097240400581,baja,20419,8223,662250927860
2021,76130,Candelaria,Valle del Cauca,TERRITORIAL,100.38111144238265,baja,2769,1731,54002402766
2021,52207,Consaca,Nariño,TERRITORIAL,100.24302648604471,baja,858,429,7111564880
2021,41396,La Plata,Huila,NACIONAL,99.0159933255158,baja,174,163,4478350496
2021,20250,El Paso,Cesar,NACIONAL,97.25476959931103,baja,486,231,3051693274
2021,73001,Ibagué,Tolima,TERRITORIAL,95.12355714087462,baja,9850,5967,557908661977
2021,52001,Pasto,Nariño,NACIONAL,94.50714373935212,baja,958,838,30432957603
2021,41298,Garzón,Huila,NACIONAL,88.86245175565543,baja,155,147,4240696638
2021,25402,La Vega,Cundinamarca,TERRITORIAL,88.66391480516283,baja,1250,555,16362550711
2021,41132,Campoalegre,Huila,NACIONAL,87.77479184621629,baja,223,212,6993449661
2021,76001,Cali,Valle del Cauca,TERRITORIAL,83.73783113032323,baja,62882,28640,4758958653626
2021,76147,Cartago,Valle del Cauca,NACIONAL,80.06272413670412,baja,203,199,6950932350
2021,76834,Tuluá,Valle del Cauca,NACIONAL,79.2524951231347,baja,247,235,8922094603
2021,52356,Ipiales,Nariño,NACIONAL,74.85193544962625,baja,321,235,6119991842
2021,68081,Barrancabermeja,Santander,NACIONAL,72.50768438122974,baja,267,241,7051553039
2021,86568,Puerto Asís,Putumayo,NACIONAL,69.07004784675767,baja,414,389,13949050804
2021,25326,Guatavita,Cundinamarca,TERRITORIAL,66.45477911462582,baja,658,419,10057532007
2021,68679,San Gil,Santander,NACIONAL,66.11155921601377,baja,1441,1057,34870981122
2021,66001,Pereira,Risaralda,TERRITORIAL,65.58576737737909,baja,13813,8286,677818869857
2021,25307,Girardot,Cundinamarca,NACIONAL,63.04199092865517,baja,349,311,11876030911
2021,68432,Málaga,Santander,NACIONAL,61.768206150469716,baja,251,232,7056345169
2021,15759,Sogamoso,Boyacá,NACIONAL,60.829335291392816,baja,616,588,21357860072
2021,41551,Pitalito,Huila,NACIONAL,59.12921354126268,baja,323,305,10039051942
2021,25290,Fusagasugá,Cundinamarca,NACIONAL,57.68581340019098,baja,478,410,12107179593
2021,25473,Mosquera,Cundinamarca,NACIONAL,56.76328252548304,baja,504,461,17581391806
2021,05579,Puerto Berrío,Antioquia,NACIONAL,56.31190185740417,baja,267,259,7732614268
2021,25875,Villeta,Cundinamarca,NACIONAL,52.13904505474951,baja,333,325,11586062348
2021,76111,Guadalajara de Buga,Valle del Cauca,NACIONAL,52.07160765359203,baja,342,318,11206732497
2021,05045,Apartadó,Antioquia,NACIONAL,46.94817430032894,baja,567,534,16906403193
2021,08638,Sabanalarga,Atlántico,NACIONAL,45.401618810173055,baja,292,283,8797206057
2021,05615,Rionegro,Antioquia,NACIONAL,42.180194500105486,baja,394,376,14291631335
2021,05360,Itagui,Antioquia,NACIONAL,41.14963961563004,baja,539,512,18264642924
2021,11001,Bogotá D.C.,Bogotá,TERRITORIAL,35.22273492825498,baja,59903,42350,7982391583464
2021,25175,Chía,Cundinamarca,NACIONAL,28.293418906905696,baja,464,435,15094209005
2022,05034,Andes,Antioquia,OTRO,10000.0,alta,1,1,4000000
2022,05197,Cocorná,Antioquia,NACIONAL,10000.0,alta,1,1,5923000
2022,05890,Yolombó,Antioquia,NACIONAL,10000.0,alta,1,1,1885000
2022,13688,Santa Rosa del Sur,Bolívar,NACIONAL,10000.0,alta,1,1,300000000
2022,15299,Garagoa,Boyacá,OTRO,10000.0,alta,1,1,11222260145
2022,15466,Monguí,Boyacá,NACIONAL,10000.0,alta,1,1,41000000
2022,15500,Oicatá,Boyacá,NACIONAL,10000.0,alta,1,1,2226986
2022,15778,Sutatenza,Boyacá,NACIONAL,10000.0,alta,1,1,35984550
2022,15808,Tinjacá,Boyacá,NACIONAL,10000.0,alta,1,1,169473685
2022,25040,Anolaima,Cundinamarca,NACIONAL,10000.0,alta,1,1,6200000
2022,27025,Alto Baudo,Chocó,TERRITORIAL,10000.0,alta,2,1,53090000
2022,27075,Bahía Solano,Chocó,TERRITORIAL,10000.0,alta,2,1,59820000
2022,41483,Nátaga,Huila,NACIONAL,10000.0,alta,1,1,2398912
2022,47707,Santa Ana,Magdalena,NACIONAL,10000.0,alta,1,1,874500
2022,52083,Belén,Nariño,NACIONAL,10000.0,alta,1,1,331500000
2022,52621,Roberto Payán,Nariño,TERRITORIAL,10000.0,alta,1,1,21250000
2022,54206,Convención,Norte de Santander,OTRO,10000.0,alta,1,1,300800000
2022,63548,Pijao,Quindío,NACIONAL,10000.0,alta,1,1,900000
2022,68867,Vetas,Santander,NACIONAL,10000.0,alta,1,1,119000000
2022,70110,Buenavista,Sucre,NACIONAL,10000.0,alta,1,1,3500000
2022,70233,El Roble,Sucre,NACIONAL,10000.0,alta,1,1,6870720
2022,73001,Ibagué,Tolima,OTRO,10000.0,alta,1,1,48010822989
2022,76001,Cali,Valle del Cauca,NO_DEFINIDO,10000.0,alta,1,1,39050240
2022,86757,San Miguel,Putumayo,TERRITORIAL,10000.0,alta,4,1,799312000
2022,86885,Villagarzón,Putumayo,NACIONAL,10000.0,alta,1,1,6600293391
2022,86885,Villagarzón,Putumayo,TERRITORIAL,9888.288165551572,alta,3,2,582733856
2022,95015,Calamar,Guaviare,TERRITORIAL,9754.6335131957,alta,278,176,924352970098
2022,13673,Santa Catalina,Bolívar,TERRITORIAL,9707.716130123556,alta,157,132,431389650046
2022,05854,Valdivia,Antioquia,TERRITORIAL,9476.891093525866,alta,471,300,935699913482
2022,05819,Toledo,Antioquia,TERRITORIAL,9195.074962412285,alta,189,133,138588148324
2022,27001,Quibdó,Chocó,NACIONAL,8791.06000224192,alta,694,569,934518555373
2022,13300,Hatillo de Loba,Bolívar,TERRITORIAL,8760.219277834334,alta,137,95,175652169387
2022,25154,Carmen de Carupa,Cundinamarca,TERRITORIAL,8666.591903677585,alta,255,193,50937853032
2022,41770,Suaza,Huila,NACIONAL,8459.73013999878,alta,2,2,38057392
2022,68190,Cimitarra,Santander,NACIONAL,8338.217183947525,alta,3,2,704421258
2022,15842,Umbita,Boyacá,NACIONAL,8212.752235522208,alta,4,4,55470000
2022,13580,Regidor,Bolívar,TERRITORIAL,8206.448189891518,alta,2,2,1249439656
2022,52224,Cuaspud,Nariño,TERRITORIAL,7868.618824728566,alta,6,6,303227528
2022,44279,Fonseca,La Guajira,TERRITORIAL,7862.080496611107,alta,1326,398,579463262285
2022,81220,Cravo Norte,Arauca,TERRITORIAL,7802.790573824761,alta,207,81,54111452729
2022,70678,San Benito Abad,Sucre,NACIONAL,7431.446793342485,alta,2,2,23128607
2022,52378,La Cruz,Nariño,NO_DEFINIDO,7364.097561667197,alta,2,2,23689000
2022,05761,Sopetrán,Antioquia,NACIONAL,7347.242660058704,alta,3,2,32996772
2022,99624,Santa Rosalía,Vichada,TERRITORIAL,7328.152638100702,alta,215,129,32804077941
2022,13473,Morales,Bolívar,TERRITORIAL,7133.753383990984,alta,327,218,239004487650
2022,20383,La Gloria,Cesar,TERRITORIAL,6984.001824797208,alta,304,213,28891239247
2022,25386,La Mesa,Cundinamarca,TERRITORIAL,6925.200311676274,alta,1031,822,330631120893
2022,25754,Soacha,Cundinamarca,NACIONAL,6915.708401383951,alta,3,3,516402436
2022,54820,Toledo,Norte de Santander,NACIONAL,6878.391767827442,alta,6,3,31385000
2022,50330,Mesetas,Meta,TERRITORIAL,6836.3101290750665,alta,298,161,73760863976
2022,85139,Maní,Casanare,TERRITORIAL,6750.57533848814,alta,443,259,129016713460
2022,54398,La Playa,Norte de Santander,TERRITORIAL,6692.686691448212,alta,3,2,1042662137
2022,08558,Polonuevo,Atlántico,TERRITORIAL,6543.0392929804175,alta,766,225,33507298172
2022,15681,San Pablo de Borbur,Boyacá,NACIONAL,6427.522970541227,alta,4,2,858944792
2022,11001,Bogotá D.C.,Bogotá,TERRITORIAL,6403.673706042421,alta,55991,41939,49879474803314
2022,27660,San José del Palmar,Chocó,TERRITORIAL,6016.10732631998,alta,3,2,34960000
2022,27615,Riosucio,Chocó,TERRITORIAL,5954.791503667839,alta,24,20,4974146851
2022,25430,Madrid,Cundinamarca,TERRITORIAL,5952.470427602992,alta,1733,1298,524900208705
2022,70508,Ovejas,Sucre,TERRITORIAL,5931.43910057575,alta,505,240,81705963612
2022,52036,Ancuyá,Nariño,TERRITORIAL,5878.171650243909,alta,288,191,16060877397
2022,25151,Caqueza,Cundinamarca,NACIONAL,5851.039044812546,alta,4,3,12704667
2022,41016,Aipe,Huila,NACIONAL,5840.415433624048,alta,4,4,135932711
2022,73411,Líbano,Tolima,NACIONAL,5782.220520483086,alta,6,5,54220861
2022,13212,Córdoba,Bolívar,NACIONAL,5733.333333333333,alta,3,3,33000000
2022,25317,Guachetá,Cundinamarca,NACIONAL,5642.089300928577,alta,198,101,5747714334
2022,27800,Unguía,Chocó,TERRITORIAL,5630.805039719893,alta,3,3,575812240
2022,25513,Pacho,Cundinamarca,NACIONAL,5458.916872643232,alta,55,40,790350922
2022,13212,Córdoba,Bolívar,TERRITORIAL,5421.901971241446,alta,383,260,109116570620
2022,15676,San Miguel de Sema,Boyacá,TERRITORIAL,5372.577374339028,alta,145,113,14597316009
2022,97001,Mitú,Vaupés,NACIONAL,5359.551639852649,alta,98,76,47910855125
2022,70265,Guaranda,Sucre,TERRITORIAL,5321.025317365357,alta,345,221,55035440805
2022,23090,Canalete,Córdoba,TERRITORIAL,5208.097196629858,alta,11,8,10804573075
2022,19585,Puracé,Cauca,TERRITORIAL,5200.0,alta,2,2,150000000
2022,15832,Tununguá,Boyacá,TERRITORIAL,5181.332927354643,alta,128,93,14134416644
2022,25328,Guayabal de Siquima,Cundinamarca,NACIONAL,5173.363019442886,alta,5,2,25402000
2022,15296,Gameza,Boyacá,NACIONAL,5152.897814862944,alta,2,2,27874400
2022,20175,Chimichagua,Cesar,NO_DEFINIDO,5104.614219275087,alta,3,2,14843000
2022,18029,Albania,Caquetá,TERRITORIAL,5080.119597405131,alta,126,98,30297774015
2022,70713,San Onofre,Sucre,NACIONAL,5075.525971101217,alta,2,2,4560500
2022,25019,Albán,Cundinamarca,NACIONAL,5001.644130719863,alta,4,2,527359100
2022,15522,Panqueba,Boyacá,NACIONAL,5000.865650969528,alta,2,2,30400000
2022,13838,Turbaná,Bolívar,TERRITORIAL,4955.945921286961,alta,275,185,40505709886
2022,47541,Pedraza,Magdalena,TERRITORIAL,4953.0186396248655,alta,123,67,19896798259
2022,17380,La Dorada,Caldas,OTRO,4924.413167607421,alta,59,55,1566930218
2022,73067,Ataco,Tolima,TERRITORIAL,4924.349338134637,alta,506,227,65055765015
2022,05591,Puerto Triunfo,Antioquia,NACIONAL,4909.269904099969,alta,13,9,489379972
2022,52418,Los Andes,Nariño,TERRITORIAL,4885.818451138834,alta,509,242,35585254517
2022,25899,Zipaquirá,Cundinamarca,NACIONAL,4878.489722639417,alta,3,3,18981520
2022,18256,El Paujil,Caquetá,TERRITORIAL,4857.342006026156,alta,318,190,565129436551
2022,85015,Chameza,Casanare,TERRITORIAL,4812.416674363009,alta,154,107,19618145919
2022,25398,La Peña,Cundinamarca,NACIONAL,4805.606190185707,alta,13,8,114634669
2022,05138,Cañasgordas,Antioquia,TERRITORIAL,4761.431872279162,alta,456,289,54941086719
2022,08606,Repelón,Atlántico,TERRITORIAL,4741.889600374119,alta,113,92,7290365901
2022,13468,Mompós,Bolívar,TERRITORIAL,4716.707833773639,alta,600,235,31228245845
2022,15135,Campohermoso,Boyacá,NACIONAL,4711.795763856844,alta,11,9,63076332
2022,15087,Belén,Boyacá,NACIONAL,4698.893247307253,alta,4,3,16771786
2022,44035,Albania,La Guajira,TERRITORIAL,4464.477944219667,alta,327,232,119924600227
2022,20001,Valledupar,Cesar,NO_DEFINIDO,4384.053509022927,alta,174,107,8268501784
2022,05761,Sopetrán,Antioquia,TERRITORIAL,4377.01137589223,alta,107,81,10664083013
2022,15232,Chíquiza,Boyacá,TERRITORIAL,4317.605022360496,alta,3,3,493829614
2022,44378,Hatonuevo,La Guajira,NACIONAL,4306.317385850173,alta,3,3,27566500
2022,19110,Buenos Aires,Cauca,OTRO,4207.453267574719,alta,41,33,1866360548
2022,15480,Muzo,Boyacá,NACIONAL,4138.930204758171,alta,3,3,623868783
2022,44420,La Jagua del Pilar,La Guajira,TERRITORIAL,4121.230049637436,alta,348,181,11687109248
2022,41524,Palermo,Huila,NACIONAL,4030.193552819559,alta,4,4,15070800
2022,50686,San Juanito,Meta,TERRITORIAL,4027.1609130261136,alta,78,48,4606183100
2022,13188,Cicuco,Bolívar,TERRITORIAL,4015.5363719203997,alta,187,141,11827266524
2022,05686,Santa Rosa de Osos,Antioquia,NACIONAL,4012.6354102095725,alta,40,28,8281772953
2022,73678,San Luis,Tolima,NACIONAL,3952.8743367755083,alta,35,26,8048644760
2022,08433,Malambo,Atlántico,NACIONAL,3943.722514366082,alta,27,24,1188107077
2022,25843,Villa de San Diego de Ubate,Cundinamarca,NACIONAL,3942.5840143093073,alta,7,4,77686581
2022,13760,Soplaviento,Bolívar,TERRITORIAL,3916.4485898283338,alta,28,26,1163859630
2022,47745,Sitionuevo,Magdalena,NACIONAL,3889.175143025276,alta,4,3,871105935
2022,05660,San Luis,Antioquia,TERRITORIAL,3872.5883695443163,alta,575,277,79044223349
2022,13490,Norosí,Bolívar,TERRITORIAL,3857.7374257629053,alta,97,64,6280459797
2022,52354,Imués,Nariño,TERRITORIAL,3776.7873414812575,alta,35,24,558843230
2022,85279,Recetor,Casanare,TERRITORIAL,3765.067854466785,alta,271,164,15557796115
2022,15218,Covarachía,Boyacá,NACIONAL,3695.0061185245613,alta,3,3,6550000
2022,05647,San Andrés de Cuerquía,Antioquia,TERRITORIAL,3690.7883853204157,alta,231,135,15156581471
2022,05541,Peñol,Antioquia,NACIONAL,3670.7925250186217,alta,10,7,73469278
2022,52786,Taminango,Nariño,NACIONAL,3670.0102568732073,alta,6,5,72658106
2022,50370,Uribe,Meta,TERRITORIAL,3657.772045268011,alta,313,203,69721389167
2022,68276,Floridablanca,Santander,TERRITORIAL,3639.1029220204136,alta,4361,2750,816573167237
2022,08685,Santo Tomás,Atlántico,TERRITORIAL,3625.5256296917896,alta,3,3,30576023
2022,18479,Morelia,Caquetá,TERRITORIAL,3625.3566097982266,alta,105,84,16395140860
2022,05842,Uramita,Antioquia,TERRITORIAL,3619.921524616007,alta,275,153,17552574868
2022,05376,La Ceja,Antioquia,NACIONAL,3606.819795905093,alta,7,7,69742017
2022,05736,Segovia,Antioquia,NACIONAL,3604.607174291975,alta,3,3,246229711
2022,17873,Villamaría,Caldas,NACIONAL,3592.7850210763654,alta,6,4,50500000
2022,95001,San José del Guaviare,Guaviare,NO_DEFINIDO,3569.3107641993984,alta,193,107,829476103
2022,15762,Sora,Boyacá,NACIONAL,3568.3037163424015,alta,6,3,848593613
2022,47545,Pijiño del Carmen,Magdalena,TERRITORIAL,3535.2254917713135,alta,223,149,7371384982
2022,50711,Vistahermosa,Meta,NACIONAL,3530.4734815688917,alta,4,4,32981958
2022,52240,Chachagüí,Nariño,TERRITORIAL,3515.8450278906284,alta,596,285,34381659903
2022,50313,Granada,Meta,NACIONAL,3512.360716420839,alta,13,8,160037110
2022,13430,Magangué,Bolívar,NACIONAL,3493.0078530471433,alta,6,6,2574213075
2022,44874,Villanueva,La Guajira,TERRITORIAL,3491.22173005227,alta,637,340,36434355556
2022,13442,María la Baja,Bolívar,TERRITORIAL,3474.134033923649,alta,484,321,24686304382
2022,73043,Anzoátegui,Tolima,TERRITORIAL,3401.869820179557,alta,294,212,21512123014
2022,73226,Cunday,Tolima,TERRITORIAL,3352.3874062763825,alta,203,130,9201966399
2022,05315,Guadalupe,Antioquia,TERRITORIAL,3350.9737384580435,alta,228,150,23671165331
2022,27787,Tadó,Chocó,TERRITORIAL,3341.9105937969134,alta,129,100,9853867387
2022,15740,Siachoque,Boyacá,NACIONAL,3334.5969161384064,alta,9,9,122322868
2022,08638,Sabanalarga,Atlántico,TERRITORIAL,3312.347880342463,alta,292,236,26549225689
2022,25785,Tabio,Cundinamarca,TERRITORIAL,3271.0833978318906,alta,1039,519,32423726198
2022,52405,Leiva,Nariño,TERRITORIAL,3264.2528621016268,alta,412,201,24699252396
2022,76122,Caicedonia,Valle del Cauca,NACIONAL,3189.488213233897,alta,4,4,28012020
2022,05088,Bello,Antioquia,TERRITORIAL,3142.928816008945,alta,5017,2410,661094031798
2022,20013,Agustín Codazzi,Cesar,TERRITORIAL,3123.2485320555356,alta,1057,615,56585302030
2022,15516,Paipa,Boyacá,NACIONAL,3119.935997876661,alta,4,4,6576378
2022,41020,Algeciras,Huila,NACIONAL,3099.15849304282,alta,4,4,12553653
2022,47001,Santa Marta,Magdalena,OTRO,3081.4800491367487,alta,817,530,97609136290
2022,44378,Hatonuevo,La Guajira,TERRITORIAL,3070.9493182440247,alta,157,120,41123499314
2022,76892,Yumbo,Valle del Cauca,TERRITORIAL,3069.066997913777,alta,1418,1042,100061008139
2022,52317,Guachucal,Nariño,NACIONAL,3041.658215549006,alta,7,6,90781600
2022,86749,Sibundoy,Putumayo,TERRITORIAL,3039.602973945685,alta,348,206,14445476948
2022,44855,Urumita,La Guajira,TERRITORIAL,3039.0034704373356,alta,380,249,17248281456
2022,13006,Achí,Bolívar,TERRITORIAL,3005.9984749363316,alta,593,322,8572301220
2022,25148,Caparrapí,Cundinamarca,TERRITORIAL,2991.495466563871,alta,343,193,13712989452
2022,25572,Puerto Salgar,Cundinamarca,NACIONAL,2968.6294376028964,alta,21,20,1033613677
2022,05030,Amagá,Antioquia,NACIONAL,2951.1690331083832,alta,20,19,895395853
2022,66440,Marsella,Risaralda,TERRITORIAL,2934.7928564803633,alta,208,146,9616819276
2022,15842,Umbita,Boyacá,TERRITORIAL,2899.913217293882,alta,234,161,18233524392
2022,23678,San Carlos,Córdoba,TERRITORIAL,2883.6140097132666,alta,112,84,16735270771
2022,18610,San José del Fragua,Caquetá,TERRITORIAL,2854.918441950159,alta,135,109,23813009016
2022,18410,La Montañita,Caquetá,TERRITORIAL,2845.8579958629757,alta,215,147,31956266207
2022,13030,Altos del Rosario,Bolívar,TERRITORIAL,2821.3072256261635,alta,104,84,6039322319
2022,41791,Tarqui,Huila,NACIONAL,2815.300915784398,alta,4,4,22977764
2022,52506,Ospina,Nariño,TERRITORIAL,2806.247596024502,alta,489,251,23711888449
2022,76001,Cali,Valle del Cauca,OTRO,2800.4073794615606,alta,43,38,2028753054
2022,41503,Oporapa,Huila,TERRITORIAL,2797.964906509513,alta,391,255,21713565591
2022,68101,Bolívar,Santander,TERRITORIAL,2784.579251103882,alta,249,170,13103662142
2022,23464,Momil,Córdoba,TERRITORIAL,2782.858151859911,alta,295,151,13157340006
2022,52540,Policarpa,Nariño,TERRITORIAL,2775.277807746491,alta,667,300,26628937361
2022,25224,Cucunubá,Cundinamarca,NACIONAL,2764.427976192279,alta,7,6,106537218
2022,52215,Córdoba,Nariño,TERRITORIAL,2745.6664289475143,alta,572,266,29802033538
2022,15755,Socotá,Boyacá,NACIONAL,2724.626716733116,alta,9,4,2009211297
2022,76606,Restrepo,Valle del Cauca,TERRITORIAL,2718.102589727346,alta,100,80,5721153394
2022,13810,Tiquisio,Bolívar,TERRITORIAL,2707.8243078072383,alta,30,30,4628010670
2022,44110,El Molino,La Guajira,TERRITORIAL,2704.369591603826,alta,102,77,5905680759
2022,70124,Caimito,Sucre,NACIONAL,2700.0212178559987,alta,4,4,19891040
2022,13838,Turbaná,Bolívar,NACIONAL,2696.214264257752,alta,5,4,39450000
2022,54680,Santiago,Norte de Santander,TERRITORIAL,2688.2943018580527,alta,250,152,8700666480
2022,19137,Caldono,Cauca,NACIONAL,2642.532049393694,alta,4,4,281570488
2022,95025,El Retorno,Guaviare,TERRITORIAL,2637.4064262685188,alta,413,229,41877983645
2022,20295,Gamarra,Cesar,TERRITORIAL,2635.2464641431766,alta,31,29,1844572213
2022,15442,Maripí,Boyacá,TERRITORIAL,2625.0179547979183,alta,226,152,20154680964
2022,76497,Obando,Valle del Cauca,TERRITORIAL,2608.2193451194858,alta,224,121,16883912351
2022,25245,El Colegio,Cundinamarca,NACIONAL,2594.845578236021,alta,5,5,54728444
2022,23419,Los Córdobas,Córdoba,TERRITORIAL,2571.349200231525,alta,182,148,18146036764
2022,52838,Túquerres,Nariño,NACIONAL,2569.5966066170054,alta,6,6,43153800
2022,15325,Guayatá,Boyacá,NACIONAL,2568.4045711545778,alta,6,4,8703723
2022,70523,Palmito,Sucre,TERRITORIAL,2558.8291956939233,alta,296,203,38465102225
2022,25175,Chía,Cundinamarca,TERRITORIAL,2536.6145433310235,alta,1654,1357,220420543247
2022,15897,Zetaquira,Boyacá,NACIONAL,2535.2361926493463,alta,14,8,67020350
2022,05306,Giraldo,Antioquia,NACIONAL,2454.9448208010344,moderada,8,5,139579640
2022,73616,Rioblanco,Tolima,TERRITORIAL,2450.01596368358,moderada,485,291,32194790269
2022,25183,Chocontá,Cundinamarca,NACIONAL,2433.866725976287,moderada,10,9,104926740
2022,68132,California,Santander,TERRITORIAL,2428.232223207977,moderada,155,113,3595558506
2022,76823,Toro,Valle del Cauca,TERRITORIAL,2406.910841262489,moderada,228,105,8960019583
2022,13244,El Carmen de Bolívar,Bolívar,TERRITORIAL,2397.0290476742803,moderada,621,349,29475869132
2022,23675,San Bernardo del Viento,Córdoba,TERRITORIAL,2391.4976843164345,moderada,453,294,50804417394
2022,15820,Tópaga,Boyacá,NACIONAL,2355.979990089562,moderada,35,21,403659129
2022,25781,Sutatausa,Cundinamarca,TERRITORIAL,2353.702237018916,moderada,178,142,9009794027
2022,47245,El Banco,Magdalena,NACIONAL,2342.3614593430025,moderada,6,6,40782258
2022,20710,San Alberto,Cesar,NACIONAL,2332.7961533892835,moderada,25,18,590629636
2022,23574,Puerto Escondido,Córdoba,TERRITORIAL,2327.696262309226,moderada,604,331,37479482561
2022,23807,Tierralta,Córdoba,NACIONAL,2311.7758699249835,moderada,15,9,107980684
2022,68147,Capitanejo,Santander,TERRITORIAL,2310.7476395577905,moderada,197,123,7953064157
2022,08001,Barranquilla,Atlántico,NO_DEFINIDO,2295.1755769764836,moderada,12,12,87266705
2022,70717,San Pedro,Sucre,TERRITORIAL,2286.820342553698,moderada,299,168,44172740473
2022,41001,Neiva,Huila,NACIONAL,2284.738877775443,moderada,1583,1351,1002419974737
2022,73200,Coello,Tolima,TERRITORIAL,2259.478070559383,moderada,406,267,17129904124
2022,15790,Tasco,Boyacá,NACIONAL,2223.034927009335,moderada,14,9,84492718
2022,52678,Samaniego,Nariño,NACIONAL,2214.1418043580006,moderada,8,7,64662940
2022,05667,San Rafael,Antioquia,NACIONAL,2205.007607156915,moderada,28,18,1143188535
2022,86320,Orito,Putumayo,TERRITORIAL,2204.6624684920794,moderada,1248,643,66907905478
2022,05088,Bello,Antioquia,NACIONAL,2195.0762426688293,moderada,55,36,2283043080
2022,19845,Villa Rica,Cauca,TERRITORIAL,2195.0263957881207,moderada,245,193,18360108925
2022,86755,San Francisco,Putumayo,TERRITORIAL,2177.0521626195587,moderada,102,71,1747688632
2022,47798,Tenerife,Magdalena,TERRITORIAL,2172.542334913581,moderada,241,112,12097813475
2022,91540,Puerto Nariño,Amazonas,TERRITORIAL,2170.278833286828,moderada,613,340,15232295462
2022,86569,Puerto Caicedo,Putumayo,TERRITORIAL,2158.6351104553746,moderada,511,283,33936588396
2022,25662,San Juan de Río Seco,Cundinamarca,NACIONAL,2151.264888741146,moderada,8,7,43359627
2022,13657,San Juan Nepomuceno,Bolívar,TERRITORIAL,2146.1093795530765,moderada,490,258,20133414644
2022,70418,Los Palmitos,Sucre,TERRITORIAL,2125.864252875428,moderada,282,181,12512848623
2022,47605,Remolino,Magdalena,TERRITORIAL,2124.4019380451864,moderada,209,134,7888032023
2022,66170,Dosquebradas,Risaralda,NACIONAL,2124.3074009036163,moderada,12,12,181599394
2022,76736,Sevilla,Valle del Cauca,NACIONAL,2116.2346130775786,moderada,11,10,57273483
2022,81794,Tame,Arauca,NACIONAL,2111.883145319647,moderada,26,20,1243247570
2022,05856,Valparaíso,Antioquia,TERRITORIAL,2092.898956237869,moderada,172,96,7421273547
2022,15455,Miraflores,Boyacá,NACIONAL,2069.427114475346,moderada,36,20,3952748305
2022,15322,Guateque,Boyacá,NACIONAL,2050.575643675039,moderada,8,8,78164968
2022,05467,Montebello,Antioquia,TERRITORIAL,2049.3040861087266,moderada,287,166,11050421215
2022,41615,Rivera,Huila,NACIONAL,2031.0677472466132,moderada,16,13,867612379
2022,19318,Guapi,Cauca,TERRITORIAL,2024.9348949385062,moderada,298,213,19382012307
2022,20621,La Paz,Cesar,TERRITORIAL,2009.0998682325965,moderada,695,382,31606747159
2022,25368,Jerusalén,Cundinamarca,TERRITORIAL,1990.2481334633294,moderada,186,106,9106642661
2022,15673,San Mateo,Boyacá,NACIONAL,1988.0891353923282,moderada,8,6,19689620
2022,23855,Valencia,Córdoba,NACIONAL,1987.7272350978137,moderada,6,6,31497490
2022,25862,Vergara,Cundinamarca,NACIONAL,1986.7634466622078,moderada,9,9,58403461
2022,91001,Leticia,Amazonas,NO_DEFINIDO,1984.7383614875116,moderada,7,7,70978373
2022,73854,Valle de San Juan,Tolima,TERRITORIAL,1981.508345567471,moderada,324,205,8899203734
2022,85225,Nunchía,Casanare,TERRITORIAL,1977.1213391636234,moderada,298,201,13479000850
2022,13620,San Cristóbal,Bolívar,TERRITORIAL,1964.8664446943098,moderada,145,118,11986225902
2022,05212,Copacabana,Antioquia,TERRITORIAL,1964.3626683550517,moderada,843,629,62384526411
2022,52356,Ipiales,Nariño,NO_DEFINIDO,1963.3619328821649,moderada,46,40,943686288
2022,27413,Lloró,Chocó,TERRITORIAL,1952.3464969473591,moderada,33,32,3731588173
2022,25386,La Mesa,Cundinamarca,NACIONAL,1941.3332647225684,moderada,7,7,51422059
2022,52381,La Florida,Nariño,TERRITORIAL,1922.1350435207362,moderada,838,429,14942342593
2022,20045,Becerril,Cesar,TERRITORIAL,1915.4114672661672,moderada,262,178,66872974782
2022,52210,Contadero,Nariño,TERRITORIAL,1900.500302830511,moderada,685,320,19326145964
2022,25293,Gachala,Cundinamarca,NACIONAL,1900.303521539058,moderada,387,362,41206662516
2022,18150,Cartagena del Chairá,Caquetá,TERRITORIAL,1886.671373213249,moderada,442,306,47232725199
2022,86760,Santiago,Putumayo,TERRITORIAL,1878.6637040938876,moderada,360,189,10463804474
2022,85250,Paz de Ariporo,Casanare,NACIONAL,1854.5073337692409,moderada,10,10,138700005
2022,13683,Santa Rosa,Bolívar,TERRITORIAL,1847.2252685235308,moderada,9,7,2192757172
2022,08296,Galapa,Atlántico,TERRITORIAL,1833.078596174847,moderada,665,502,100219212563
2022,08573,Puerto Colombia,Atlántico,TERRITORIAL,1830.7300424563275,moderada,525,426,47951562662
2022,08549,Piojó,Atlántico,TERRITORIAL,1796.3025566371991,moderada,278,198,18994091508
2022,15599,Ramiriquí,Boyacá,NACIONAL,1781.902831647984,moderada,7,7,10263449
2022,13062,Arroyohondo,Bolívar,TERRITORIAL,1758.416426974304,moderada,129,108,10161350827
2022,23466,Montelíbano,Córdoba,TERRITORIAL,1754.5382595392205,moderada,476,351,72949087731
2022,76364,Jamundí,Valle del Cauca,TERRITORIAL,1752.2331353538564,moderada,2040,1212,82324200113
2022,05284,Frontino,Antioquia,NACIONAL,1751.3611687999546,moderada,33,20,465659902
2022,27073,Bagadó,Chocó,TERRITORIAL,1744.4157949233909,moderada,53,26,14167022786
2022,47720,Santa Bárbara de Pinto,Magdalena,TERRITORIAL,1739.4451815893808,moderada,843,295,14580386804
2022,19809,Timbiquí,Cauca,TERRITORIAL,1733.0188146279347,moderada,138,131,6883844425
2022,20060,Bosconia,Cesar,TERRITORIAL,1728.972916336549,moderada,372,262,19117311928
2022,44090,Dibulla,La Guajira,NACIONAL,1719.50092851996,moderada,8,7,53570745
2022,05034,Andes,Antioquia,NACIONAL,1714.6542264855111,moderada,11,9,776732188
2022,25535,Pasca,Cundinamarca,NACIONAL,1713.2892713774536,moderada,11,9,44633700
2022,15185,Chitaraque,Boyacá,NACIONAL,1712.6432897867421,moderada,22,17,281928001
2022,68444,Matanza,Santander,TERRITORIAL,1709.5084820869479,moderada,293,148,12797521036
2022,52693,San Pablo,Nariño,TERRITORIAL,1700.5567812789157,moderada,724,322,17714091419
2022,27050,Atrato,Chocó,TERRITORIAL,1696.797597256431,moderada,124,20,2968044815
2022,70678,San Benito Abad,Sucre,TERRITORIAL,1695.1286936388274,moderada,305,207,47896674648
2022,08770,Suan,Atlántico,NACIONAL,1694.0984631427425,moderada,9,9,75453000
2022,05264,Entrerrios,Antioquia,TERRITORIAL,1683.9076867422325,moderada,232,173,14909197936
2022,05887,Yarumal,Antioquia,NACIONAL,1678.5865408458212,moderada,12,12,219508043
2022,70110,Buenavista,Sucre,TERRITORIAL,1676.395704952945,moderada,414,263,25276902297
2022,47745,Sitionuevo,Magdalena,TERRITORIAL,1659.9675060371992,moderada,958,542,23883785886
2022,68121,Cabrera,Santander,TERRITORIAL,1659.453242606788,moderada,177,102,5084395040
2022,05360,Itagui,Antioquia,OTRO,1658.041657130752,moderada,98,91,156331294427
2022,15693,Santa Rosa de Viterbo,Boyacá,NACIONAL,1655.9000012132703,moderada,21,13,352906750
2022,08137,Campo de la Cruz,Atlántico,TERRITORIAL,1649.315186731402,moderada,340,233,9345802568
2022,08634,Sabanagrande,Atlántico,TERRITORIAL,1638.3231116391871,moderada,534,401,11535688881
2022,70771,Sucre,Sucre,NACIONAL,1633.7541556483454,moderada,17,13,99809500
2022,08433,Malambo,Atlántico,TERRITORIAL,1617.2335646227746,moderada,1078,468,15257373669
2022,73678,San Luis,Tolima,TERRITORIAL,1603.7238550310171,moderada,434,269,27249663190
2022,73443,Mariquita,Tolima,NACIONAL,1599.6730886892963,moderada,28,27,902004936
2022,05697,El Santuario,Antioquia,TERRITORIAL,1590.4069560450414,moderada,685,425,58202497121
2022,25662,San Juan de Río Seco,Cundinamarca,TERRITORIAL,1587.5724222237795,moderada,382,248,11566113568
2022,76364,Jamundí,Valle del Cauca,NACIONAL,1579.5805274001848,moderada,40,26,3271914897
2022,52385,La Llanada,Nariño,TERRITORIAL,1577.780425817133,moderada,592,284,12319834078
2022,44078,Barrancas,La Guajira,TERRITORIAL,1576.8674029573988,moderada,575,351,113751902083
2022,73449,Melgar,Tolima,NACIONAL,1572.9498154728246,moderada,102,82,11791064245
2022,97666,Taraira,Vaupés,TERRITORIAL,1570.0621106059411,moderada,159,60,10045571151
2022,76616,Riofrío,Valle del Cauca,NACIONAL,1535.0901985647479,moderada,10,9,15960400
2022,73024,Alpujarra,Tolima,NACIONAL,1531.515193481245,moderada,10,7,39849994
2022,19785,Sucre,Cauca,TERRITORIAL,1531.0432656203589,moderada,288,175,11344916704
2022,18094,Belén de los Andaquies,Caquetá,TERRITORIAL,1529.9421190897076,moderada,463,246,19861589541
2022,73686,Santa Isabel,Tolima,TERRITORIAL,1526.0957880707513,moderada,180,126,8949302807
2022,27580,Río Iro,Chocó,TERRITORIAL,1525.6340032725245,moderada,30,20,2141721498
2022,52480,Nariño,Nariño,TERRITORIAL,1522.053836967084,moderada,383,254,16500387857
2022,50325,Mapiripán,Meta,NACIONAL,1519.858114659421,moderada,12,9,135459114
2022,05664,San Pedro,Antioquia,TERRITORIAL,1510.0869446518102,moderada,10,10,132243160
2022,54174,Chitagá,Norte de Santander,TERRITORIAL,1510.0281394582325,moderada,222,136,8937425063
2022,20001,Valledupar,Cesar,TERRITORIAL,1500.377007923371,moderada,5773,4028,1641834863548
2022,76845,Ulloa,Valle del Cauca,TERRITORIAL,1499.4809671460239,baja,83,69,1954623866
2022,27430,Medio Baudó,Chocó,TERRITORIAL,1496.6042649500102,baja,45,25,3185400479
2022,54498,Ocaña,Norte de Santander,NACIONAL,1494.37764551966,baja,35,14,403231134
2022,15861,Ventaquemada,Boyacá,TERRITORIAL,1493.387666513575,baja,380,229,20663031922
2022,23686,San Pelayo,Córdoba,TERRITORIAL,1493.3763477134694,baja,432,324,52159427653
2022,47258,El Piñon,Magdalena,TERRITORIAL,1488.7669895549684,baja,325,194,11626573147
2022,63130,Calarca,Quindío,NACIONAL,1468.3052161028124,baja,9,8,24647630
2022,05266,Envigado,Antioquia,TERRITORIAL,1461.3322072581616,baja,1548,1213,273438140100
2022,20175,Chimichagua,Cesar,TERRITORIAL,1456.6650089292007,baja,402,308,34517746931
2022,15469,Moniquirá,Boyacá,NACIONAL,1450.985256105809,baja,15,14,145535989
2022,05658,San José de la Montaña,Antioquia,TERRITORIAL,1450.135255882644,baja,41,35,453633711
2022,19513,Padilla,Cauca,TERRITORIAL,1449.7693602787829,baja,206,122,5246706154
2022,25899,Zipaquirá,Cundinamarca,TERRITORIAL,1438.6479399471148,baja,1562,1076,229734460197
2022,68322,Guapotá,Santander,TERRITORIAL,1436.907181096322,baja,145,94,4989422583
2022,81300,Fortul,Arauca,TERRITORIAL,1428.1703672172684,baja,321,187,30899205590
2022,66682,Santa Rosa de Cabal,Risaralda,NO_DEFINIDO,1427.7819354337876,baja,153,98,276221136
2022,68344,Hato,Santander,TERRITORIAL,1422.9202873435895,baja,165,107,7771143375
2022,13268,El Peñón,Bolívar,TERRITORIAL,1421.4517050654626,baja,223,170,5342284811
2022,05045,Apartadó,Antioquia,OTRO,1420.4392493685705,baja,72,56,178863305316
2022,15464,Mongua,Boyacá,TERRITORIAL,1417.5430096325674,baja,226,169,7716636801
2022,52838,Túquerres,Nariño,TERRITORIAL,1416.9190061348247,baja,550,173,12217291749
2022,25841,Ubaque,Cundinamarca,TERRITORIAL,1410.4714547063436,baja,217,143,7645819714
2022,17513,Pácora,Caldas,NACIONAL,1408.6440331202384,baja,22,15,87408392
2022,15580,Quípama,Boyacá,TERRITORIAL,1404.3493138168467,baja,280,166,24240048428
2022,05360,Itagui,Antioquia,TERRITORIAL,1402.8496042131467,baja,3445,832,580613413187
2022,76109,Buenaventura,Valle del Cauca,OTRO,1397.8208082725737,baja,21,9,4628806092
2022,23586,Purísima,Córdoba,TERRITORIAL,1388.855571999499,baja,407,270,15088042995
2022,68211,Contratación,Santander,NACIONAL,1386.1702605577586,baja,45,34,1479420259
2022,54172,Chinácota,Norte de Santander,TERRITORIAL,1378.6105817428868,baja,1113,475,37424026251
2022,19573,Puerto Tejada,Cauca,NACIONAL,1377.0031207781199,baja,23,11,79355501
2022,15676,San Miguel de Sema,Boyacá,NACIONAL,1371.7999910174763,baja,22,14,37871593
2022,13248,El Guamo,Bolívar,TERRITORIAL,1371.100577055464,baja,136,91,9113397585
2022,52411,Linares,Nariño,TERRITORIAL,1366.8880922288183,baja,666,340,20845762524
2022,05347,Heliconia,Antioquia,TERRITORIAL,1365.63699969369,baja,261,170,9755834824
2022,76890,Yotoco,Valle del Cauca,TERRITORIAL,1357.3444223038712,baja,521,327,25260442281
2022,05001,Medellín,Antioquia,OTRO,1345.8342919801478,baja,277,220,112551268527
2022,41799,Tello,Huila,TERRITORIAL,1330.2692509797798,baja,317,188,13939379618
2022,70523,Palmito,Sucre,NACIONAL,1322.075799065651,baja,21,19,368391128
2022,54874,Villa del Rosario,Norte de Santander,TERRITORIAL,1320.0948715128234,baja,1561,1225,64914798468
2022,85230,Orocué,Casanare,TERRITORIAL,1317.3852963744464,baja,546,273,25994267778
2022,15047,Aquitania,Boyacá,TERRITORIAL,1315.2680043376715,baja,374,226,14421035448
2022,20770,San Martín,Cesar,TERRITORIAL,1315.0273004434287,baja,405,278,58560071940
2022,47675,Salamina,Magdalena,TERRITORIAL,1308.3320085802561,baja,255,147,17050231797
2022,76400,La Unión,Valle del Cauca,TERRITORIAL,1306.6359833081565,baja,453,321,30776082974
2022,05789,Támesis,Antioquia,TERRITORIAL,1303.9977944744019,baja,446,246,17425518551
2022,54001,Cúcuta,Norte de Santander,OTRO,1293.0899079282856,baja,1598,1156,76716205093
2022,05501,Olaya,Antioquia,TERRITORIAL,1292.9461004546151,baja,172,112,5558077765
2022,27160,Cértegui,Chocó,TERRITORIAL,1291.213054405449,baja,68,50,3541126493
2022,19450,Mercaderes,Cauca,TERRITORIAL,1287.5641601317748,baja,235,189,7274444032
2022,81794,Tame,Arauca,TERRITORIAL,1283.8468018311398,baja,623,374,52424129717
2022,13042,Arenal,Bolívar,TERRITORIAL,1283.8182066250033,baja,146,86,4779377734
2022,68770,Suaita,Santander,NACIONAL,1278.7888190630815,baja,16,13,32867491
2022,81065,Arauquita,Arauca,TERRITORIAL,1278.0332751909227,baja,348,190,96300192789
2022,25518,Paime,Cundinamarca,TERRITORIAL,1276.1633388503503,baja,307,172,10772477717
2022,20011,Aguachica,Cesar,TERRITORIAL,1271.6348957194787,baja,696,415,51057553176
2022,50450,Puerto Concordia,Meta,TERRITORIAL,1260.6614878235491,baja,359,222,19194183040
2022,11001,Bogotá D.C.,Bogotá,OTRO,1259.9246803712217,baja,203,110,26846655868
2022,19100,Bolívar,Cauca,TERRITORIAL,1256.0965956992573,baja,396,213,19481360034
2022,52573,Puerres,Nariño,TERRITORIAL,1251.1683062536897,baja,706,306,13706356759
2022,52565,Providencia,Nariño,TERRITORIAL,1249.0991910792225,baja,574,327,12082083452
2022,13440,Margarita,Bolívar,TERRITORIAL,1248.57262601973,baja,175,126,9205674463
2022,15215,Corrales,Boyacá,TERRITORIAL,1247.2303020763484,baja,191,119,6293168578
2022,15759,Sogamoso,Boyacá,TERRITORIAL,1242.8163999154128,baja,2079,1324,172093016769
2022,44001,Riohacha,La Guajira,OTRO,1230.4744491262406,baja,134,111,44684655719
2022,68307,Girón,Santander,NACIONAL,1225.7055182008364,baja,42,18,1271675860
2022,52001,Pasto,Nariño,OTRO,1225.408629827515,baja,770,534,24523179930
2022,25580,Pulí,Cundinamarca,TERRITORIAL,1221.1704476239993,baja,168,111,5363310435
2022,13052,Arjona,Bolívar,TERRITORIAL,1217.4507638032262,baja,387,365,20406308608
2022,13688,Santa Rosa del Sur,Bolívar,TERRITORIAL,1209.5869666523438,baja,343,216,31028017400
2022,15104,Boyacá,Boyacá,TERRITORIAL,1209.169894122386,baja,284,196,12647424033
2022,52260,El Tambo,Nariño,TERRITORIAL,1206.2846870644757,baja,592,312,16427335763
2022,52520,Francisco Pizarro,Nariño,TERRITORIAL,1200.6493078276615,baja,597,324,21652054866
2022,63470,Montenegro,Quindío,NACIONAL,1200.2199170638012,baja,13,13,78285096
2022,52585,Pupiales,Nariño,TERRITORIAL,1191.752945991658,baja,676,400,19785923466
2022,73408,Lérida,Tolima,NACIONAL,1191.6676102106967,baja,216,61,2341203203
2022,05036,Angelópolis,Antioquia,TERRITORIAL,1191.4391894555301,baja,192,122,4349373433
2022,08421,Luruaco,Atlántico,TERRITORIAL,1190.935479137169,baja,687,391,15281282379
2022,44650,San Juan del Cesar,La Guajira,NACIONAL,1187.0654466278777,baja,231,109,6548819319
2022,19001,Popayán,Cauca,OTRO,1186.0200767223428,baja,10,10,37289883
2022,52323,Gualmatán,Nariño,TERRITORIAL,1183.5889318479315,baja,477,260,9352758017
2022,23162,Cereté,Córdoba,TERRITORIAL,1182.236178973774,baja,699,577,143337061134
2022,05120,Cáceres,Antioquia,TERRITORIAL,1181.4065048730772,baja,250,174,36419565322
2022,15798,Tenza,Boyacá,TERRITORIAL,1175.4492154545658,baja,131,68,3038790413
2022,76147,Cartago,Valle del Cauca,TERRITORIAL,1173.5109339050246,baja,810,527,78328569859
2022,05440,Marinilla,Antioquia,NACIONAL,1171.2816591223204,baja,458,319,50431386134
2022,19532,Patía,Cauca,TERRITORIAL,1167.880411196174,baja,555,309,37161432718
2022,70204,Coloso,Sucre,TERRITORIAL,1166.325274497682,baja,582,266,27381817105
2022,70233,El Roble,Sucre,TERRITORIAL,1160.1094085829684,baja,141,121,20419093682
2022,25307,Girardot,Cundinamarca,TERRITORIAL,1153.4899713483542,baja,1971,1223,130894564879
2022,41885,Yaguará,Huila,TERRITORIAL,1145.0317048060508,baja,344,253,21370989049
2022,50270,El Dorado,Meta,TERRITORIAL,1134.6383611949975,baja,172,130,6305734048
2022,05679,Santa Bárbara,Antioquia,TERRITORIAL,1133.2177411980795,baja,367,231,12618026765
2022,68773,Sucre,Santander,TERRITORIAL,1133.1759085415995,baja,244,136,9232006989
2022,23555,Planeta Rica,Córdoba,TERRITORIAL,1130.7685549209868,baja,270,184,56107675869
2022,25777,Supatá,Cundinamarca,TERRITORIAL,1130.7206408125667,baja,160,122,4004056838
2022,52685,San Bernardo,Nariño,TERRITORIAL,1127.1451813526755,baja,470,277,15273904632
2022,52254,El Peñol,Nariño,TERRITORIAL,1123.736483029922,baja,664,294,13849275127
2022,44098,Distracción,La Guajira,TERRITORIAL,1116.8025669789054,baja,100,62,3461377465
2022,41791,Tarqui,Huila,TERRITORIAL,1115.3456120889032,baja,316,208,10927295031
2022,15097,Boavita,Boyacá,TERRITORIAL,1111.9567721855883,baja,182,107,4490121676
2022,27372,Juradó,Chocó,TERRITORIAL,1111.8341733818158,baja,113,75,4748559041
2022,25594,Quetame,Cundinamarca,TERRITORIAL,1111.3682838131085,baja,189,121,7070665092
2022,13430,Magangué,Bolívar,TERRITORIAL,1110.0884494085285,baja,430,238,21470538400
2022,44090,Dibulla,La Guajira,TERRITORIAL,1109.9007341006547,baja,298,191,43013721905
2022,68770,Suaita,Santander,TERRITORIAL,1107.0053606068757,baja,290,196,9778058364
2022,18247,El Doncello,Caquetá,TERRITORIAL,1106.5646320457545,baja,605,343,23193064978
2022,20750,San Diego,Cesar,TERRITORIAL,1104.2299305416946,baja,545,336,17000447241
2022,66045,Apía,Risaralda,TERRITORIAL,1098.9297657725388,baja,352,202,14513739374
2022,47053,Aracataca,Magdalena,TERRITORIAL,1095.2751300164346,baja,517,278,18796542556
2022,68385,Landázuri,Santander,TERRITORIAL,1093.4245316553017,baja,323,180,12447327156
2022,13655,San Jacinto del Cauca,Bolívar,TERRITORIAL,1092.9455322522513,baja,269,179,14212023997
2022,15599,Ramiriquí,Boyacá,TERRITORIAL,1091.405690358516,baja,211,150,19269532692
2022,08675,Santa Lucía,Atlántico,TERRITORIAL,1087.5304046607032,baja,233,188,5496442726
2022,52320,Guaitarilla,Nariño,TERRITORIAL,1086.2603844093533,baja,709,349,13640692621
2022,50251,El Castillo,Meta,TERRITORIAL,1084.5401255969152,baja,217,144,10702501175
2022,73283,Fresno,Tolima,TERRITORIAL,1083.9144500940502,baja,854,427,48030485579
2022,47318,Guamal,Magdalena,TERRITORIAL,1078.4410058302633,baja,442,253,15530314192
2022,52687,San Lorenzo,Nariño,TERRITORIAL,1077.0407621372153,baja,807,405,19167600512
2022,85315,Sácama,Casanare,TERRITORIAL,1076.5575008369701,baja,154,104,5477391865
2022,15762,Sora,Boyacá,TERRITORIAL,1075.7640127119835,baja,170,126,4204116541
2022,68327,Güepsa,Santander,TERRITORIAL,1071.196668936268,baja,121,81,4466455388
2022,25871,Villagómez,Cundinamarca,TERRITORIAL,1071.0626954224638,baja,220,141,6859587321
2022,13433,Mahates,Bolívar,TERRITORIAL,1070.215374331403,baja,308,208,12241558549
2022,05321,Guatapé,Antioquia,NACIONAL,1064.4592104333224,baja,14,14,232548865
2022,54720,Sardinata,Norte de Santander,TERRITORIAL,1063.3178393976373,baja,439,257,11732092471
2022,05147,Carepa,Antioquia,NACIONAL,1054.4076450622726,baja,28,22,1203003257
2022,25019,Albán,Cundinamarca,TERRITORIAL,1052.2816089021828,baja,261,152,10243857437
2022,52720,Sapuyes,Nariño,TERRITORIAL,1052.2044358005573,baja,495,275,9094711011
2022,76895,Zarzal,Valle del Cauca,TERRITORIAL,1051.0497811993025,baja,301,164,15911130445
2022,68368,Jesús María,Santander,TERRITORIAL,1050.6377839035756,baja,168,100,9490378631
2022,05890,Yolombó,Antioquia,TERRITORIAL,1050.4636032399608,baja,1782,343,43830635310
2022,13160,Cantagallo,Bolívar,TERRITORIAL,1049.852317878921,baja,595,318,54249745815
2022,25394,La Palma,Cundinamarca,TERRITORIAL,1047.5293582807956,baja,443,306,13797290078
2022,68533,Páramo,Santander,TERRITORIAL,1043.6306490700879,baja,232,137,6525001292
2022,50124,Cabuyaro,Meta,TERRITORIAL,1041.4289575714201,baja,336,256,25693398061
2022,44650,San Juan del Cesar,La Guajira,TERRITORIAL,1039.453239728284,baja,455,322,69923506183
2022,05591,Puerto Triunfo,Antioquia,TERRITORIAL,1038.5054011979123,baja,407,207,29147355336
2022,44560,Manaure,La Guajira,TERRITORIAL,1031.1805376550008,baja,331,199,41142244481
2022,13873,Villanueva,Bolívar,TERRITORIAL,1028.5048434525258,baja,22,12,103709364
2022,13140,Calamar,Bolívar,TERRITORIAL,1025.9880597064812,baja,395,261,10616228949
2022,19212,Corinto,Cauca,TERRITORIAL,1024.1843420087719,baja,298,200,15124022512
2022,13780,Talaigua Nuevo,Bolívar,TERRITORIAL,1023.9874139554025,baja,259,145,7194583990
2022,97161,Caruru,Vaupés,TERRITORIAL,1023.3817939585333,baja,182,129,10317390566
2022,47268,El Retén,Magdalena,TERRITORIAL,1021.3727946984251,baja,345,206,26963466441
2022,25535,Pasca,Cundinamarca,TERRITORIAL,1020.9921593955563,baja,235,130,5156758280
2022,15218,Covarachía,Boyacá,TERRITORIAL,1019.9362562069172,baja,121,79,5485752889
2022,73547,Piedras,Tolima,TERRITORIAL,1019.416832085393,baja,204,112,9151948638
2022,05045,Apartadó,Antioquia,TERRITORIAL,1019.0003167745998,baja,1324,845,393397457136
2022,15180,Chiscas,Boyacá,TERRITORIAL,1017.8148087988696,baja,186,107,7809645385
2022,52051,Arboleda,Nariño,TERRITORIAL,1017.6194451000608,baja,424,235,12612927534
2022,73270,Falan,Tolima,TERRITORIAL,1016.0688000174367,baja,307,156,10286019704
2022,05306,Giraldo,Antioquia,TERRITORIAL,1011.921920931877,baja,204,135,8968864309
2022,05631,Sabaneta,Antioquia,TERRITORIAL,1009.9417441882106,baja,4037,2035,354363163463
2022,25320,Guaduas,Cundinamarca,TERRITORIAL,1009.0456179763298,baja,342,251,34094259154
2022,05887,Yarumal,Antioquia,TERRITORIAL,1005.7706280290746,baja,1376,421,73295750275
2022,05031,Amalfi,Antioquia,TERRITORIAL,1000.885577234769,baja,640,335,28447817076
2022,08078,Baranoa,Atlántico,TERRITORIAL,1000.0591511848941,baja,715,454,60870222120
2022,15189,Ciénega,Boyacá,TERRITORIAL,998.8564140361187,baja,144,115,4245997406
2022,20250,El Paso,Cesar,TERRITORIAL,998.7756256519327,baja,380,262,57305098061
2022,25095,Bituima,Cundinamarca,TERRITORIAL,998.6561501300457,baja,135,93,5884440228
2022,68684,San José de Miranda,Santander,TERRITORIAL,998.3338784128268,baja,133,92,5994055459
2022,05411,Liborina,Antioquia,TERRITORIAL,994.5328502875326,baja,225,134,6640714995
2022,25594,Quetame,Cundinamarca,NACIONAL,991.5251473762321,baja,28,19,189856074
2022,27006,Acandí,Chocó,TERRITORIAL,991.2520607530257,baja,156,80,9231921931
2022,23807,Tierralta,Córdoba,TERRITORIAL,990.9419045300683,baja,340,221,53944469519
2022,05847,Urrao,Antioquia,TERRITORIAL,990.3083049066753,baja,449,346,31051010838
2022,15226,Cuítiva,Boyacá,TERRITORIAL,988.9640778123205,baja,230,139,6317293267
2022,68298,Gambita,Santander,TERRITORIAL,988.8479209153752,baja,185,119,8637322085
2022,25286,Funza,Cundinamarca,TERRITORIAL,988.7508184256933,baja,2035,1587,234792735813
2022,50318,Guamal,Meta,TERRITORIAL,987.6488121509327,baja,500,296,24133418867
2022,25214,Cota,Cundinamarca,TERRITORIAL,984.4663567049681,baja,1675,1464,238096223973
2022,76400,La Unión,Valle del Cauca,NACIONAL,982.6254931803722,baja,16,12,82954359
2022,23500,Moñitos,Córdoba,TERRITORIAL,982.4882803717566,baja,81,53,9148636809
2022,47053,Aracataca,Magdalena,NACIONAL,980.8268675239736,baja,411,157,1596054092
2022,70124,Caimito,Sucre,TERRITORIAL,979.3274056584719,baja,311,196,26785210837
2022,05895,Zaragoza,Antioquia,TERRITORIAL,974.813915514464,baja,391,209,31451994146
2022,47707,Santa Ana,Magdalena,TERRITORIAL,972.4901551050033,baja,727,311,16833824025
2022,13222,Clemencia,Bolívar,TERRITORIAL,972.052038162966,baja,376,218,23089654409
2022,68176,Chima,Santander,TERRITORIAL,971.4974574361132,baja,195,121,6302488990
2022,47205,Concordia,Magdalena,TERRITORIAL,969.4946257684729,baja,265,196,4441092067
2022,47030,Algarrobo,Magdalena,TERRITORIAL,966.625523782205,baja,379,227,26904003785
2022,25269,Facatativá,Cundinamarca,NO_DEFINIDO,966.3103117880551,baja,172,112,4779900597
2022,27150,Carmen del Darien,Chocó,TERRITORIAL,959.3057019350598,baja,193,91,7694317459
2022,27745,Sipí,Chocó,TERRITORIAL,957.8401352966002,baja,37,23,3304221331
2022,73349,Honda,Tolima,NACIONAL,951.1146286967764,baja,20,14,68365360
2022,15491,Nobsa,Boyacá,TERRITORIAL,949.1807954019974,baja,588,407,54508007690
2022,25473,Mosquera,Cundinamarca,TERRITORIAL,944.7711405353466,baja,2004,1616,443960840246
2022,05576,Pueblorrico,Antioquia,TERRITORIAL,942.8541302307721,baja,198,127,9100266096
2022,20570,Pueblo Bello,Cesar,TERRITORIAL,942.6715016835058,baja,534,329,35135836510
2022,19364,Jambaló,Cauca,TERRITORIAL,939.3687283642031,baja,139,90,10215286274
2022,47555,Plato,Magdalena,TERRITORIAL,938.7753503418563,baja,2223,580,52609928358
2022,23670,San Andrés Sotavento,Córdoba,TERRITORIAL,937.6326005565712,baja,663,453,28471771779
2022,15131,Caldas,Boyacá,TERRITORIAL,935.0022739285109,baja,142,101,4802278779
2022,54553,Puerto Santander,Norte de Santander,TERRITORIAL,934.940508126912,baja,216,142,6161144278
2022,05353,Hispania,Antioquia,TERRITORIAL,933.126993708127,baja,238,140,10073829099
2022,68209,Confines,Santander,TERRITORIAL,928.6964438133532,baja,176,110,5218276062
2022,86573,Leguízamo,Putumayo,NACIONAL,927.039230740575,baja,38,31,5339342616
2022,68324,Guavatá,Santander,TERRITORIAL,926.600545119652,baja,239,145,7478531431
2022,20228,Curumaní,Cesar,TERRITORIAL,925.8770194470842,baja,306,176,15782420574
2022,52399,La Unión,Nariño,TERRITORIAL,923.6399943222922,baja,1435,706,44552302564
2022,08520,Palmar de Varela,Atlántico,TERRITORIAL,922.7659692154614,baja,272,226,16909223742
2022,17653,Salamina,Caldas,TERRITORIAL,920.5461001909372,baja,403,220,7183938296
2022,63190,Circasia,Quindío,NACIONAL,919.7945757884548,baja,28,21,169022622
2022,19807,Timbío,Cauca,TERRITORIAL,915.8229790183783,baja,478,255,18354764085
2022,15087,Belén,Boyacá,TERRITORIAL,915.0856539087779,baja,201,152,6327441768
2022,54223,Cucutilla,Norte de Santander,TERRITORIAL,914.723653788016,baja,427,238,14453190239
2022,17444,Marquetalia,Caldas,TERRITORIAL,914.1501164413829,baja,685,347,22638447806
2022,41357,Iquira,Huila,TERRITORIAL,913.3648004609646,baja,392,219,7699065302
2022,13458,Montecristo,Bolívar,TERRITORIAL,911.6870599433242,baja,408,231,18397392952
2022,73217,Coyaima,Tolima,TERRITORIAL,910.6812076208208,baja,539,268,27820795007
2022,25845,Une,Cundinamarca,TERRITORIAL,907.5973094339352,baja,308,204,9370157465
2022,41026,Altamira,Huila,TERRITORIAL,903.8478032896808,baja,177,109,6161148357
2022,54128,Cachirá,Norte de Santander,TERRITORIAL,900.1221196365487,baja,261,162,10645000488
2022,47288,Fundación,Magdalena,TERRITORIAL,896.8163544907903,baja,1191,607,39352679499
2022,19573,Puerto Tejada,Cauca,TERRITORIAL,896.4432348797966,baja,520,316,25594001749
2022,05154,Caucasia,Antioquia,TERRITORIAL,895.802857171241,baja,747,459,78422302004
2022,52683,Sandoná,Nariño,TERRITORIAL,894.4234454282371,baja,403,239,18740867289
2022,73055,Armero,Tolima,TERRITORIAL,893.8269864793365,baja,168,134,2708029788
2022,15276,Floresta,Boyacá,TERRITORIAL,893.3280369253072,baja,209,116,5614034520
2022,99001,Puerto Carreño,Vichada,NACIONAL,891.0175365220126,baja,368,287,35458072649
2022,25288,Fúquene,Cundinamarca,TERRITORIAL,889.5638041028159,baja,227,132,6726169293
2022,27495,Nuquí,Chocó,TERRITORIAL,887.4443744149715,baja,134,64,8939244033
2022,41801,Teruel,Huila,TERRITORIAL,886.4582022312289,baja,354,216,10449555280
2022,15425,Macanal,Boyacá,TERRITORIAL,885.622962042147,baja,243,157,15330604183
2022,50711,Vistahermosa,Meta,TERRITORIAL,884.2432927140366,baja,301,175,25125982245
2022,13670,San Pablo,Bolívar,TERRITORIAL,881.118121921294,baja,186,123,14035655383
2022,05250,El Bagre,Antioquia,TERRITORIAL,875.8495515281747,baja,595,322,68467634436
2022,19075,Balboa,Cauca,TERRITORIAL,875.4120947241146,baja,345,181,11590055456
2022,05308,Girardota,Antioquia,TERRITORIAL,872.0776540570013,baja,1195,709,261335799134
2022,54347,Herrán,Norte de Santander,TERRITORIAL,870.9501232760913,baja,184,99,7397338619
2022,70702,San Juan de Betulia,Sucre,TERRITORIAL,866.5522686051645,baja,139,94,7173793230
2022,15466,Monguí,Boyacá,TERRITORIAL,866.2922056444236,baja,136,87,4836943507
2022,05101,Ciudad Bolívar,Antioquia,TERRITORIAL,863.3434342906115,baja,215,151,10967422363
2022,15325,Guayatá,Boyacá,TERRITORIAL,862.4625541483856,baja,117,93,5880649186
2022,70215,Corozal,Sucre,TERRITORIAL,860.4425143209336,baja,459,289,32186505031
2022,20032,Astrea,Cesar,TERRITORIAL,857.6561856504882,baja,1125,390,23798356730
2022,23300,Cotorra,Córdoba,TERRITORIAL,852.5726286896163,baja,372,244,13841325111
2022,25281,Fosca,Cundinamarca,TERRITORIAL,851.2477522916229,baja,240,180,8867790183
2022,13650,San Fernando,Bolívar,TERRITORIAL,850.9810747912828,baja,50,28,4042928084
2022,41676,Santa María,Huila,TERRITORIAL,850.0744150626834,baja,230,141,6582612388
2022,13549,Pinillos,Bolívar,TERRITORIAL,846.742459576103,baja,104,98,4653440144
2022,25438,Medina,Cundinamarca,TERRITORIAL,846.2348275931136,baja,452,281,11659214982
2022,41518,Paicol,Huila,TERRITORIAL,845.4961801411664,baja,318,204,6001189305
2022,25328,Guayabal de Siquima,Cundinamarca,TERRITORIAL,844.6470444435328,baja,149,121,9659899120
2022,70235,Galeras,Sucre,TERRITORIAL,842.70991996128,baja,215,140,7119574487
2022,19050,Argelia,Cauca,TERRITORIAL,842.6554565936206,baja,359,241,17788845766
2022,68655,Sabana de Torres,Santander,TERRITORIAL,838.820879677151,baja,437,271,23713430036
2022,25335,Guayabetal,Cundinamarca,TERRITORIAL,838.4061780378427,baja,242,160,12169144303
2022,68673,San Benito,Santander,TERRITORIAL,836.2075924709613,baja,147,95,3092826002
2022,23855,Valencia,Córdoba,TERRITORIAL,835.438999330236,baja,179,127,29990860673
2022,23815,Tuchín,Córdoba,TERRITORIAL,834.9841156460418,baja,226,134,33275684301
2022,17380,La Dorada,Caldas,TERRITORIAL,834.9721359581409,baja,2438,1405,105129257381
2022,73168,Chaparral,Tolima,TERRITORIAL,825.302836531881,baja,753,426,64849677384
2022,52678,Samaniego,Nariño,TERRITORIAL,823.638270302663,baja,1153,545,21140647067
2022,08436,Manatí,Atlántico,TERRITORIAL,823.1570640969201,baja,453,266,8945691698
2022,05030,Amagá,Antioquia,TERRITORIAL,822.8488132695165,baja,328,248,37580511932
2022,25053,Arbeláez,Cundinamarca,TERRITORIAL,821.0801811281507,baja,276,211,11928264964
2022,05628,Sabanalarga,Antioquia,TERRITORIAL,814.5612903181873,baja,229,169,6902734626
2022,41349,Hobo,Huila,TERRITORIAL,814.0016872460033,baja,329,230,7743843877
2022,25718,Sasaima,Cundinamarca,TERRITORIAL,812.4732921137197,baja,255,164,7599865730
2022,76306,Ginebra,Valle del Cauca,TERRITORIAL,811.9938337951857,baja,485,276,15411322880
2022,15638,Sáchica,Boyacá,TERRITORIAL,811.7266700024821,baja,192,136,10320797138
2022,05234,Dabeiba,Antioquia,TERRITORIAL,810.6380198802572,baja,561,337,32096955958
2022,15632,Saboyá,Boyacá,TERRITORIAL,809.3108302810103,baja,291,186,9613793768
2022,15162,Cerinza,Boyacá,TERRITORIAL,808.940152766294,baja,177,105,2555073233
2022,05107,Briceño,Antioquia,TERRITORIAL,807.1089300774292,baja,438,288,18471892995
2022,05310,Gómez Plata,Antioquia,TERRITORIAL,806.8367785664643,baja,358,235,23939648124
2022,76020,Alcalá,Valle del Cauca,TERRITORIAL,804.9193974348544,baja,307,195,14481208411
2022,73268,Espinal,Tolima,TERRITORIAL,803.7872311680773,baja,1124,689,60331585321
2022,73236,Dolores,Tolima,TERRITORIAL,803.0851658676721,baja,222,134,4848906905
2022,68211,Contratación,Santander,TERRITORIAL,802.1511853846544,baja,83,56,2830124567
2022,47460,Nueva Granada,Magdalena,TERRITORIAL,800.3881542245541,baja,509,287,25157237976
2022,76318,Guacarí,Valle del Cauca,TERRITORIAL,800.3567543387069,baja,345,218,12819304562
2022,19100,Bolívar,Cauca,NACIONAL,797.6084066764444,baja,31,22,287143995
2022,68575,Puerto Wilches,Santander,TERRITORIAL,795.9439766360736,baja,438,244,55711788639
2022,66075,Balboa,Risaralda,TERRITORIAL,795.8126806474298,baja,387,222,12485592393
2022,15814,Toca,Boyacá,TERRITORIAL,795.2838857229739,baja,211,146,11340514292
2022,68255,El Playón,Santander,TERRITORIAL,793.0197111309675,baja,468,277,12930961417
2022,70771,Sucre,Sucre,TERRITORIAL,792.4366380855272,baja,740,354,13551371179
2022,68296,Galán,Santander,TERRITORIAL,789.6429962181608,baja,180,124,7914873878
2022,73347,Herveo,Tolima,TERRITORIAL,787.1920144860164,baja,384,213,8021798547
2022,15693,Santa Rosa de Viterbo,Boyacá,TERRITORIAL,786.6311748753758,baja,127,92,6221874774
2022,15172,Chinavita,Boyacá,TERRITORIAL,785.3745777768065,baja,145,85,4576070997
2022,76863,Versalles,Valle del Cauca,TERRITORIAL,782.6295760440672,baja,221,144,8779157731
2022,76869,Vijes,Valle del Cauca,TERRITORIAL,782.5179441064153,baja,371,194,9037450635
2022,73152,Casabianca,Tolima,TERRITORIAL,782.0829833599809,baja,257,141,7305578689
2022,15810,Tipacoque,Boyacá,TERRITORIAL,781.3431724002834,baja,226,145,5960846363
2022,50689,San Martín,Meta,NACIONAL,780.9479356234382,baja,31,25,166197997
2022,25398,La Peña,Cundinamarca,TERRITORIAL,779.5840555300955,baja,225,180,14689187497
2022,81736,Saravena,Arauca,NACIONAL,778.8761480375705,baja,26,24,1278902473
2022,23168,Chimá,Córdoba,TERRITORIAL,778.0232987440772,baja,235,172,11954524757
2022,25867,Vianí,Cundinamarca,TERRITORIAL,774.0162222054778,baja,169,123,6008436795
2022,23079,Buenavista,Córdoba,TERRITORIAL,773.2719650518061,baja,454,249,34774097395
2022,86001,Mocoa,Putumayo,TERRITORIAL,770.2197781740267,baja,1902,1155,218157427009
2022,15317,Guacamayas,Boyacá,TERRITORIAL,764.5486879999406,baja,243,151,8119786908
2022,94001,Inírida,Guainía,NACIONAL,763.3283122665878,baja,279,236,23414278799
2022,68152,Carcasí,Santander,TERRITORIAL,761.8240332667069,baja,124,92,4542522934
2022,66682,Santa Rosa de Cabal,Risaralda,TERRITORIAL,760.8123089082798,baja,1020,656,71515461371
2022,05885,Yalí,Antioquia,TERRITORIAL,760.0040361359969,baja,303,160,8864452455
2022,50568,Puerto Gaitán,Meta,TERRITORIAL,759.2867584248115,baja,1299,848,249967808691
2022,25339,Gutiérrez,Cundinamarca,TERRITORIAL,757.9034972163402,baja,195,112,7723600487
2022,25524,Pandi,Cundinamarca,TERRITORIAL,757.402996365796,baja,138,103,5255463925
2022,23417,Lorica,Córdoba,TERRITORIAL,756.941286994804,baja,835,655,76537735729
2022,68264,Encino,Santander,TERRITORIAL,752.6808428769035,baja,162,101,4752578481
2022,19548,Piendamó,Cauca,TERRITORIAL,749.9418920351528,baja,919,558,29364118042
2022,25817,Tocancipá,Cundinamarca,TERRITORIAL,745.6608873124495,baja,972,836,189967183691
2022,68320,Guadalupe,Santander,TERRITORIAL,743.6403008799163,baja,146,99,8539201941
2022,05044,Anza,Antioquia,TERRITORIAL,740.6394974158784,baja,259,150,10612212455
2022,73352,Icononzo,Tolima,TERRITORIAL,740.2063961361848,baja,261,165,5326046273
2022,25035,Anapoima,Cundinamarca,TERRITORIAL,739.3729788355635,baja,476,304,30839694425
2022,73483,Natagaima,Tolima,TERRITORIAL,739.0363832738508,baja,164,120,3093866764
2022,50150,Castilla la Nueva,Meta,TERRITORIAL,738.3837011490258,baja,557,349,68588630198
2022,05665,San Pedro de Uraba,Antioquia,TERRITORIAL,737.9426707418826,baja,308,222,26873036351
2022,81591,Puerto Rondón,Arauca,TERRITORIAL,737.8798123283352,baja,118,58,2983844083
2022,68895,Zapatoca,Santander,TERRITORIAL,737.4866571174994,baja,163,101,6587013894
2022,52378,La Cruz,Nariño,NACIONAL,737.3921442618451,baja,37,35,310799149
2022,47660,Sabanas de San Angel,Magdalena,TERRITORIAL,735.3543438281312,baja,725,328,20234244475
2022,19821,Toribio,Cauca,TERRITORIAL,728.826914437614,baja,371,241,25512609823
2022,25299,Gama,Cundinamarca,TERRITORIAL,727.5823232613534,baja,167,94,6538369653
2022,23068,Ayapel,Córdoba,TERRITORIAL,723.8275703406848,baja,419,237,35722825425
2022,27245,El Carmen de Atrato,Chocó,TERRITORIAL,723.7711454924441,baja,157,99,7095487786
2022,19622,Rosas,Cauca,TERRITORIAL,723.3945227543156,baja,406,212,8964830868
2022,73352,Icononzo,Tolima,NACIONAL,721.6688810950068,baja,58,27,320418241
2022,25754,Soacha,Cundinamarca,TERRITORIAL,712.8818000592478,baja,7178,4480,438875818217
2022,15673,San Mateo,Boyacá,TERRITORIAL,710.8049718628452,baja,87,62,3804630325
2022,15755,Socotá,Boyacá,TERRITORIAL,710.7043562727379,baja,174,139,7235358280
2022,17616,Risaralda,Caldas,NACIONAL,709.4399516391226,baja,192,144,99330864759
2022,73148,Carmen de Apicalá,Tolima,TERRITORIAL,709.3933326290411,baja,503,287,14022316866
2022,63190,Circasia,Quindío,TERRITORIAL,708.7194909140426,baja,736,430,15352355702
2022,19110,Buenos Aires,Cauca,TERRITORIAL,705.3121799413939,baja,375,224,19154517776
2022,25805,Tibacuy,Cundinamarca,TERRITORIAL,704.1527427571328,baja,207,139,5586054131
2022,41660,Saladoblanco,Huila,TERRITORIAL,703.3304284164016,baja,563,295,11046101587
2022,73030,Ambalema,Tolima,NACIONAL,703.1685583779984,baja,39,25,673605477
2022,05002,Abejorral,Antioquia,TERRITORIAL,702.653957916413,baja,365,204,15791665560
2022,05490,Necoclí,Antioquia,TERRITORIAL,701.1609407068503,baja,858,350,146572906487
2022,54520,Pamplonita,Norte de Santander,TERRITORIAL,699.7474249213215,baja,227,135,8272104527
2022,18001,Florencia,Caquetá,NACIONAL,699.6185768710874,baja,502,396,88250694006
2022,19022,Almaguer,Cauca,TERRITORIAL,698.4420325123468,baja,283,174,12457646621
2022,13001,Cartagena,Bolívar,OTRO,698.4013613480118,baja,195,185,144720541078
2022,25506,Venecia,Cundinamarca,TERRITORIAL,697.4450398910745,baja,159,111,4214720149
2022,25040,Anolaima,Cundinamarca,TERRITORIAL,696.8646141207769,baja,239,160,6770918864
2022,73624,Rovira,Tolima,TERRITORIAL,695.9634296662822,baja,597,363,21271400553
2022,66383,La Celia,Risaralda,TERRITORIAL,693.0878647722977,baja,249,152,5883141690
2022,05042,Santafé de Antioquia,Antioquia,TERRITORIAL,691.3251136371263,baja,531,360,53976972712
2022,76616,Riofrío,Valle del Cauca,TERRITORIAL,687.6687655037172,baja,321,244,10520675655
2022,05240,Ebéjico,Antioquia,TERRITORIAL,687.02022300875,baja,259,165,7990772193
2022,68425,Macaravita,Santander,TERRITORIAL,684.5897703021984,baja,153,90,5549726463
2022,15542,Pesca,Boyacá,TERRITORIAL,684.2934967060615,baja,217,143,7239432749
2022,17442,Marmato,Caldas,TERRITORIAL,683.5198225809066,baja,425,240,16756354478
2022,70473,Morroa,Sucre,TERRITORIAL,683.1700119652533,baja,415,258,18161104972
2022,25823,Topaipí,Cundinamarca,TERRITORIAL,681.3653060139294,baja,211,121,4391846518
2022,25430,Madrid,Cundinamarca,NACIONAL,677.8759329985742,baja,78,70,5958841869
2022,41298,Garzón,Huila,TERRITORIAL,677.0000673347066,baja,748,497,45844973106
2022,47161,Cerro San Antonio,Magdalena,TERRITORIAL,676.652050553708,baja,139,106,1721230572
2022,05051,Arboletes,Antioquia,TERRITORIAL,676.3660143147513,baja,656,353,39050461219
2022,73030,Ambalema,Tolima,TERRITORIAL,676.190618241799,baja,227,146,4897741071
2022,68689,San Vicente de Chucurí,Santander,TERRITORIAL,675.6735601685419,baja,475,286,34812519966
2022,27205,Condoto,Chocó,TERRITORIAL,675.3815546437276,baja,17,17,181462768
2022,76622,Roldanillo,Valle del Cauca,TERRITORIAL,674.0619154768349,baja,77,48,1489447351
2022,25530,Paratebueno,Cundinamarca,TERRITORIAL,673.892113035023,baja,389,248,7977376913
2022,19142,Caloto,Cauca,TERRITORIAL,673.7399504860966,baja,427,246,26169387430
2022,66456,Mistrató,Risaralda,TERRITORIAL,673.728666951949,baja,484,282,19579104800
2022,86001,Mocoa,Putumayo,NACIONAL,673.6821478986427,baja,714,444,48253412623
2022,70215,Corozal,Sucre,NACIONAL,673.5192209192968,baja,48,44,4261435017
2022,15550,Pisba,Boyacá,TERRITORIAL,672.9593668277666,baja,219,159,6404150496
2022,20400,La Jagua de Ibirico,Cesar,TERRITORIAL,672.9593478370463,baja,691,493,111227383031
2022,52233,Cumbitara,Nariño,TERRITORIAL,672.7821695327136,baja,566,292,21972959922
2022,47692,San Sebastián de Buenavista,Magdalena,TERRITORIAL,671.772303593962,baja,478,220,12385789611
2022,63111,Buenavista,Quindío,TERRITORIAL,671.3226165175906,baja,333,173,3604892845
2022,73024,Alpujarra,Tolima,TERRITORIAL,671.1620505029626,baja,240,121,4334335459
2022,08758,Soledad,Atlántico,NACIONAL,667.4613876160741,baja,344,219,63459535912
2022,54003,Abrego,Norte de Santander,TERRITORIAL,667.2936244148495,baja,999,426,27180606301
2022,15187,Chivatá,Boyacá,TERRITORIAL,666.9706403196542,baja,183,128,6674694237
2022,05197,Cocorná,Antioquia,TERRITORIAL,666.7538788324016,baja,334,261,10522040058
2022,05172,Chigorodó,Antioquia,TERRITORIAL,664.0908061667517,baja,581,343,39505405535
2022,23672,San Antero,Córdoba,TERRITORIAL,663.907368675849,baja,668,343,84774284225
2022,15753,Soatá,Boyacá,TERRITORIAL,663.0059106104432,baja,546,286,24521746661
2022,08849,Usiacurí,Atlántico,TERRITORIAL,662.8156900850579,baja,636,217,4961995445
2022,68001,Bucaramanga,Santander,NACIONAL,662.4738551958217,baja,3492,2929,579291571316
2022,05148,El Carmen de Viboral,Antioquia,TERRITORIAL,661.8521117221444,baja,565,415,77244868712
2022,54313,Gramalote,Norte de Santander,TERRITORIAL,660.9601946797898,baja,244,126,4766309130
2022,18205,Curillo,Caquetá,TERRITORIAL,660.4940431356479,baja,158,104,7596406470
2022,73671,Saldaña,Tolima,TERRITORIAL,659.7435197366403,baja,749,358,15903054316
2022,15380,La Capilla,Boyacá,TERRITORIAL,658.5339655061908,baja,147,105,2504374805
2022,05792,Tarso,Antioquia,TERRITORIAL,656.9310598931064,baja,388,216,7501236218
2022,50573,Puerto López,Meta,TERRITORIAL,655.9753124167299,baja,677,498,49591048304
2022,70230,Chalán,Sucre,TERRITORIAL,654.8849722789134,baja,151,123,8052745993
2022,25178,Chipaque,Cundinamarca,TERRITORIAL,654.8183984195729,baja,385,255,25250301940
2022,81736,Saravena,Arauca,TERRITORIAL,654.7444776049523,baja,414,268,49605719806
2022,19533,Piamonte,Cauca,TERRITORIAL,650.5886939184412,baja,233,140,6941079383
2022,25293,Gachala,Cundinamarca,TERRITORIAL,650.3659062335455,baja,294,186,11461939633
2022,52083,Belén,Nariño,TERRITORIAL,649.0099455952343,baja,405,237,7156577560
2022,50350,La Macarena,Meta,TERRITORIAL,645.7869820409736,baja,292,190,18687978116
2022,23189,Ciénaga de Oro,Córdoba,TERRITORIAL,645.2470321150194,baja,561,373,32372832739
2022,13654,San Jacinto,Bolívar,TERRITORIAL,645.225742500206,baja,314,245,8826043373
2022,15296,Gameza,Boyacá,TERRITORIAL,643.6757871942597,baja,244,167,7669991038
2022,66594,Quinchía,Risaralda,TERRITORIAL,641.9756627403244,baja,428,257,21134406313
2022,13600,Río Viejo,Bolívar,TERRITORIAL,639.3861736754101,baja,211,157,8284877616
2022,70429,Majagual,Sucre,TERRITORIAL,639.2140815422737,baja,707,391,22895367312
2022,25001,Agua de Dios,Cundinamarca,TERRITORIAL,639.0995294786325,baja,1061,807,87475518022
2022,66001,Pereira,Risaralda,OTRO,638.2873643174481,baja,1008,679,53944539611
2022,25649,San Bernardo,Cundinamarca,TERRITORIAL,637.2593715479325,baja,220,140,6491447783
2022,05125,Caicedo,Antioquia,TERRITORIAL,637.1680014455143,baja,288,199,9087931198
2022,99773,Cumaribo,Vichada,TERRITORIAL,632.8061139607516,baja,491,303,38550075495
2022,68861,Vélez,Santander,TERRITORIAL,629.8727312455187,baja,354,247,30186421818
2022,85162,Monterrey,Casanare,TERRITORIAL,627.2541214809827,baja,445,347,53474463048
2022,19780,Suárez,Cauca,TERRITORIAL,627.1421325062502,baja,189,146,12015520507
2022,47189,Ciénaga,Magdalena,TERRITORIAL,623.8046990398934,baja,1885,1264,115727790088
2022,68307,Girón,Santander,TERRITORIAL,623.6868985256818,baja,1654,1078,65491507708
2022,27135,El Cantón del San Pablo,Chocó,TERRITORIAL,619.5101525460705,baja,157,82,7665225424
2022,25815,Tocaima,Cundinamarca,TERRITORIAL,618.8034604496968,baja,867,580,19301889396
2022,13667,San Martín de Loba,Bolívar,TERRITORIAL,618.3879289531245,baja,314,171,12609278037
2022,23570,Pueblo Nuevo,Córdoba,TERRITORIAL,616.7094446391515,baja,345,215,53181458265
2022,70221,Coveñas,Sucre,NACIONAL,616.2633539641733,baja,47,42,2755862053
2022,17388,La Merced,Caldas,TERRITORIAL,613.5367910704829,baja,352,209,7140998089
2022,68081,Barrancabermeja,Santander,TERRITORIAL,612.4743727779854,baja,1959,1271,102411083298
2022,15790,Tasco,Boyacá,TERRITORIAL,612.1480495848652,baja,242,137,7208675907
2022,52473,Mosquera,Nariño,TERRITORIAL,611.9110851679916,baja,532,223,14182871344
2022,19397,La Vega,Cauca,TERRITORIAL,610.5032724951843,baja,311,236,17242898257
2022,15757,Socha,Boyacá,TERRITORIAL,610.4362387834782,baja,288,188,11794292662
2022,15480,Muzo,Boyacá,TERRITORIAL,609.3195912662732,baja,264,173,11600894890
2022,85430,Trinidad,Casanare,TERRITORIAL,609.2670637299987,baja,277,185,20064790448
2022,15763,Sotaquirá,Boyacá,TERRITORIAL,609.0522583648278,baja,270,185,9984714285
2022,15740,Siachoque,Boyacá,TERRITORIAL,608.5796681538114,baja,234,183,11886724972
2022,19455,Miranda,Cauca,TERRITORIAL,605.45397839144,baja,421,313,15391345053
2022,68051,Aratoca,Santander,TERRITORIAL,603.1097341425009,baja,322,221,10699232786
2022,25851,Útica,Cundinamarca,TERRITORIAL,601.9733521117545,baja,207,131,4896530009
2022,15500,Oicatá,Boyacá,TERRITORIAL,600.0176219995689,baja,156,111,5626599180
2022,54599,Ragonvalia,Norte de Santander,TERRITORIAL,599.9139793393564,baja,215,138,5295782455
2022,20614,Río de Oro,Cesar,TERRITORIAL,599.618075678982,baja,316,219,8302452378
2022,18756,Solano,Caquetá,NACIONAL,598.9315985921294,baja,165,131,14712569283
2022,68229,Curití,Santander,TERRITORIAL,598.433229192789,baja,307,204,11954866656
2022,25402,La Vega,Cundinamarca,TERRITORIAL,597.0201849520009,baja,704,523,27056147824
2022,68679,San Gil,Santander,TERRITORIAL,595.8854274531432,baja,1009,646,70381548748
2022,52354,Imués,Nariño,NACIONAL,595.5847242654999,baja,474,247,13959136547
2022,68079,Barichara,Santander,TERRITORIAL,595.4814420762942,baja,575,281,18365057158
2022,25317,Guachetá,Cundinamarca,TERRITORIAL,594.2756623789647,baja,114,108,2617660938
2022,23660,Sahagún,Córdoba,TERRITORIAL,591.5051749723879,baja,599,381,81690232513
2022,25151,Caqueza,Cundinamarca,TERRITORIAL,590.5409643045854,baja,643,395,37693111080
2022,15839,Tutazá,Boyacá,NACIONAL,590.0598168030951,baja,38,30,161598730
2022,85136,La Salina,Casanare,TERRITORIAL,589.4987498150465,baja,204,110,4558739010
2022,05145,Caramanta,Antioquia,TERRITORIAL,586.3345580305919,baja,204,129,4710551775
2022,25260,El Rosal,Cundinamarca,TERRITORIAL,584.9920838404449,baja,394,301,27563921391
2022,41001,Neiva,Huila,NO_DEFINIDO,584.901363089779,baja,173,116,4095681439
2022,76403,La Victoria,Valle del Cauca,TERRITORIAL,584.1512331740946,baja,305,171,14585718008
2022,50577,Puerto Lleras,Meta,TERRITORIAL,583.9224452259523,baja,237,128,8277894129
2022,73124,Cajamarca,Tolima,TERRITORIAL,582.0430920695098,baja,747,399,20472980894
2022,41319,Guadalupe,Huila,TERRITORIAL,578.569818921012,baja,410,237,14647988450
2022,73520,Palocabildo,Tolima,TERRITORIAL,578.4235635764699,baja,333,217,9252805283
2022,68755,Socorro,Santander,TERRITORIAL,578.0458257405115,baja,594,397,75594323994
2022,20400,La Jagua de Ibirico,Cesar,NACIONAL,577.1302512785209,baja,46,32,1134582920
2022,15776,Sutamarchán,Boyacá,TERRITORIAL,576.3411198851402,baja,156,104,4816287160
2022,05649,San Carlos,Antioquia,TERRITORIAL,576.175891713908,baja,410,327,26736596074
2022,25898,Zipacón,Cundinamarca,TERRITORIAL,576.023689990819,baja,163,127,4576334258
2022,95001,San José del Guaviare,Guaviare,TERRITORIAL,575.1790743245779,baja,3577,2016,383070937636
2022,54673,San Cayetano,Norte de Santander,TERRITORIAL,574.3338519740408,baja,362,233,11178682920
2022,66687,Santuario,Risaralda,TERRITORIAL,572.3645090839441,baja,307,192,9245711235
2022,52490,Olaya Herrera,Nariño,TERRITORIAL,572.3155678139857,baja,704,372,29352804038
2022,05318,Guarne,Antioquia,TERRITORIAL,570.1319335945267,baja,992,702,75158580599
2022,68370,Jordán,Santander,TERRITORIAL,569.6708032694537,baja,121,94,4005061868
2022,05113,Buriticá,Antioquia,TERRITORIAL,569.1087696903307,baja,412,246,15575404540
2022,68020,Albania,Santander,TERRITORIAL,568.4228935558276,baja,185,131,5740057198
2022,25326,Guatavita,Cundinamarca,TERRITORIAL,566.2031430705258,baja,373,300,11481428777
2022,05837,Turbo,Antioquia,TERRITORIAL,565.6354150615579,baja,610,467,132967261719
2022,19300,Guachené,Cauca,TERRITORIAL,565.0794811040691,baja,552,298,15341420191
2022,85010,Aguazul,Casanare,TERRITORIAL,564.6391795063021,baja,1389,835,118199304498
2022,15272,Firavitoba,Boyacá,TERRITORIAL,560.6538484947711,baja,237,150,6826933783
2022,05321,Guatapé,Antioquia,TERRITORIAL,560.2963268790921,baja,642,392,79359632324
2022,15531,Pauna,Boyacá,TERRITORIAL,560.0343536000254,baja,263,165,9537087617
2022,15185,Chitaraque,Boyacá,TERRITORIAL,558.8341652476337,baja,180,122,4992787782
2022,15518,Pajarito,Boyacá,TERRITORIAL,558.276454094128,baja,154,80,2990948954
2022,25658,San Francisco,Cundinamarca,TERRITORIAL,557.9167516936348,baja,341,243,10640576969
2022,18753,San Vicente del Caguán,Caquetá,TERRITORIAL,557.7755936612313,baja,468,304,28705712806
2022,41797,Tesalia,Huila,TERRITORIAL,557.0464656782564,baja,409,226,6518062291
2022,54670,San Calixto,Norte de Santander,TERRITORIAL,556.1811747252588,baja,289,176,13448298232
2022,70820,Santiago de Tolú,Sucre,TERRITORIAL,556.0136080493993,baja,362,253,29155796364
2022,05495,Nechí,Antioquia,TERRITORIAL,555.8222697928446,baja,395,261,29816189596
2022,68418,Los Santos,Santander,TERRITORIAL,555.6237181070112,baja,239,177,16807279763
2022,15660,San Eduardo,Boyacá,TERRITORIAL,554.9450369483934,baja,160,95,3009861380
2022,15090,Berbeo,Boyacá,TERRITORIAL,554.2999148906465,baja,198,123,3320385506
2022,15835,Turmequé,Boyacá,TERRITORIAL,553.8999903794614,baja,215,126,3938393332
2022,05697,El Santuario,Antioquia,NACIONAL,551.0968131670984,baja,496,288,68900155809
2022,41349,Hobo,Huila,NACIONAL,550.8372061248353,baja,31,27,441403763
2022,70235,Galeras,Sucre,NACIONAL,550.7124885918581,baja,36,27,479682366
2022,19824,Totoró,Cauca,TERRITORIAL,549.0658258651519,baja,174,138,7782847661
2022,23182,Chinú,Córdoba,TERRITORIAL,548.9158848222933,baja,362,272,34744383465
2022,41872,Villavieja,Huila,TERRITORIAL,548.8964521175672,baja,401,197,4802730350
2022,25181,Choachí,Cundinamarca,TERRITORIAL,547.3499292886944,baja,246,201,19031474893
2022,15764,Soracá,Boyacá,TERRITORIAL,545.8900780904421,baja,226,172,6513545298
2022,50683,San Juan de Arama,Meta,TERRITORIAL,544.9611657882882,baja,240,129,7677349960
2022,19130,Cajibío,Cauca,TERRITORIAL,544.0276444176584,baja,240,198,14440913187
2022,05674,San Vicente,Antioquia,TERRITORIAL,543.2342288545985,baja,369,236,14290812372
2022,19256,El Tambo,Cauca,TERRITORIAL,541.4895269218731,baja,430,239,19172845492
2022,47980,Zona Bananera,Magdalena,TERRITORIAL,541.2624486632442,baja,646,390,18006528944
2022,68179,Chipatá,Santander,TERRITORIAL,540.1492347892009,baja,168,124,5197331023
2022,86571,Puerto Guzmán,Putumayo,TERRITORIAL,539.9905565059884,baja,749,290,19168570338
2022,15476,Motavita,Boyacá,TERRITORIAL,538.9970340138681,baja,296,198,6384195031
2022,05004,Abriaquí,Antioquia,TERRITORIAL,538.3544449171852,baja,155,97,4330001575
2022,05893,Yondó,Antioquia,TERRITORIAL,538.0754305077514,baja,589,421,46860811338
2022,15720,Sativanorte,Boyacá,TERRITORIAL,537.8277219297254,baja,129,89,3891774576
2022,25769,Subachoque,Cundinamarca,TERRITORIAL,536.3853049508388,baja,264,207,12051205278
2022,17495,Norcasia,Caldas,TERRITORIAL,534.8302517384299,baja,606,308,12312862553
2022,25873,Villapinzón,Cundinamarca,TERRITORIAL,533.685032864523,baja,345,253,14027981388
2022,25653,San Cayetano,Cundinamarca,TERRITORIAL,533.5333493691647,baja,189,94,3418224777
2022,15897,Zetaquira,Boyacá,TERRITORIAL,532.2559475096956,baja,325,196,12668024073
2022,68524,Palmas del Socorro,Santander,TERRITORIAL,531.5296055058288,baja,129,103,3705197023
2022,52352,Iles,Nariño,TERRITORIAL,530.6892512385332,baja,619,335,12367246435
2022,70670,Sampués,Sucre,TERRITORIAL,530.479120395413,baja,916,402,28440300332
2022,15572,Puerto Boyacá,Boyacá,TERRITORIAL,528.4816113240896,baja,1335,704,133397093954
2022,97001,Mitú,Vaupés,TERRITORIAL,527.3610084925979,baja,1892,1270,167531804021
2022,05480,Mutatá,Antioquia,TERRITORIAL,527.0346866980028,baja,437,253,19756707660
2022,76100,Bolívar,Valle del Cauca,NACIONAL,526.969909623383,baja,26,26,130827879
2022,25224,Cucunubá,Cundinamarca,TERRITORIAL,526.8724703977346,baja,328,237,11838491710
2022,19693,San Sebastián,Cauca,TERRITORIAL,526.459720423521,baja,249,170,8395671677
2022,15761,Somondoco,Boyacá,TERRITORIAL,525.1508539566671,baja,178,106,4328556644
2022,41078,Baraya,Huila,TERRITORIAL,524.4318116474717,baja,360,223,13128955886
2022,25320,Guaduas,Cundinamarca,NACIONAL,523.5728258283065,baja,225,142,6307423302
2022,41524,Palermo,Huila,TERRITORIAL,522.1626333761734,baja,890,559,44585260294
2022,73870,Villahermosa,Tolima,TERRITORIAL,520.4506718797568,baja,257,146,5854645777
2022,05313,Granada,Antioquia,TERRITORIAL,520.083269942079,baja,266,207,14232104829
2022,15681,San Pablo de Borbur,Boyacá,TERRITORIAL,518.1435004055468,baja,176,117,8282226102
2022,08001,Barranquilla,Atlántico,NACIONAL,517.8249492510238,baja,3287,2824,626190131916
2022,15533,Paya,Boyacá,TERRITORIAL,517.3222286267151,baja,300,212,6433971124
2022,76233,Dagua,Valle del Cauca,TERRITORIAL,517.0070385038435,baja,744,433,26342493339
2022,70823,Tolú Viejo,Sucre,NACIONAL,516.5327543777452,baja,77,74,557375953
2022,25645,San Antonio del Tequendama,Cundinamarca,TERRITORIAL,514.5710080089914,baja,491,297,11492671279
2022,20238,El Copey,Cesar,TERRITORIAL,513.381380907605,baja,585,398,29136978594
2022,15092,Betéitiva,Boyacá,TERRITORIAL,513.2757341801056,baja,184,123,4004898349
2022,15022,Almeida,Boyacá,TERRITORIAL,512.8400133648167,baja,123,70,2716743556
2022,47570,Puebloviejo,Magdalena,TERRITORIAL,511.85714641136224,baja,594,329,6455675226
2022,05055,Argelia,Antioquia,TERRITORIAL,511.3753861672748,baja,209,150,6448673645
2022,76246,El Cairo,Valle del Cauca,TERRITORIAL,510.1132876308937,baja,192,140,7126939838
2022,19290,Florencia,Cauca,TERRITORIAL,509.8974716384656,baja,132,79,3001742009
2022,68682,San Joaquín,Santander,TERRITORIAL,509.4161405247915,baja,137,82,2695895213
2022,19743,Silvia,Cauca,TERRITORIAL,509.2974479252664,baja,335,199,15245219991
2022,15109,Buenavista,Boyacá,TERRITORIAL,509.0073080524836,baja,213,131,8057156373
2022,68167,Charalá,Santander,TERRITORIAL,507.69827034439203,baja,342,198,11200239320
2022,15051,Arcabuco,Boyacá,TERRITORIAL,506.31694616712656,baja,181,140,4313221402
2022,68432,Málaga,Santander,TERRITORIAL,503.83251872162765,baja,443,267,34017520955
2022,19760,Sotara,Cauca,TERRITORIAL,503.6887127977557,baja,223,122,5392968507
2022,25426,Macheta,Cundinamarca,TERRITORIAL,500.8312976397255,baja,254,169,8716967721
2022,05475,Murindó,Antioquia,TERRITORIAL,500.81382196802673,baja,280,148,13536010945
2022,54206,Convención,Norte de Santander,TERRITORIAL,500.8049295184461,baja,313,165,10807842752
2022,15377,Labranzagrande,Boyacá,TERRITORIAL,499.28280236773315,baja,280,171,8751772509
2022,15244,El Cocuy,Boyacá,TERRITORIAL,499.0496200647367,baja,236,156,9431517226
2022,76054,Argelia,Valle del Cauca,TERRITORIAL,497.2125975109045,baja,227,141,3733838935
2022,05604,Remedios,Antioquia,TERRITORIAL,495.57989768690254,baja,1199,395,29674823237
2022,47245,El Banco,Magdalena,TERRITORIAL,494.9800621204369,baja,2129,737,41286467146
2022,41359,Isnos,Huila,TERRITORIAL,493.9263740575281,baja,617,301,19931928137
2022,15362,Iza,Boyacá,TERRITORIAL,493.45830021449916,baja,159,93,3377151277
2022,76622,Roldanillo,Valle del Cauca,NACIONAL,493.34097215531233,baja,373,239,17244628233
2022,50006,Acacías,Meta,TERRITORIAL,492.79097442745666,baja,1654,924,147307698586
2022,94001,Inírida,Guainía,TERRITORIAL,491.27452633430175,baja,1701,1289,234235060042
2022,73268,Espinal,Tolima,NACIONAL,490.60784269655875,baja,414,268,12677773038
2022,41306,Gigante,Huila,TERRITORIAL,490.02585831893225,baja,447,295,14127686491
2022,81001,Arauca,Arauca,NACIONAL,488.21124688166265,baja,458,395,58108876340
2022,15183,Chita,Boyacá,TERRITORIAL,487.4673891348574,baja,204,145,4393867784
2022,91001,Leticia,Amazonas,NACIONAL,487.20760064673874,baja,409,310,36697606787
2022,08372,Juan de Acosta,Atlántico,TERRITORIAL,486.78066898909395,baja,324,235,7618289459
2022,05380,La Estrella,Antioquia,TERRITORIAL,486.76387359348814,baja,2147,881,80814456046
2022,18592,Puerto Rico,Caquetá,TERRITORIAL,485.2107215470206,baja,233,159,12354197246
2022,25596,Quipile,Cundinamarca,TERRITORIAL,484.8987190225789,baja,219,139,7497817977
2022,76834,Tuluá,Valle del Cauca,TERRITORIAL,484.2566292131239,baja,2897,1901,146518542370
2022,68468,Molagavita,Santander,TERRITORIAL,484.0812108969433,baja,181,131,6676467612
2022,50006,Acacías,Meta,NACIONAL,483.76998567702776,baja,227,121,6726774148
2022,41668,San Agustín,Huila,TERRITORIAL,482.3981508669839,baja,663,347,22872294576
2022,76250,El Dovio,Valle del Cauca,TERRITORIAL,479.7219101415523,baja,288,178,5624862335
2022,15686,Santana,Boyacá,TERRITORIAL,479.14564302553805,baja,235,133,7246426245
2022,25322,Guasca,Cundinamarca,TERRITORIAL,478.9161632018048,baja,392,326,24957759992
2022,76100,Bolívar,Valle del Cauca,TERRITORIAL,478.7451976427744,baja,383,186,9132876519
2022,47960,Zapayán,Magdalena,TERRITORIAL,478.0199706356709,baja,453,238,9214825696
2022,05670,San Roque,Antioquia,TERRITORIAL,475.2020716262513,baja,353,195,14468972157
2022,08770,Suan,Atlántico,TERRITORIAL,474.0493909299752,baja,267,197,2029095600
2022,68271,Florián,Santander,TERRITORIAL,472.54336440566976,baja,343,210,12967690362
2022,52696,Santa Bárbara,Nariño,TERRITORIAL,472.3176989157793,baja,602,274,16773590780
2022,76111,Guadalajara de Buga,Valle del Cauca,TERRITORIAL,471.9171776327939,baja,2458,1482,58988640105
2022,05282,Fredonia,Antioquia,TERRITORIAL,471.12083798658205,baja,520,281,12800763755
2022,68502,Onzaga,Santander,TERRITORIAL,470.678777877954,baja,202,138,6313078275
2022,15135,Campohermoso,Boyacá,TERRITORIAL,470.66911948693934,baja,191,128,5634098144
2022,25407,Lenguazaque,Cundinamarca,TERRITORIAL,470.18891231414426,baja,158,142,6097079590
2022,95200,Miraflores,Guaviare,TERRITORIAL,468.7203360357375,baja,226,134,7799403481
2022,52694,San Pedro de Cartago,Nariño,TERRITORIAL,467.1571946965861,baja,559,250,7452176806
2022,15696,Santa Sofía,Boyacá,TERRITORIAL,466.9910901811721,baja,205,109,6033871411
2022,05400,La Unión,Antioquia,TERRITORIAL,466.76010562931606,baja,147,108,2949129792
2022,52317,Guachucal,Nariño,TERRITORIAL,465.2316621187777,baja,620,332,14253041672
2022,52885,Yacuanquer,Nariño,TERRITORIAL,461.852275295321,baja,522,294,8654953073
2022,68549,Pinchote,Santander,TERRITORIAL,461.6583529632759,baja,231,126,5970723790
2022,50287,Fuente de Oro,Meta,TERRITORIAL,459.05373058284744,baja,382,208,9741007389
2022,68245,El Guacamayo,Santander,TERRITORIAL,458.3271255009053,baja,166,93,2726327072
2022,85440,Villanueva,Casanare,TERRITORIAL,457.92263327466696,baja,527,333,47538788040
2022,05736,Segovia,Antioquia,TERRITORIAL,457.07814386009113,baja,392,199,5408234957
2022,76243,El Águila,Valle del Cauca,TERRITORIAL,454.89647325164026,baja,254,134,3668496517
2022,73873,Villarrica,Tolima,TERRITORIAL,454.7749972222629,baja,281,167,7483826854
2022,68464,Mogotes,Santander,TERRITORIAL,454.76639601676766,baja,373,216,10487502756
2022,15664,San José de Pare,Boyacá,TERRITORIAL,454.0249871078454,baja,159,114,5305702271
2022,25269,Facatativá,Cundinamarca,NACIONAL,453.4810401698628,baja,212,153,34974189860
2022,27600,Río Quito,Chocó,TERRITORIAL,453.137857942014,baja,118,78,5280952634
2022,54344,Hacarí,Norte de Santander,TERRITORIAL,451.7824710701193,baja,161,121,7906055241
2022,27099,Bojaya,Chocó,TERRITORIAL,451.6983739539169,baja,310,111,14153089626
2022,76041,Ansermanuevo,Valle del Cauca,TERRITORIAL,449.8358579460807,baja,257,165,10181525246
2022,15723,Sativasur,Boyacá,TERRITORIAL,449.62382792853117,baja,113,89,3057413599
2022,85325,San Luis de Palenque,Casanare,TERRITORIAL,449.2048789745411,baja,290,182,10950286779
2022,15839,Tutazá,Boyacá,TERRITORIAL,448.40105111644436,baja,91,72,2467346697
2022,17446,Marulanda,Caldas,TERRITORIAL,448.38842677641384,baja,203,139,4051917997
2022,68160,Cepitá,Santander,TERRITORIAL,448.0458369999763,baja,204,128,3308063433
2022,05086,Belmira,Antioquia,TERRITORIAL,446.5070021267289,baja,260,178,10363190153
2022,05690,Santo Domingo,Antioquia,TERRITORIAL,446.485556263866,baja,364,199,12164469787
2022,68397,La Paz,Santander,TERRITORIAL,444.25754925002013,baja,180,120,6393473982
2022,15778,Sutatenza,Boyacá,TERRITORIAL,443.68345165608736,baja,130,97,4304736232
2022,05425,Maceo,Antioquia,TERRITORIAL,443.10615269659553,baja,373,221,13222375147
2022,73504,Ortega,Tolima,TERRITORIAL,442.41245079358924,baja,640,328,28148951955
2022,76563,Pradera,Valle del Cauca,TERRITORIAL,440.5551992709168,baja,613,405,11961095894
2022,05659,San Juan de Urabá,Antioquia,TERRITORIAL,439.6196223435279,baja,234,189,12371512067
2022,54385,La Esperanza,Norte de Santander,TERRITORIAL,439.59909934645015,baja,378,178,8845750376
2022,91001,Leticia,Amazonas,TERRITORIAL,438.487754696926,baja,3599,2339,226376120223
2022,18460,Milán,Caquetá,TERRITORIAL,437.620706104965,baja,185,134,16209443209
2022,41013,Agrado,Huila,TERRITORIAL,436.298332691554,baja,392,205,11155106802
2022,76036,Andalucía,Valle del Cauca,TERRITORIAL,436.2679650081331,baja,471,282,9862845515
2022,15600,Ráquira,Boyacá,TERRITORIAL,435.8655938010119,baja,187,121,7162337235
2022,41244,Elías,Huila,TERRITORIAL,435.7425220926868,baja,229,129,2799494623
2022,73861,Venadillo,Tolima,TERRITORIAL,435.1262281695936,baja,363,244,12543838518
2022,25612,Ricaurte,Cundinamarca,TERRITORIAL,434.2328829435584,baja,609,410,26096881169
2022,68266,Enciso,Santander,TERRITORIAL,433.8991043190059,baja,170,125,5515763451
2022,15212,Coper,Boyacá,TERRITORIAL,432.13821465331586,baja,202,129,4359829390
2022,05190,Cisneros,Antioquia,TERRITORIAL,431.7317478545201,baja,340,185,9490752250
2022,15804,Tibaná,Boyacá,TERRITORIAL,431.0772051207921,baja,271,163,9374900053
2022,27250,El Litoral del San Juan,Chocó,TERRITORIAL,430.8716599983513,baja,389,209,10348680810
2022,15204,Cómbita,Boyacá,NACIONAL,430.3901693533493,baja,52,40,431751304
2022,05209,Concordia,Antioquia,TERRITORIAL,429.41145599321646,baja,228,154,11195214173
2022,15236,Chivor,Boyacá,TERRITORIAL,427.91874688668355,baja,233,126,5921493593
2022,20517,Pailitas,Cesar,TERRITORIAL,426.8853915440606,baja,379,254,15712618638
2022,70400,La Unión,Sucre,TERRITORIAL,426.3599895131772,baja,514,288,19123732208
2022,25592,Quebradanegra,Cundinamarca,TERRITORIAL,425.6422248909463,baja,245,149,5183282926
2022,25745,Simijaca,Cundinamarca,TERRITORIAL,425.55166661758597,baja,218,168,6912260322
2022,66088,Belén de Umbría,Risaralda,TERRITORIAL,425.0967823087608,baja,501,324,21019331413
2022,05059,Armenia,Antioquia,TERRITORIAL,424.64984640484965,baja,340,284,115238055986
2022,15537,Paz de Río,Boyacá,TERRITORIAL,424.64462754254123,baja,167,116,4268710212
2022,20787,Tamalameque,Cesar,TERRITORIAL,424.5891823680971,baja,382,242,10700904949
2022,05686,Santa Rosa de Osos,Antioquia,TERRITORIAL,424.03267735930126,baja,376,277,35419400984
2022,05147,Carepa,Antioquia,TERRITORIAL,423.96307483638475,baja,341,232,24693424711
2022,68522,Palmar,Santander,TERRITORIAL,422.2044620522039,baja,195,122,5235352515
2022,25245,El Colegio,Cundinamarca,TERRITORIAL,421.94710406500997,baja,1017,529,22013758705
2022,68013,Aguada,Santander,TERRITORIAL,421.8400970783145,baja,219,110,3229737002
2022,54250,El Tarra,Norte de Santander,TERRITORIAL,421.11289255789615,baja,337,187,14855795325
2022,13074,Barranco de Loba,Bolívar,TERRITORIAL,420.3313496440112,baja,311,164,4001168885
2022,50313,Granada,Meta,TERRITORIAL,419.6183093231203,baja,1230,779,65051691625
2022,73585,Purificación,Tolima,TERRITORIAL,419.47024673407077,baja,844,566,52470390638
2022,70708,San Marcos,Sucre,TERRITORIAL,418.82225844444315,baja,1316,678,50500695642
2022,17867,Victoria,Caldas,TERRITORIAL,418.7964513235692,baja,405,219,9486430842
2022,25123,Cachipay,Cundinamarca,TERRITORIAL,418.69069946905745,baja,336,207,10266380253
2022,68867,Vetas,Santander,TERRITORIAL,418.42301548945284,baja,127,88,2620620453
2022,17088,Belalcázar,Caldas,TERRITORIAL,416.1532304392848,baja,341,246,12925811200
2022,05861,Venecia,Antioquia,TERRITORIAL,416.1301043910404,baja,428,228,11844621737
2022,05631,Sabaneta,Antioquia,NACIONAL,416.00352570256115,baja,38,36,3099063106
2022,54125,Cácota,Norte de Santander,TERRITORIAL,415.345646899746,baja,184,115,4614164983
2022,17877,Viterbo,Caldas,TERRITORIAL,415.2259445684009,baja,210,145,2205610785
2022,25779,Susa,Cundinamarca,TERRITORIAL,415.1916108020613,baja,221,161,5445189471
2022,54377,Labateca,Norte de Santander,TERRITORIAL,414.8482515926135,baja,258,163,7326882010
2022,05585,Puerto Nare,Antioquia,TERRITORIAL,414.3256211260377,baja,694,382,26693597206
2022,25436,Manta,Cundinamarca,TERRITORIAL,414.08492847399765,baja,103,65,1632637865
2022,15224,Cucaita,Boyacá,TERRITORIAL,413.80690815479704,baja,191,134,4404636034
2022,08001,Barranquilla,Atlántico,OTRO,413.34187981678565,baja,436,395,48176389050
2022,63302,Génova,Quindío,TERRITORIAL,413.25796306662335,baja,364,219,4675353579
2022,73026,Alvarado,Tolima,TERRITORIAL,412.1416496046394,baja,419,227,14419454746
2022,05034,Andes,Antioquia,TERRITORIAL,411.4119364937022,baja,540,337,24791118301
2022,50590,Puerto Rico,Meta,TERRITORIAL,411.1597685488293,baja,459,259,15990914201
2022,68250,El Peñón,Santander,TERRITORIAL,411.0965222312119,baja,196,134,5607979027
2022,18756,Solano,Caquetá,TERRITORIAL,410.6574225349723,baja,235,141,13698110084
2022,68780,Suratá,Santander,TERRITORIAL,410.57297378551954,baja,302,160,5193584665
2022,15403,La Uvita,Boyacá,TERRITORIAL,410.4325699752194,baja,306,144,6017776945
2022,68573,Puerto Parra,Santander,TERRITORIAL,410.2062327358765,baja,297,178,13211825821
2022,25862,Vergara,Cundinamarca,TERRITORIAL,409.28383166208096,baja,220,147,4189749667
2022,99524,La Primavera,Vichada,TERRITORIAL,408.22759220268495,baja,303,179,13898916157
2022,20178,Chiriguaná,Cesar,TERRITORIAL,407.7670661146737,baja,1499,861,47774569149
2022,05667,San Rafael,Antioquia,TERRITORIAL,407.7445951443501,baja,249,169,12673131703
2022,68498,Ocamonte,Santander,TERRITORIAL,407.08454287983494,baja,162,97,3240205646
2022,70221,Coveñas,Sucre,TERRITORIAL,407.00690593986064,baja,483,282,70686980603
2022,25797,Tena,Cundinamarca,TERRITORIAL,406.13743435173114,baja,284,211,9774730245
2022,68720,Santa Helena del Opón,Santander,TERRITORIAL,405.27990127256464,baja,206,134,5124906371
2022,19392,La Sierra,Cauca,TERRITORIAL,404.91513285700626,baja,286,190,5678046999
2022,68745,Simacota,Santander,TERRITORIAL,404.6935074144277,baja,235,156,9669850900
2022,05361,Ituango,Antioquia,TERRITORIAL,404.51923658174803,baja,513,329,21842791893
2022,63130,Calarca,Quindío,TERRITORIAL,402.8370196223891,baja,1370,864,39083097785
2022,54239,Durania,Norte de Santander,TERRITORIAL,402.6963102761498,baja,238,142,4603741534
2022,54418,Lourdes,Norte de Santander,TERRITORIAL,402.31217474800786,baja,204,132,5229331749
2022,73555,Planadas,Tolima,TERRITORIAL,401.81833465423654,baja,560,375,19688342202
2022,15469,Moniquirá,Boyacá,TERRITORIAL,401.8085518839847,baja,775,457,43154182930
2022,25168,Chaguaní,Cundinamarca,TERRITORIAL,401.5469045136724,baja,244,116,4080876526
2022,23580,Puerto Libertador,Córdoba,TERRITORIAL,400.5428367478918,baja,259,201,21331322028
2022,25297,Gachetá,Cundinamarca,TERRITORIAL,399.20761109638005,baja,472,348,21839245065
2022,15176,Chiquinquirá,Boyacá,TERRITORIAL,398.8171903059526,baja,872,598,62631848415
2022,25258,El Peñón,Cundinamarca,TERRITORIAL,398.32176569110476,baja,205,150,6589814159
2022,17665,San José,Caldas,TERRITORIAL,398.2883909591414,baja,360,220,9126174809
2022,50325,Mapiripán,Meta,TERRITORIAL,396.99714401111225,baja,225,145,9317147708
2022,13873,Villanueva,Bolívar,NACIONAL,396.99235325480817,baja,147,87,3235847985
2022,25483,Nariño,Cundinamarca,TERRITORIAL,396.53252524163116,baja,213,134,3605580560
2022,15820,Tópaga,Boyacá,TERRITORIAL,395.46056849050933,baja,168,115,6032772096
2022,54518,Pamplona,Norte de Santander,NACIONAL,395.1667575374765,baja,496,257,11131410707
2022,27810,Unión Panamericana,Chocó,TERRITORIAL,394.8053539756895,baja,130,90,5202973772
2022,11001,Bogotá D.C.,Bogotá,NACIONAL,393.8126015165107,baja,80800,63488,40135517096689
2022,05541,Peñol,Antioquia,TERRITORIAL,393.1134084854718,baja,582,366,25206871305
2022,15774,Susacón,Boyacá,TERRITORIAL,391.7611752149462,baja,137,108,2823524623
2022,54820,Toledo,Norte de Santander,TERRITORIAL,391.7359144695066,baja,470,275,18769699953
2022,68705,Santa Bárbara,Santander,TERRITORIAL,391.7173771599489,baja,164,104,4016253682
2022,52287,Funes,Nariño,TERRITORIAL,391.6080707209799,baja,674,329,9620693348
2022,81001,Arauca,Arauca,TERRITORIAL,391.34506774126095,baja,5122,2446,382939144515
2022,63212,Córdoba,Quindío,TERRITORIAL,391.17497690417486,baja,351,210,5120815555
2022,13001,Cartagena,Bolívar,TERRITORIAL,391.0954426525685,baja,10304,7178,790004878244
2022,08758,Soledad,Atlántico,TERRITORIAL,390.9443781554552,baja,6361,2639,240773313441
2022,13894,Zambrano,Bolívar,TERRITORIAL,390.48669959654416,baja,623,285,9779957143
2022,17050,Aranzazu,Caldas,TERRITORIAL,390.14464096764664,baja,519,318,11842700791
2022,18860,Valparaíso,Caquetá,TERRITORIAL,389.97785725412143,baja,177,128,7117078386
2022,15621,Rondón,Boyacá,TERRITORIAL,389.2685381543246,baja,183,117,4013557690
2022,70713,San Onofre,Sucre,TERRITORIAL,388.87572609057344,baja,1034,391,21590895316
2022,54480,Mutiscua,Norte de Santander,TERRITORIAL,388.7878420139978,baja,199,109,4511788143
2022,73675,San Antonio,Tolima,TERRITORIAL,388.0885782012304,baja,382,186,6638652878
2022,05607,Retiro,Antioquia,TERRITORIAL,387.6339113503034,baja,839,489,50546186998
2022,13744,Simití,Bolívar,TERRITORIAL,386.388680497459,baja,408,262,23980255706
2022,27491,Nóvita,Chocó,TERRITORIAL,384.5881887691025,baja,198,108,7752087008
2022,25286,Funza,Cundinamarca,NACIONAL,383.74221203385605,baja,48,48,1346069369
2022,25489,Nimaima,Cundinamarca,TERRITORIAL,383.5405792558212,baja,250,166,4485455019
2022,20310,González,Cesar,TERRITORIAL,382.9241909126385,baja,303,164,5642675657
2022,68077,Barbosa,Santander,TERRITORIAL,382.75973705832683,baja,342,234,15736442873
2022,76736,Sevilla,Valle del Cauca,TERRITORIAL,382.0975399870207,baja,642,414,19062195701
2022,54405,Los Patios,Norte de Santander,TERRITORIAL,382.0633517873308,baja,1724,1005,56597880095
2022,15816,Togüí,Boyacá,TERRITORIAL,381.91428468326046,baja,244,163,6652846102
2022,15507,Otanche,Boyacá,TERRITORIAL,381.9105889562053,baja,277,175,11600192657
2022,05150,Carolina,Antioquia,TERRITORIAL,381.65362975503257,baja,319,192,8498492572
2022,50606,Restrepo,Meta,TERRITORIAL,381.3311867545743,baja,373,239,17858515772
2022,27001,Quibdó,Chocó,TERRITORIAL,381.2329543609716,baja,1076,697,79539421470
2022,25885,Yacopí,Cundinamarca,TERRITORIAL,381.22949242168494,baja,367,246,16025777918
2022,44430,Maicao,La Guajira,TERRITORIAL,380.6495391750807,baja,1127,974,129669362985
2022,15806,Tibasosa,Boyacá,TERRITORIAL,379.73998243974796,baja,446,287,21693263768
2022,50245,El Calvario,Meta,TERRITORIAL,379.6703013910989,baja,65,55,1520958117
2022,23350,La Apartada,Córdoba,TERRITORIAL,379.53063061978094,baja,296,205,9641101530
2022,54245,El Carmen,Norte de Santander,TERRITORIAL,379.11138743420906,baja,441,261,12612693268
2022,25086,Beltrán,Cundinamarca,TERRITORIAL,378.70156274799683,baja,179,97,3573260747
2022,05038,Angostura,Antioquia,TERRITORIAL,378.63903175270934,baja,373,206,9929833026
2022,05284,Frontino,Antioquia,TERRITORIAL,375.40799232421284,baja,451,253,14651193017
2022,99001,Puerto Carreño,Vichada,TERRITORIAL,375.3361404263165,baja,4049,1842,229120097894
2022,17524,Palestina,Caldas,TERRITORIAL,375.27913371992764,baja,298,190,7221770605
2022,50223,Cubarral,Meta,TERRITORIAL,374.91092154013086,baja,259,156,5090178667
2022,15368,Jericó,Boyacá,TERRITORIAL,373.2593201387374,baja,152,115,5176526686
2022,85263,Pore,Casanare,TERRITORIAL,372.7132705202018,baja,370,240,15613125942
2022,15494,Nuevo Colón,Boyacá,TERRITORIAL,372.33694097499443,baja,272,172,8364975877
2022,54001,Cúcuta,Norte de Santander,TERRITORIAL,372.3293488609746,baja,10768,6699,742330040975
2022,66318,Guática,Risaralda,TERRITORIAL,372.2519459717914,baja,325,222,9665601535
2022,25488,Nilo,Cundinamarca,TERRITORIAL,371.96295170144015,baja,327,218,13196229473
2022,17662,Samaná,Caldas,TERRITORIAL,370.4542106290096,baja,1017,587,21064129318
2022,52110,Buesaco,Nariño,TERRITORIAL,368.1036571802662,baja,967,448,15355188874
2022,15837,Tuta,Boyacá,TERRITORIAL,367.2392184510188,baja,361,223,11261083333
2022,05690,Santo Domingo,Antioquia,NACIONAL,366.5811268161324,baja,52,44,548797226
2022,95001,San José del Guaviare,Guaviare,NACIONAL,365.82478494093334,baja,369,309,27930473243
2022,68572,Puente Nacional,Santander,TERRITORIAL,365.42733164480677,baja,522,344,15401970029
2022,19137,Caldono,Cauca,TERRITORIAL,362.45029584072466,baja,235,140,9780814792
2022,15690,Santa María,Boyacá,TERRITORIAL,362.1722699631592,baja,184,110,6557779068
2022,05021,Alejandría,Antioquia,TERRITORIAL,359.56249202879684,baja,237,159,6364905493
2022,05809,Titiribí,Antioquia,TERRITORIAL,358.67303604432254,baja,384,218,13412753642
2022,15332,Güicán,Boyacá,TERRITORIAL,357.6119088007608,baja,232,124,4387081175
2022,25878,Viotá,Cundinamarca,TERRITORIAL,357.2239328715037,baja,691,407,16322301881
2022,52786,Taminango,Nariño,TERRITORIAL,356.44823979287975,baja,943,414,13596060329
2022,52079,Barbacoas,Nariño,TERRITORIAL,356.25301431572683,baja,1126,594,24166854183
2022,68217,Coromoro,Santander,TERRITORIAL,356.1609824823963,baja,256,159,10553610085
2022,73770,Suárez,Tolima,TERRITORIAL,355.14195607938603,baja,247,149,6227016141
2022,68190,Cimitarra,Santander,TERRITORIAL,353.55145951377,baja,914,677,27070703790
2022,05134,Campamento,Antioquia,TERRITORIAL,353.1217454301203,baja,392,216,9233033510
2022,41396,La Plata,Huila,TERRITORIAL,352.66553449668476,baja,1214,657,59321443706
2022,50110,Barranca de Upía,Meta,TERRITORIAL,352.5431335477871,baja,291,228,19764773450
2022,73563,Prado,Tolima,TERRITORIAL,351.8377475363011,baja,287,174,4097383640
2022,50400,Lejanías,Meta,TERRITORIAL,350.7164768923071,baja,278,148,6201152878
2022,15367,Jenesano,Boyacá,TERRITORIAL,350.693821585342,baja,280,169,9500604412
2022,15299,Garagoa,Boyacá,TERRITORIAL,350.2043016158116,baja,281,184,9451812883
2022,15293,Gachantivá,Boyacá,TERRITORIAL,349.08400548504574,baja,218,138,4155559418
2022,08001,Barranquilla,Atlántico,TERRITORIAL,349.06826729390247,baja,18226,11867,2977711566367
2022,68207,Concepción,Santander,TERRITORIAL,349.0381076657808,baja,243,141,5231203351
2022,15822,Tota,Boyacá,TERRITORIAL,347.51810548676366,baja,291,206,7932827163
2022,19355,Inzá,Cauca,TERRITORIAL,347.32661063120213,baja,250,156,11139471181
2022,63272,Filandia,Quindío,TERRITORIAL,347.05125139681667,baja,622,402,10083670905
2022,17513,Pácora,Caldas,TERRITORIAL,346.06212877830626,baja,509,325,12672064504
2022,13673,Santa Catalina,Bolívar,NACIONAL,344.9863164523363,baja,56,53,639677048
2022,15401,La Victoria,Boyacá,TERRITORIAL,342.35103041654804,baja,140,92,2673428366
2022,54051,Arboledas,Norte de Santander,TERRITORIAL,340.9671001439543,baja,316,179,5293381759
2022,66572,Pueblo Rico,Risaralda,TERRITORIAL,339.13448187920466,baja,362,252,16857134253
2022,76248,El Cerrito,Valle del Cauca,TERRITORIAL,338.784692479192,baja,618,431,23854650695
2022,85400,Támara,Casanare,TERRITORIAL,338.37776557913924,baja,190,141,6217969954
2022,15407,Villa de Leyva,Boyacá,TERRITORIAL,338.266897168993,baja,327,269,20657889876
2022,68169,Charta,Santander,TERRITORIAL,337.06135668663046,baja,132,93,2755278316
2022,15646,Samacá,Boyacá,TERRITORIAL,334.7880635680894,baja,566,364,24674949758
2022,25513,Pacho,Cundinamarca,TERRITORIAL,334.4696445801657,baja,788,530,40528092648
2022,41770,Suaza,Huila,TERRITORIAL,333.8374087612269,baja,516,317,12503412667
2022,54871,Villa Caro,Norte de Santander,TERRITORIAL,333.7274774936232,baja,141,103,3487370399
2022,05543,Peque,Antioquia,TERRITORIAL,332.70156601873236,baja,361,228,8605363919
2022,54109,Bucarasica,Norte de Santander,TERRITORIAL,332.4434936544433,baja,443,251,6086919534
2022,15248,El Espino,Boyacá,TERRITORIAL,331.4529811459487,baja,298,175,4613231578
2022,05091,Betania,Antioquia,TERRITORIAL,329.7411033760965,baja,350,188,7350236297
2022,73461,Murillo,Tolima,TERRITORIAL,329.7112772185809,baja,147,93,1795387915
2022,15511,Pachavita,Boyacá,TERRITORIAL,329.64869670467704,baja,222,148,4124702969
2022,54518,Pamplona,Norte de Santander,TERRITORIAL,328.97054704915814,baja,1840,589,27128665977
2022,05440,Marinilla,Antioquia,TERRITORIAL,328.7300712849805,baja,462,359,33611859582
2022,68872,Villanueva,Santander,TERRITORIAL,328.5330760114405,baja,313,184,7566716123
2022,47545,Pijiño del Carmen,Magdalena,NACIONAL,328.398925045229,baja,71,46,370544104
2022,05579,Puerto Berrío,Antioquia,TERRITORIAL,328.1345745747647,baja,939,562,20313036946
2022,76147,Cartago,Valle del Cauca,NACIONAL,326.7832493122751,baja,207,194,8253899674
2022,41807,Timaná,Huila,TERRITORIAL,325.05510467714197,baja,520,295,9414078622
2022,27425,Medio Atrato,Chocó,TERRITORIAL,324.7002641820887,baja,171,126,5348608357
2022,50001,Villavicencio,Meta,TERRITORIAL,324.5189121138053,baja,17143,9690,1603830937111
2022,25491,Nocaima,Cundinamarca,TERRITORIAL,324.4238523447275,baja,230,173,5039996976
2022,63470,Montenegro,Quindío,TERRITORIAL,324.09571364264656,baja,887,515,17615532594
2022,25799,Tenjo,Cundinamarca,TERRITORIAL,323.89973294630835,baja,903,732,76019096093
2022,17486,Neira,Caldas,TERRITORIAL,322.8795269166445,baja,560,313,14214614789
2022,68686,San Miguel,Santander,TERRITORIAL,322.1631656143111,baja,182,143,4950079387
2022,05615,Rionegro,Antioquia,TERRITORIAL,321.9726769283444,baja,3569,1854,411541215200
2022,50689,San Martín,Meta,TERRITORIAL,321.30914853538167,baja,563,328,18279405776
2022,52022,Aldana,Nariño,TERRITORIAL,321.05772505036055,baja,527,257,6731095039
2022,44847,Uribia,La Guajira,TERRITORIAL,320.02242030262715,baja,926,594,282381384210
2022,54405,Los Patios,Norte de Santander,NACIONAL,319.56499178199175,baja,129,115,1295696391
2022,85300,Sabanalarga,Casanare,TERRITORIAL,319.4370987681473,baja,321,205,11030242366
2022,76122,Caicedonia,Valle del Cauca,TERRITORIAL,319.29834413497963,baja,501,273,16948451026
2022,15106,Briceño,Boyacá,TERRITORIAL,318.41206347379057,baja,152,112,3684725575
2022,05364,Jardín,Antioquia,TERRITORIAL,317.39574625701823,baja,509,268,11563172582
2022,52258,El Tablón de Gómez,Nariño,TERRITORIAL,316.7555963682407,baja,522,316,7607202223
2022,63401,La Tebaida,Quindío,TERRITORIAL,316.47855166052574,baja,907,505,14860470168
2022,68820,Tona,Santander,TERRITORIAL,316.4230986721437,baja,301,164,7170808434
2022,73349,Honda,Tolima,TERRITORIAL,316.3043490756361,baja,1111,594,50456164725
2022,17042,Anserma,Caldas,TERRITORIAL,315.741415800746,baja,684,419,15171288788
2022,15204,Cómbita,Boyacá,TERRITORIAL,313.59240342462266,baja,256,172,7811311250
2022,52835,San Andrés de Tumaco,Nariño,TERRITORIAL,312.73674042637725,baja,5532,2647,120017188751
2022,25269,Facatativá,Cundinamarca,TERRITORIAL,312.1359697227327,baja,1860,988,131207607433
2022,17272,Filadelfia,Caldas,TERRITORIAL,311.7241661717293,baja,419,211,5498955766
2022,15522,Panqueba,Boyacá,TERRITORIAL,311.366698578268,baja,192,100,3444153223
2022,25843,Villa de San Diego de Ubate,Cundinamarca,TERRITORIAL,309.96936297478874,baja,1363,739,53414452222
2022,18785,Solita,Caquetá,TERRITORIAL,309.92440760788696,baja,159,114,4544198978
2022,54099,Bochalema,Norte de Santander,TERRITORIAL,309.7868837001799,baja,375,188,8521897325
2022,52203,Colón,Nariño,TERRITORIAL,309.3233324957137,baja,435,233,6143015411
2022,05042,Santafé de Antioquia,Antioquia,NACIONAL,307.6218895965379,baja,221,208,10341665730
2022,54800,Teorama,Norte de Santander,TERRITORIAL,306.2829519096307,baja,216,148,10993184954
2022,41615,Rivera,Huila,TERRITORIAL,305.5882118226892,baja,657,491,20821170532
2022,25572,Puerto Salgar,Cundinamarca,TERRITORIAL,305.11794418453223,baja,837,516,23814043719
2022,05756,Sonson,Antioquia,TERRITORIAL,304.26454784082,baja,1082,649,36193659765
2022,05368,Jericó,Antioquia,TERRITORIAL,302.91194750840225,baja,134,59,1152864322
2022,15879,Viracachá,Boyacá,TERRITORIAL,302.73328219540815,baja,159,105,2955053379
2022,68500,Oiba,Santander,TERRITORIAL,302.4250497807093,baja,289,181,7083541746
2022,17001,Manizales,Caldas,NACIONAL,302.2343841783,baja,3142,2524,362015232446
2022,85001,Yopal,Casanare,OTRO,300.76726113168655,baja,88,58,1184882700
2022,25807,Tibirita,Cundinamarca,TERRITORIAL,299.3781300157817,baja,193,129,4264060487
2022,52356,Ipiales,Nariño,TERRITORIAL,299.24901679570576,baja,3527,1945,110175288433
2022,76670,San Pedro,Valle del Cauca,TERRITORIAL,299.0024779633783,baja,441,268,11888800759
2022,05142,Caracolí,Antioquia,TERRITORIAL,298.2348725180264,baja,188,145,4847774217
2022,68318,Guaca,Santander,TERRITORIAL,297.3462320312465,baja,226,150,5125211604
2022,08436,Manatí,Atlántico,NACIONAL,295.90146026074547,baja,98,93,585109047
2022,41378,La Argentina,Huila,TERRITORIAL,293.7002139424523,baja,556,327,11584092227
2022,20550,Pelaya,Cesar,TERRITORIAL,293.5043140878234,baja,520,269,9559289404
2022,54810,Tibú,Norte de Santander,TERRITORIAL,292.8592362452558,baja,892,507,35524350440
2022,05129,Caldas,Antioquia,TERRITORIAL,291.82168991861516,baja,1791,763,57864336182
2022,73275,Flandes,Tolima,TERRITORIAL,290.7187497005679,baja,580,383,16613203257
2022,52699,Santacruz,Nariño,TERRITORIAL,289.52200476913436,baja,616,350,16664280826
2022,85410,Tauramena,Casanare,TERRITORIAL,289.48204892967584,baja,827,530,57649360147
2022,25758,Sopó,Cundinamarca,TERRITORIAL,289.4316334685706,baja,1250,920,61167072954
2022,25740,Sibaté,Cundinamarca,NACIONAL,288.99097192845176,baja,202,193,6554863761
2022,19698,Santander de Quilichao,Cauca,TERRITORIAL,288.82334482945487,baja,1302,706,44488691429
2022,25295,Gachancipá,Cundinamarca,TERRITORIAL,288.656838569469,baja,321,280,13502116502
2022,05079,Barbosa,Antioquia,TERRITORIAL,288.5185176559712,baja,1036,465,24590145378
2022,17777,Supía,Caldas,TERRITORIAL,287.98275948431814,baja,387,269,15385489573
2022,15322,Guateque,Boyacá,TERRITORIAL,287.95773589281265,baja,487,307,19582191511
2022,25743,Silvania,Cundinamarca,TERRITORIAL,287.62849758481656,baja,600,408,23025217403
2022,15667,San Luis de Gaceno,Boyacá,TERRITORIAL,287.43593374736736,baja,328,193,7421731958
2022,05642,Salgar,Antioquia,TERRITORIAL,283.9723338342359,baja,505,289,12537709617
2022,17541,Pensilvania,Caldas,TERRITORIAL,283.8152198970492,baja,723,382,15937522731
2022,05656,San Jerónimo,Antioquia,TERRITORIAL,283.14485054770284,baja,447,251,14064141534
2022,41206,Colombia,Huila,TERRITORIAL,283.08151364843087,baja,348,200,5845927622
2022,52788,Tangua,Nariño,TERRITORIAL,283.02375736261416,baja,1147,520,11389645326
2022,25599,Apulo,Cundinamarca,TERRITORIAL,282.79609502776844,baja,327,221,7824861408
2022,20060,Bosconia,Cesar,NACIONAL,281.78695074519084,baja,204,113,1273127096
2022,68669,San Andrés,Santander,TERRITORIAL,281.33592266971147,baja,314,164,5673727712
2022,05376,La Ceja,Antioquia,TERRITORIAL,280.70508250444857,baja,1120,743,224562614285
2022,52427,Magüi,Nariño,TERRITORIAL,280.6688422857847,baja,374,251,9745645567
2022,05873,Vigía del Fuerte,Antioquia,TERRITORIAL,280.4058521487327,baja,251,135,4632894515
2022,47703,San Zenón,Magdalena,TERRITORIAL,279.51819086125295,baja,180,140,2920028970
2022,41016,Aipe,Huila,TERRITORIAL,279.20763191844514,baja,1269,692,15345389625
2022,52256,El Rosario,Nariño,TERRITORIAL,278.2802967371809,baja,477,284,8490591170
2022,15238,Duitama,Boyacá,TERRITORIAL,278.2049461820716,baja,1196,873,105103166535
2022,52405,Leiva,Nariño,NACIONAL,276.21318787321763,baja,174,100,1584599253
2022,25839,Ubalá,Cundinamarca,TERRITORIAL,275.48398839607876,baja,276,198,10547892411
2022,17433,Manzanares,Caldas,TERRITORIAL,275.1678738686029,baja,526,256,11020566237
2022,05858,Vegachí,Antioquia,TERRITORIAL,273.165531440461,baja,321,228,13538024032
2022,44001,Riohacha,La Guajira,TERRITORIAL,272.9931967375673,baja,4124,2147,459404218581
2022,68235,El Carmen de Chucurí,Santander,TERRITORIAL,270.99517606835985,baja,712,383,22552172891
2022,47001,Santa Marta,Magdalena,NACIONAL,270.95018821709726,baja,1389,1081,275701530085
2022,76126,Calima,Valle del Cauca,TERRITORIAL,270.57818518823314,baja,468,298,8266846693
2022,25312,Granada,Cundinamarca,TERRITORIAL,269.7732405007619,baja,257,173,5091274818
2022,76113,Bugalagrande,Valle del Cauca,TERRITORIAL,269.35534080032295,baja,1020,570,25226605331
2022,41001,Neiva,Huila,OTRO,268.8172893651825,baja,388,372,28071823947
2022,15514,Páez,Boyacá,TERRITORIAL,268.3014693637789,baja,279,176,6798509219
2022,68162,Cerrito,Santander,TERRITORIAL,267.56075551674786,baja,309,172,5952451300
2022,85125,Hato Corozal,Casanare,TERRITORIAL,266.7069715138527,baja,263,158,8879455661
2022,54261,El Zulia,Norte de Santander,TERRITORIAL,265.67985439329635,baja,796,337,21045581967
2022,17873,Villamaría,Caldas,TERRITORIAL,264.74239597388583,baja,954,574,21287436341
2022,17174,Chinchiná,Caldas,TERRITORIAL,263.1777195231033,baja,1065,616,35540560817
2022,41530,Palestina,Huila,TERRITORIAL,262.64523681263205,baja,479,241,7405387863
2022,68547,Piedecuesta,Santander,TERRITORIAL,261.3583045186941,baja,2348,1405,146399348197
2022,05483,Nariño,Antioquia,TERRITORIAL,260.1700058107872,baja,267,137,6000743949
2022,85250,Paz de Ariporo,Casanare,TERRITORIAL,260.13193277269175,baja,514,354,12243709217
2022,25200,Cogua,Cundinamarca,TERRITORIAL,259.02700183649773,baja,364,316,15918038542
2022,68092,Betulia,Santander,TERRITORIAL,258.66058454450575,baja,325,222,12470900511
2022,25793,Tausa,Cundinamarca,TERRITORIAL,258.43628885995633,baja,255,187,6791999620
2022,15808,Tinjacá,Boyacá,TERRITORIAL,258.0088373077394,baja,121,86,1445705894
2022,70001,Sincelejo,Sucre,NACIONAL,255.24424207977773,baja,1287,965,185782327689
2022,41020,Algeciras,Huila,TERRITORIAL,254.81648344419656,baja,701,422,17162695831
2022,05237,Don Matías,Antioquia,TERRITORIAL,252.9363769457589,baja,317,233,14331689432
2022,05206,Concepción,Antioquia,TERRITORIAL,252.83048641189774,baja,361,210,8227028117
2022,66400,La Virginia,Risaralda,TERRITORIAL,251.70423707544774,baja,622,369,23544297642
2022,76520,Palmira,Valle del Cauca,NACIONAL,250.43326979999745,baja,344,316,18288714132
2022,15223,Cubará,Boyacá,TERRITORIAL,250.14030363826242,baja,543,307,18852362766
2022,76520,Palmira,Valle del Cauca,TERRITORIAL,249.90568982628608,baja,3098,2011,162938238968
2022,05093,Betulia,Antioquia,TERRITORIAL,249.60201728366533,baja,383,220,10843162801
2022,25740,Sibaté,Cundinamarca,TERRITORIAL,249.1200807507398,baja,517,417,23360377540
2022,86568,Puerto Asís,Putumayo,TERRITORIAL,248.73687215398064,baja,2519,1337,71570159828
2022,66001,Pereira,Risaralda,NACIONAL,247.59687700750166,baja,1409,1273,108937872551
2022,76828,Trujillo,Valle del Cauca,TERRITORIAL,247.5349908457209,baja,483,322,15370009173
2022,05266,Envigado,Antioquia,NACIONAL,245.78443690692015,baja,1676,1423,286969988134
2022,52390,La Tola,Nariño,TERRITORIAL,244.82792501976763,baja,587,310,11789822561
2022,76275,Florida,Valle del Cauca,TERRITORIAL,244.79515770124527,baja,1089,610,19200770502
2022,63001,Armenia,Quindío,TERRITORIAL,244.79317194885158,baja,12703,7426,559300536721
2022,73449,Melgar,Tolima,TERRITORIAL,240.94717369665656,baja,1671,881,39019974916
2022,63690,Salento,Quindío,TERRITORIAL,239.8101156850266,baja,453,260,5564621250
2022,41551,Pitalito,Huila,TERRITORIAL,239.59081416276942,baja,2244,1157,142612002182
2022,05790,Tarazá,Antioquia,TERRITORIAL,237.3953804800427,baja,387,288,10184432095
2022,25377,La Calera,Cundinamarca,TERRITORIAL,237.23839379224032,baja,567,461,23396683595
2022,05652,San Francisco,Antioquia,TERRITORIAL,234.49340449992917,baja,284,199,5203526680
2022,73408,Lérida,Tolima,TERRITORIAL,234.25607254901067,baja,982,433,25546326571
2022,68615,Rionegro,Santander,TERRITORIAL,233.0102862264689,baja,569,327,11052715363
2022,41483,Nátaga,Huila,TERRITORIAL,232.22817566979856,baja,317,175,4745290376
2022,52250,El Charco,Nariño,TERRITORIAL,231.79382144994796,baja,565,413,11372859347
2022,25486,Nemocón,Cundinamarca,TERRITORIAL,230.61530104928076,baja,358,267,7740203258
2022,50680,San Carlos de Guaroa,Meta,TERRITORIAL,230.3627326161742,baja,722,393,13004802259
2022,73622,Roncesvalles,Tolima,TERRITORIAL,227.3979210273358,baja,314,191,4756447315
2022,63001,Armenia,Quindío,NACIONAL,225.79442845603788,baja,2462,1880,150947539393
2022,17013,Aguadas,Caldas,TERRITORIAL,225.33065687247588,baja,941,470,13278662161
2022,17001,Manizales,Caldas,TERRITORIAL,225.11184355516693,baja,7932,4435,807303837859
2022,15455,Miraflores,Boyacá,TERRITORIAL,223.99161416871945,baja,433,270,13352506603
2022,17616,Risaralda,Caldas,TERRITORIAL,222.99870454463772,baja,488,254,6987082426
2022,68377,La Belleza,Santander,TERRITORIAL,222.70091935323157,baja,250,150,5562867980
2022,20710,San Alberto,Cesar,TERRITORIAL,220.22954820753344,baja,477,330,10771942792
2022,19473,Morales,Cauca,TERRITORIAL,219.4003174165112,baja,343,231,12047429197
2022,76834,Tuluá,Valle del Cauca,NO_DEFINIDO,218.76741880189903,baja,1100,258,1602903641
2022,41132,Campoalegre,Huila,TERRITORIAL,217.56449641342462,baja,803,457,16837855163
2022,68276,Floridablanca,Santander,NACIONAL,216.88800310217954,baja,51,51,416920000
2022,52378,La Cruz,Nariño,TERRITORIAL,215.5855327624855,baja,816,413,9151111569
2022,25372,Junín,Cundinamarca,TERRITORIAL,215.38337338150092,baja,414,248,7221732588
2022,15114,Busbanzá,Boyacá,TERRITORIAL,214.1040780345865,baja,166,106,2519599489
2022,85001,Yopal,Casanare,TERRITORIAL,211.45814842661287,baja,11727,7209,914445742324
2022,25099,Bojacá,Cundinamarca,TERRITORIAL,210.66003776928423,baja,348,231,7421812198
2022,23001,Montería,Córdoba,TERRITORIAL,210.24110703506742,baja,5250,3183,977802217393
2022,23001,Montería,Córdoba,NACIONAL,209.8095319087858,baja,1137,766,419370955703
2022,47551,Pivijay,Magdalena,TERRITORIAL,209.48173402084043,baja,1387,689,25058419256
2022,52435,Mallama,Nariño,TERRITORIAL,208.91410418576106,baja,599,259,6183462314
2022,68855,Valle de San José,Santander,TERRITORIAL,208.14689841823184,baja,207,124,3561597771
2022,25290,Fusagasugá,Cundinamarca,TERRITORIAL,208.07039259209955,baja,3624,2258,187651667977
2022,41006,Acevedo,Huila,TERRITORIAL,207.44814879181178,baja,940,421,17938112271
2022,05390,La Pintada,Antioquia,TERRITORIAL,206.6091287659324,baja,254,168,4593867291
2022,52001,Pasto,Nariño,NACIONAL,205.3079876273764,baja,803,595,39771684240
2022,05659,San Juan de Urabá,Antioquia,NACIONAL,204.2892752278465,baja,144,109,3023658651
2022,08560,Ponedera,Atlántico,TERRITORIAL,203.76798135428092,baja,238,175,1785557958
2022,76377,La Cumbre,Valle del Cauca,TERRITORIAL,201.89000584193755,baja,587,229,6040563561
2022,25488,Nilo,Cundinamarca,NACIONAL,201.6387882054081,baja,286,269,15499260525
2022,63594,Quimbaya,Quindío,TERRITORIAL,199.4596495103574,baja,823,456,11503483965
2022,76001,Cali,Valle del Cauca,TERRITORIAL,198.1240172236583,baja,56622,27550,4508941432492
2022,13836,Turbaco,Bolívar,TERRITORIAL,198.06838295629015,baja,4999,3179,252172787036
2022,05040,Anorí,Antioquia,TERRITORIAL,197.05389657514158,baja,444,293,15766460128
2022,54498,Ocaña,Norte de Santander,TERRITORIAL,192.4319160261451,baja,2276,1133,99676820139
2022,25126,Cajicá,Cundinamarca,TERRITORIAL,189.39328977523127,baja,1576,1336,95765870870
2022,25772,Suesca,Cundinamarca,TERRITORIAL,187.73153988056194,baja,377,282,7857014282
2022,25279,Fomeque,Cundinamarca,TERRITORIAL,187.3473875704687,baja,813,490,15550744725
2022,08832,Tubará,Atlántico,TERRITORIAL,184.95261271422802,baja,231,91,740370200
2022,68679,San Gil,Santander,NACIONAL,182.8173720724362,baja,1687,1201,51799633204
2022,52612,Ricaurte,Nariño,TERRITORIAL,182.44557359127197,baja,1005,488,18707522596
2022,68406,Lebríja,Santander,TERRITORIAL,176.65435234650835,baja,792,556,34163583912
2022,17614,Riosucio,Caldas,TERRITORIAL,176.23236714592696,baja,1011,592,38399945466
2022,15516,Paipa,Boyacá,TERRITORIAL,175.04374500204136,baja,333,251,7213169662
2022,50001,Villavicencio,Meta,NACIONAL,174.22975315813258,baja,2309,1600,146022393985
2022,52227,Cumbal,Nariño,TERRITORIAL,172.38461090124815,baja,1097,533,22553107336
2022,17541,Pensilvania,Caldas,NACIONAL,172.1870408104791,baja,132,112,1679813046
2022,54001,Cúcuta,Norte de Santander,NACIONAL,170.99998490139538,baja,2320,1903,259406202543
2022,52019,Albán,Nariño,TERRITORIAL,169.99804521252997,baja,568,301,7434716280
2022,52207,Consaca,Nariño,TERRITORIAL,167.17727486171592,baja,701,385,8214073927
2022,05001,Medellín,Antioquia,TERRITORIAL,166.91693142916372,baja,48782,20938,6345123169901
2022,13430,Magangué,Bolívar,OTRO,166.63349401759902,baja,186,116,2458960072
2022,25875,Villeta,Cundinamarca,TERRITORIAL,166.43304424010663,baja,1318,707,33500429579
2022,18001,Florencia,Caquetá,TERRITORIAL,164.40002646925316,baja,2914,1886,120328473779
2022,86219,Colón,Putumayo,TERRITORIAL,164.26406098297727,baja,887,480,10113236626
2022,63548,Pijao,Quindío,TERRITORIAL,163.2657652609933,baja,299,167,2642687848
2022,08141,Candelaria,Atlántico,TERRITORIAL,161.78158449591913,baja,112,96,570555260
2022,20001,Valledupar,Cesar,NACIONAL,161.31274448577173,baja,690,485,264139223010
2022,50226,Cumaral,Meta,TERRITORIAL,156.00521768984095,baja,695,436,13283220563
2022,73001,Ibagué,Tolima,NACIONAL,155.58313814124307,baja,3326,2747,348624676938
2022,19701,Santa Rosa,Cauca,TERRITORIAL,155.17498794569653,baja,224,144,3593997669
2022,76001,Cali,Valle del Cauca,NACIONAL,151.14468743406334,baja,6260,5038,995099987422
2022,76109,Buenaventura,Valle del Cauca,NACIONAL,150.81032809615593,baja,349,305,18837041883
2022,70001,Sincelejo,Sucre,TERRITORIAL,150.6727210562386,baja,6755,3641,377665981409
2022,52560,Potosí,Nariño,TERRITORIAL,148.42076242562874,baja,952,368,9839048368
2022,20250,El Paso,Cesar,NACIONAL,147.65059437310842,baja,140,126,1512906591
2022,25120,Cabrera,Cundinamarca,TERRITORIAL,146.73810243708695,baja,132,96,1690338839
2022,15001,Tunja,Boyacá,NACIONAL,143.30908871325744,baja,1779,1439,205729065468
2022,68861,Vélez,Santander,NACIONAL,142.81344633834135,baja,342,282,10635464992
2022,68001,Bucaramanga,Santander,TERRITORIAL,140.94566934204826,baja,19284,11348,1836306140501
2022,47001,Santa Marta,Magdalena,TERRITORIAL,140.12383089597307,baja,13552,6987,735120871303
2022,41132,Campoalegre,Huila,NACIONAL,134.2143242998173,baja,243,219,9401871361
2022,25736,Sesquilé,Cundinamarca,TERRITORIAL,131.38355954612007,baja,650,522,19494163708
2022,73001,Ibagué,Tolima,TERRITORIAL,129.35718846940054,baja,10195,6251,686028042741
2022,05250,El Bagre,Antioquia,NACIONAL,128.7968049904005,baja,104,96,3097636305
2022,76130,Candelaria,Valle del Cauca,TERRITORIAL,128.49782595662057,baja,2446,1817,67446701109
2022,25183,Chocontá,Cundinamarca,TERRITORIAL,128.48182380559626,baja,1046,619,20711875681
2022,25324,Guataquí,Cundinamarca,TERRITORIAL,126.34524542787307,baja,257,140,2347447762
2022,52001,Pasto,Nariño,TERRITORIAL,125.4779887123928,baja,10536,6755,802476808754
2022,68081,Barrancabermeja,Santander,NACIONAL,120.61561718120049,baja,284,253,7845907857
2022,19001,Popayán,Cauca,TERRITORIAL,114.71736026970352,baja,9808,5650,841952013602
2022,05129,Caldas,Antioquia,NACIONAL,112.03342829013489,baja,237,207,8528571806
2022,19001,Popayán,Cauca,NACIONAL,109.25045615050992,baja,2908,2341,382399944528
2022,66170,Dosquebradas,Risaralda,TERRITORIAL,103.7375729114586,baja,3928,2446,103156103800
2022,76248,El Cerrito,Valle del Cauca,NACIONAL,102.77390105698795,baja,200,166,1773619636
2022,85001,Yopal,Casanare,NACIONAL,99.64482695762017,baja,1358,1043,47753745936
2022,44001,Riohacha,La Guajira,NACIONAL,99.00204409685537,baja,645,550,22038011810
2022,15001,Tunja,Boyacá,TERRITORIAL,98.61573610609504,baja,9341,6442,729542344995
2022,15238,Duitama,Boyacá,NACIONAL,96.48739746029044,baja,258,240,8903269147
2022,13001,Cartagena,Bolívar,NACIONAL,92.6519008198496,baja,3447,2723,504497660179
2022,05154,Caucasia,Antioquia,NACIONAL,90.3353255814128,baja,178,173,6623637956
2022,05001,Medellín,Antioquia,NACIONAL,89.3355850386714,baja,16176,10352,1230799919119
2022,25473,Mosquera,Cundinamarca,NACIONAL,89.29134078594583,baja,387,375,15562893418
2022,41396,La Plata,Huila,NACIONAL,89.28884030386507,baja,158,150,4313266910
2022,66001,Pereira,Risaralda,TERRITORIAL,88.78575497956028,baja,13516,7969,909415874024
2022,41001,Neiva,Huila,TERRITORIAL,85.63001817229848,baja,6816,4286,458090498819
2022,41298,Garzón,Huila,NACIONAL,82.45811475203726,baja,181,162,5108955990
2022,76109,Buenaventura,Valle del Cauca,TERRITORIAL,77.11368982487443,baja,3069,2024,146041688492
2022,17380,La Dorada,Caldas,NACIONAL,75.51853554673565,baja,213,194,5642792790
2022,68432,Málaga,Santander,NACIONAL,74.35379044493456,baja,214,203,6717505838
2022,25307,Girardot,Cundinamarca,NACIONAL,74.23683368215698,baja,316,286,11725222901
2022,52356,Ipiales,Nariño,NACIONAL,73.60352207225269,baja,269,216,6206451095
2022,76834,Tuluá,Valle del Cauca,NACIONAL,73.40269235381784,baja,257,251,9266137852
2022,86568,Puerto Asís,Putumayo,NACIONAL,68.45406387814239,baja,410,397,16268165537
2022,76111,Guadalajara de Buga,Valle del Cauca,NACIONAL,66.36533023178215,baja,352,332,12814823000
2022,25001,Agua de Dios,Cundinamarca,NACIONAL,61.545875886874946,baja,905,592,21998804913
2022,25290,Fusagasugá,Cundinamarca,NACIONAL,52.20126342156062,baja,478,435,13452687240
2022,41551,Pitalito,Huila,NACIONAL,50.94283420377524,baja,384,355,11709100872
2022,25293,Gachala,Cundinamarca,OTRO,50.56087840890981,baja,228,223,2825533276
2022,25875,Villeta,Cundinamarca,NACIONAL,49.145627947215054,baja,334,317,10940879444
2022,05579,Puerto Berrío,Antioquia,NACIONAL,49.14373149268788,baja,244,231,7618867337
2022,05045,Apartadó,Antioquia,NACIONAL,48.375708992887446,baja,471,437,17217391818
2022,08638,Sabanalarga,Atlántico,NACIONAL,46.59325282117013,baja,335,315,11253173876
2022,25175,Chía,Cundinamarca,NACIONAL,42.43528691228289,baja,406,387,15546640366
2022,05360,Itagui,Antioquia,NACIONAL,41.544081225944105,baja,550,502,20770829947
2022,05615,Rionegro,Antioquia,NACIONAL,41.052724380280125,baja,392,377,14475998727
2022,15759,Sogamoso,Boyacá,NACIONAL,36.405388123868995,baja,614,573,21378842000
2023,05044,Anza,Antioquia,NACIONAL,10000.0,alta,1,1,8500000
2023,05467,Montebello,Antioquia,NACIONAL,10000.0,alta,1,1,9000000
2023,08560,Ponedera,Atlántico,TERRITORIAL,10000.0,alta,1,1,949584554
2023,08685,Santo Tomás,Atlántico,TERRITORIAL,10000.0,alta,1,1,546000000
2023,13006,Achí,Bolívar,TERRITORIAL,10000.0,alta,1,1,260000000
2023,13212,Córdoba,Bolívar,NACIONAL,10000.0,alta,1,1,26400000
2023,15106,Briceño,Boyacá,NACIONAL,10000.0,alta,1,1,74902156
2023,15403,La Uvita,Boyacá,NACIONAL,10000.0,alta,1,1,4675500
2023,15673,San Mateo,Boyacá,NACIONAL,10000.0,alta,1,1,38966086
2023,17873,Villamaría,Caldas,NACIONAL,10000.0,alta,1,1,28856234
2023,18001,Florencia,Caquetá,OTRO,10000.0,alta,1,1,173913604
2023,19142,Caloto,Cauca,NACIONAL,10000.0,alta,1,1,28800000
2023,19585,Puracé,Cauca,TERRITORIAL,10000.0,alta,1,1,12900000
2023,19698,Santander de Quilichao,Cauca,NACIONAL,10000.0,alta,1,1,49999900
2023,23168,Chimá,Córdoba,NACIONAL,10000.0,alta,1,1,1500000
2023,25594,Quetame,Cundinamarca,NACIONAL,10000.0,alta,1,1,2000000
2023,25871,Villagómez,Cundinamarca,NACIONAL,10000.0,alta,1,1,2427000
2023,27800,Unguía,Chocó,TERRITORIAL,10000.0,alta,1,1,354595000
2023,41016,Aipe,Huila,NACIONAL,10000.0,alta,1,1,95653930
2023,47551,Pivijay,Magdalena,NACIONAL,10000.0,alta,1,1,2847270
2023,52019,Albán,Nariño,NACIONAL,10000.0,alta,1,1,24912187
2023,52036,Ancuyá,Nariño,NACIONAL,10000.0,alta,1,1,28287220
2023,52083,Belén,Nariño,NACIONAL,10000.0,alta,1,1,439320700
2023,52224,Cuaspud,Nariño,TERRITORIAL,10000.0,alta,1,1,48701900
2023,52254,El Peñol,Nariño,NACIONAL,10000.0,alta,1,1,50970000
2023,52621,Roberto Payán,Nariño,TERRITORIAL,10000.0,alta,1,1,20400064
2023,52788,Tangua,Nariño,NACIONAL,10000.0,alta,1,1,30000000
2023,68190,Cimitarra,Santander,NACIONAL,10000.0,alta,3,1,1135000000
2023,68547,Piedecuesta,Santander,NACIONAL,10000.0,alta,1,1,27066550
2023,70418,Los Palmitos,Sucre,NACIONAL,10000.0,alta,1,1,200000000
2023,73411,Líbano,Tolima,TERRITORIAL,10000.0,alta,1,1,360941597
2023,76122,Caicedonia,Valle del Cauca,NACIONAL,10000.0,alta,1,1,900000
2023,85136,La Salina,Casanare,NACIONAL,10000.0,alta,1,1,50000000
2023,08770,Suan,Atlántico,TERRITORIAL,9912.574919051574,alta,2,2,166406303
2023,15047,Aquitania,Boyacá,TERRITORIAL,9336.354862757526,alta,219,163,310815184938
2023,68770,Suaita,Santander,NACIONAL,9058.05918905174,alta,2,2,13938686288
2023,19450,Mercaderes,Cauca,TERRITORIAL,8935.348463861961,alta,236,185,90184678152
2023,13188,Cicuco,Bolívar,TERRITORIAL,8778.373067767257,alta,4,4,2179142636
2023,19809,Timbiquí,Cauca,TERRITORIAL,8637.423454847109,alta,3,2,1631844145
2023,20295,Gamarra,Cesar,TERRITORIAL,8549.502922866302,alta,2,2,564010000
2023,73624,Rovira,Tolima,TERRITORIAL,8357.068193196495,alta,340,228,240433721600
2023,76036,Andalucía,Valle del Cauca,TERRITORIAL,8347.36714599238,alta,370,196,149106952913
2023,68001,Bucaramanga,Santander,OTRO,8331.966685433867,alta,3,3,259235863
2023,13620,San Cristóbal,Bolívar,TERRITORIAL,7988.233568033763,alta,89,74,74931513689
2023,13042,Arenal,Bolívar,TERRITORIAL,7877.154342118733,alta,50,28,15226131099
2023,05310,Gómez Plata,Antioquia,TERRITORIAL,7822.249344698489,alta,295,179,129639847894
2023,13490,Norosí,Bolívar,TERRITORIAL,7773.651472022405,alta,33,31,5514657852
2023,27615,Riosucio,Chocó,TERRITORIAL,7748.108354291985,alta,15,13,2029206122
2023,13222,Clemencia,Bolívar,TERRITORIAL,7742.81912944288,alta,356,214,164075839439
2023,05854,Valdivia,Antioquia,TERRITORIAL,7601.265902143221,alta,354,239,110278316774
2023,18753,San Vicente del Caguán,Caquetá,TERRITORIAL,7531.483291083677,alta,518,323,271016925974
2023,05197,Cocorná,Antioquia,NACIONAL,7511.564436553594,alta,2,2,20599970
2023,73411,Líbano,Tolima,NACIONAL,7387.326193235255,alta,7,4,72971165
2023,20175,Chimichagua,Cesar,NO_DEFINIDO,7306.844815556578,alta,7,2,26661800
2023,44090,Dibulla,La Guajira,TERRITORIAL,7238.400295021271,alta,346,189,506056862152
2023,05190,Cisneros,Antioquia,NACIONAL,7195.622291378156,alta,2,2,12004826
2023,25151,Caqueza,Cundinamarca,TERRITORIAL,6927.427744220968,alta,685,374,273769938196
2023,27660,San José del Palmar,Chocó,TERRITORIAL,6823.525298029338,alta,5,3,13551200
2023,13001,Cartagena,Bolívar,OTRO,6605.304715428998,alta,179,170,130013049190
2023,27001,Quibdó,Chocó,NACIONAL,6483.933798239272,alta,763,595,178909418046
2023,15522,Panqueba,Boyacá,NACIONAL,6449.704142011836,alta,2,2,26000000
2023,50325,Mapiripán,Meta,NACIONAL,6408.471497401439,alta,2,2,6247066099
2023,19137,Caldono,Cauca,NACIONAL,6342.177387906464,alta,4,4,598621323
2023,50711,Vistahermosa,Meta,NACIONAL,6260.130053250114,alta,2,2,24909956
2023,08638,Sabanalarga,Atlántico,TERRITORIAL,6197.420583747161,alta,23,15,11329559487
2023,13688,Santa Rosa del Sur,Bolívar,NACIONAL,6153.585090228609,alta,3,2,1486155000
2023,73067,Ataco,Tolima,NACIONAL,6087.6282398462345,alta,2,2,19371569
2023,05145,Caramanta,Antioquia,TERRITORIAL,6067.950340549619,alta,112,77,23873981002
2023,25019,Albán,Cundinamarca,NACIONAL,6065.017909204699,alta,23,16,1813946896
2023,54398,La Playa,Norte de Santander,TERRITORIAL,6052.408880246662,alta,4,2,1552930488
2023,05541,Peñol,Antioquia,NACIONAL,6027.831422599008,alta,6,4,24380818
2023,47541,Pedraza,Magdalena,TERRITORIAL,5939.10645435305,alta,68,34,5953845626
2023,23419,Los Córdobas,Córdoba,TERRITORIAL,5734.7757374075245,alta,28,20,11237056397
2023,15676,San Miguel de Sema,Boyacá,TERRITORIAL,5728.479773210584,alta,155,105,22305495844
2023,13473,Morales,Bolívar,TERRITORIAL,5699.156991601456,alta,342,219,95632704755
2023,68867,Vetas,Santander,NACIONAL,5673.517522214952,alta,3,3,575142496
2023,13052,Arjona,Bolívar,TERRITORIAL,5626.5954703224725,alta,36,31,19886360052
2023,52699,Santacruz,Nariño,NACIONAL,5603.299044111694,alta,2,2,1102766720
2023,17877,Viterbo,Caldas,TERRITORIAL,5561.893520364697,alta,14,14,195859860
2023,05059,Armenia,Antioquia,TERRITORIAL,5510.470648328866,alta,144,86,10086163776
2023,27787,Tadó,Chocó,TERRITORIAL,5509.964786152731,alta,57,57,10123919378
2023,85250,Paz de Ariporo,Casanare,NACIONAL,5397.399238193954,alta,9,9,383583361
2023,05631,Sabaneta,Antioquia,TERRITORIAL,5395.339208880205,alta,4266,2099,676574541876
2023,68432,Málaga,Santander,TERRITORIAL,5266.356525289705,alta,331,219,89720402868
2023,47605,Remolino,Magdalena,TERRITORIAL,5256.793380669267,alta,69,50,11722878065
2023,86885,Villagarzón,Putumayo,NACIONAL,5204.20045280354,alta,2,2,672385124
2023,70215,Corozal,Sucre,TERRITORIAL,5161.5999544579245,alta,214,152,86048122942
2023,25224,Cucunubá,Cundinamarca,NACIONAL,5156.863439811359,alta,22,18,819497733
2023,91001,Leticia,Amazonas,NO_DEFINIDO,5097.542072111388,alta,8,8,197759650
2023,81591,Puerto Rondón,Arauca,NACIONAL,5091.248149121006,alta,2,2,4367931
2023,50573,Puerto López,Meta,OTRO,5087.300277542292,alta,3,2,37098000
2023,52696,Santa Bárbara,Nariño,TERRITORIAL,5062.817944607829,alta,432,241,37303254436
2023,73349,Honda,Tolima,NACIONAL,5053.731483167053,alta,4,3,21269025
2023,27050,Atrato,Chocó,TERRITORIAL,5019.7710293517885,alta,2,2,60153181
2023,54206,Convención,Norte de Santander,OTRO,5000.604270795227,alta,2,2,781961390
2023,13430,Magangué,Bolívar,TERRITORIAL,4985.62223408429,alta,117,70,8200052330
2023,25594,Quetame,Cundinamarca,TERRITORIAL,4918.997373201091,alta,192,109,37564167359
2023,08372,Juan de Acosta,Atlántico,TERRITORIAL,4907.420026699857,alta,173,103,10445017902
2023,47745,Sitionuevo,Magdalena,NACIONAL,4903.476605898028,alta,98,96,11579206587
2023,47189,Ciénaga,Magdalena,NACIONAL,4808.1011342618585,alta,3,3,675371204
2023,15808,Tinjacá,Boyacá,NACIONAL,4783.486593844017,alta,4,4,145829483
2023,08560,Ponedera,Atlántico,NACIONAL,4726.164346269576,alta,6,6,154180364
2023,25151,Caqueza,Cundinamarca,NACIONAL,4691.976098680948,alta,4,4,22074000
2023,54820,Toledo,Norte de Santander,NACIONAL,4595.91656883923,alta,3,3,7777542
2023,47745,Sitionuevo,Magdalena,TERRITORIAL,4437.834479795634,alta,847,360,40236516389
2023,05790,Tarazá,Antioquia,NACIONAL,4423.738246344104,alta,5,4,73657600
2023,05400,La Unión,Antioquia,TERRITORIAL,4400.34114740275,alta,92,77,8641242627
2023,27073,Bagadó,Chocó,TERRITORIAL,4400.132615277945,alta,102,65,39547835335
2023,27025,Alto Baudo,Chocó,TERRITORIAL,4327.536476185126,alta,16,5,477754793
2023,25386,La Mesa,Cundinamarca,NACIONAL,4315.271372777572,alta,3,3,16735542
2023,52354,Imués,Nariño,TERRITORIAL,4224.9881290095445,alta,15,11,1015857286
2023,27745,Sipí,Chocó,TERRITORIAL,4074.5268976334464,alta,31,21,633268610584
2023,20228,Curumaní,Cesar,NACIONAL,4031.686837819386,alta,4,4,13444289
2023,47545,Pijiño del Carmen,Magdalena,NACIONAL,4031.264127649829,alta,118,54,1091314626
2023,25823,Topaipí,Cundinamarca,TERRITORIAL,4023.974623091245,alta,250,119,28358995060
2023,11001,Bogotá D.C.,Bogotá,OTRO,3998.5040057479873,alta,118,114,41430741774
2023,47001,Santa Marta,Magdalena,OTRO,3955.604242609477,alta,876,515,758218473803
2023,81591,Puerto Rondón,Arauca,TERRITORIAL,3943.9592050947376,alta,124,60,16745864996
2023,52051,Arboleda,Nariño,TERRITORIAL,3901.7768256410773,alta,488,228,34311353145
2023,73443,Mariquita,Tolima,TERRITORIAL,3901.451599249182,alta,23,21,7965950709
2023,73319,Guamo,Tolima,TERRITORIAL,3863.1842590454266,alta,7,7,136927133
2023,08634,Sabanagrande,Atlántico,TERRITORIAL,3770.4183241753744,alta,27,25,11692342340
2023,05501,Olaya,Antioquia,TERRITORIAL,3749.599113108239,alta,144,74,6700988288
2023,81300,Fortul,Arauca,NACIONAL,3743.3233458919776,alta,5,4,45030770
2023,25841,Ubaque,Cundinamarca,TERRITORIAL,3700.574719218695,alta,281,167,44758734620
2023,44874,Villanueva,La Guajira,TERRITORIAL,3520.120555811533,alta,182,106,24522793690
2023,15480,Muzo,Boyacá,NACIONAL,3479.505173829005,alta,3,3,1066957714
2023,50226,Cumaral,Meta,OTRO,3452.638408304498,alta,4,4,27200000
2023,13549,Pinillos,Bolívar,TERRITORIAL,3406.2870610585665,alta,7,7,4027500384
2023,20178,Chiriguaná,Cesar,TERRITORIAL,3381.6175665083215,alta,354,228,20251471362
2023,19075,Balboa,Cauca,TERRITORIAL,3377.1865619696127,alta,148,127,10972306831
2023,25580,Pulí,Cundinamarca,TERRITORIAL,3375.472085209184,alta,189,108,4839554865
2023,05679,Santa Bárbara,Antioquia,NACIONAL,3360.687298162703,alta,7,7,53529292
2023,73678,San Luis,Tolima,NACIONAL,3333.062132980322,alta,41,34,5770470702
2023,47570,Puebloviejo,Magdalena,TERRITORIAL,3290.873661718111,alta,87,84,2451872303
2023,81794,Tame,Arauca,NACIONAL,3287.8414364006635,alta,26,18,2382295196
2023,18247,El Doncello,Caquetá,TERRITORIAL,3283.0125205981594,alta,286,169,33752449732
2023,05856,Valparaíso,Antioquia,TERRITORIAL,3249.9366296599574,alta,138,76,6608152064
2023,47703,San Zenón,Magdalena,TERRITORIAL,3216.054040929896,alta,138,81,9349333334
2023,20383,La Gloria,Cesar,TERRITORIAL,3211.862175442108,alta,43,38,2489266533
2023,70708,San Marcos,Sucre,TERRITORIAL,3193.0386136633047,alta,228,145,51555830350
2023,05376,La Ceja,Antioquia,NACIONAL,3192.56573056335,alta,9,9,106762983
2023,73349,Honda,Tolima,TERRITORIAL,3144.6436022137505,alta,1896,666,165224380845
2023,15322,Guateque,Boyacá,NACIONAL,3108.0095124103705,alta,11,7,77667698
2023,81300,Fortul,Arauca,TERRITORIAL,3073.421511452399,alta,299,150,42392450904
2023,47245,El Banco,Magdalena,NACIONAL,3056.793078350387,alta,6,5,28707166
2023,44855,Urumita,La Guajira,TERRITORIAL,3052.5864055742763,alta,191,155,47330402136
2023,15897,Zetaquira,Boyacá,NACIONAL,3040.090830664767,alta,13,6,68390120
2023,15681,San Pablo de Borbur,Boyacá,NACIONAL,3028.7190533039316,alta,26,15,1720795045
2023,97666,Taraira,Vaupés,TERRITORIAL,3018.2022497570497,alta,185,63,15983537492
2023,08606,Repelón,Atlántico,TERRITORIAL,3012.462384725471,alta,140,101,6261677422
2023,08433,Malambo,Atlántico,TERRITORIAL,3004.830828907499,alta,27,21,21439844160
2023,47798,Tenerife,Magdalena,TERRITORIAL,2985.527414725736,alta,41,36,4087769878
2023,15762,Sora,Boyacá,NACIONAL,2974.7558587063922,alta,15,12,1142388208
2023,20228,Curumaní,Cesar,TERRITORIAL,2963.774270177097,alta,412,216,29860268450
2023,23090,Canalete,Córdoba,TERRITORIAL,2959.3285692444406,alta,4,4,172174000
2023,19110,Buenos Aires,Cauca,OTRO,2941.5169187915194,alta,190,93,24835894999
2023,25426,Macheta,Cundinamarca,TERRITORIAL,2922.2193655957235,alta,228,150,27731270561
2023,66440,Marsella,Risaralda,TERRITORIAL,2918.703994134891,alta,375,212,16148707426
2023,76364,Jamundí,Valle del Cauca,NACIONAL,2905.3881822186777,alta,39,28,3862815284
2023,76318,Guacarí,Valle del Cauca,OTRO,2875.547741483703,alta,4,4,12032000
2023,05206,Concepción,Antioquia,TERRITORIAL,2869.5793757979195,alta,367,177,16314251388
2023,08849,Usiacurí,Atlántico,TERRITORIAL,2856.7036192175005,alta,108,67,3408950456
2023,52405,Leiva,Nariño,TERRITORIAL,2774.0590634446103,alta,487,214,29856927536
2023,13688,Santa Rosa del Sur,Bolívar,TERRITORIAL,2759.771609957726,alta,18,15,3553047041
2023,23182,Chinú,Córdoba,NACIONAL,2748.159415677263,alta,9,6,105442209
2023,13600,Río Viejo,Bolívar,TERRITORIAL,2735.3403569083534,alta,194,137,14283821783
2023,25572,Puerto Salgar,Cundinamarca,NACIONAL,2714.556923095043,alta,20,20,884477847
2023,86760,Santiago,Putumayo,TERRITORIAL,2697.9131477079914,alta,532,204,24137175638
2023,15740,Siachoque,Boyacá,TERRITORIAL,2687.797370750548,alta,206,143,42870625329
2023,68211,Contratación,Santander,NACIONAL,2675.332682973601,alta,8,7,1323521608
2023,05086,Belmira,Antioquia,TERRITORIAL,2671.1602334156764,alta,335,174,32068943687
2023,15368,Jericó,Boyacá,TERRITORIAL,2642.918301442554,alta,130,82,9378821809
2023,70523,Palmito,Sucre,NACIONAL,2601.0644288963495,alta,25,14,317842597
2023,44420,La Jagua del Pilar,La Guajira,TERRITORIAL,2590.313323270184,alta,283,130,19768441719
2023,05347,Heliconia,Antioquia,TERRITORIAL,2589.2476002111894,alta,242,117,9147571838
2023,05209,Concordia,Antioquia,TERRITORIAL,2586.006462824636,alta,198,116,16291483390
2023,15518,Pajarito,Boyacá,TERRITORIAL,2579.5347560422233,alta,157,79,6598895429
2023,05129,Caldas,Antioquia,TERRITORIAL,2579.4582500146175,alta,860,470,79799556450
2023,08558,Polonuevo,Atlántico,TERRITORIAL,2579.2766436478055,alta,195,126,15117173830
2023,15469,Moniquirá,Boyacá,NACIONAL,2573.5775575776847,alta,12,8,111716094
2023,52885,Yacuanquer,Nariño,TERRITORIAL,2563.7197039422454,alta,335,183,20521205118
2023,05321,Guatapé,Antioquia,TERRITORIAL,2562.9618096906092,alta,599,332,293142346545
2023,13654,San Jacinto,Bolívar,TERRITORIAL,2558.0597148756374,alta,236,142,10801180316
2023,13001,Cartagena,Bolívar,NACIONAL,2547.667462985178,alta,3688,2715,1003283358132
2023,05237,Don Matías,Antioquia,TERRITORIAL,2522.0512488370723,alta,302,210,55900474102
2023,44378,Hatonuevo,La Guajira,NACIONAL,2492.641853815926,moderada,10,6,86841956
2023,20621,La Paz,Cesar,TERRITORIAL,2486.649028195326,moderada,956,452,25389682529
2023,15403,La Uvita,Boyacá,TERRITORIAL,2483.7748702578097,moderada,254,116,11269763432
2023,05088,Bello,Antioquia,TERRITORIAL,2459.1331400946483,moderada,2341,1912,412430970552
2023,05282,Fredonia,Antioquia,TERRITORIAL,2445.2439698854896,moderada,213,174,17962646871
2023,05887,Yarumal,Antioquia,NACIONAL,2440.1109086297565,moderada,16,11,511369391
2023,05819,Toledo,Antioquia,TERRITORIAL,2415.445134507999,moderada,137,94,14690887244
2023,66170,Dosquebradas,Risaralda,NACIONAL,2400.7225847945615,moderada,15,12,302300515
2023,25183,Chocontá,Cundinamarca,NACIONAL,2382.938429491617,moderada,9,7,89276896
2023,44090,Dibulla,La Guajira,NACIONAL,2368.931009718642,moderada,6,5,34219298
2023,15090,Berbeo,Boyacá,TERRITORIAL,2357.2197798583766,moderada,206,133,14616007338
2023,47318,Guamal,Magdalena,TERRITORIAL,2349.0466279994034,moderada,249,119,19663528819
2023,23580,Puerto Libertador,Córdoba,TERRITORIAL,2317.833620238429,moderada,246,184,40553808734
2023,13760,Soplaviento,Bolívar,TERRITORIAL,2312.656675145099,moderada,10,8,898967657
2023,25740,Sibaté,Cundinamarca,NACIONAL,2306.5424324359383,moderada,51,49,6641878706
2023,05480,Mutatá,Antioquia,TERRITORIAL,2301.201884946522,moderada,323,190,28141199245
2023,05264,Entrerrios,Antioquia,TERRITORIAL,2299.204306461891,moderada,218,142,35476928371
2023,86755,San Francisco,Putumayo,TERRITORIAL,2298.9498319931204,moderada,153,85,2850159338
2023,52110,Buesaco,Nariño,TERRITORIAL,2277.8803846498486,moderada,531,297,31942697874
2023,76400,La Unión,Valle del Cauca,TERRITORIAL,2275.148248736911,moderada,462,281,31759490299
2023,13244,El Carmen de Bolívar,Bolívar,TERRITORIAL,2274.3425205050503,moderada,820,387,41262246529
2023,70418,Los Palmitos,Sucre,TERRITORIAL,2271.985931544468,moderada,190,127,13135681732
2023,23670,San Andrés Sotavento,Córdoba,TERRITORIAL,2269.6090260597853,moderada,156,105,64465185865
2023,15755,Socotá,Boyacá,NACIONAL,2265.384572637038,moderada,17,13,2059349275
2023,50245,El Calvario,Meta,TERRITORIAL,2262.8716097487572,moderada,67,55,4500025688
2023,23500,Moñitos,Córdoba,TERRITORIAL,2249.7565689955036,moderada,67,39,21643087425
2023,27580,Río Iro,Chocó,TERRITORIAL,2240.863345496899,moderada,25,15,1452627965
2023,25001,Agua de Dios,Cundinamarca,TERRITORIAL,2236.764819266668,moderada,557,245,20593259996
2023,20400,La Jagua de Ibirico,Cesar,NACIONAL,2235.0008840504124,moderada,88,69,7419149373
2023,20045,Becerril,Cesar,TERRITORIAL,2228.7602603435857,moderada,130,124,122068029176
2023,23162,Cereté,Córdoba,TERRITORIAL,2186.108714275623,moderada,267,177,85300686292
2023,13074,Barranco de Loba,Bolívar,TERRITORIAL,2183.502664519269,moderada,77,75,4976936997
2023,19290,Florencia,Cauca,TERRITORIAL,2177.9286914003505,moderada,134,70,11801653028
2023,76736,Sevilla,Valle del Cauca,NACIONAL,2173.415065859464,moderada,10,8,114553999
2023,05036,Angelópolis,Antioquia,TERRITORIAL,2172.9920147333196,moderada,153,96,16848860875
2023,05674,San Vicente,Antioquia,TERRITORIAL,2170.03477172856,moderada,415,251,32827116396
2023,25178,Chipaque,Cundinamarca,TERRITORIAL,2146.3023976925406,moderada,421,267,50140669313
2023,47675,Salamina,Magdalena,TERRITORIAL,2142.202776289729,moderada,245,88,14897426379
2023,68217,Coromoro,Santander,TERRITORIAL,2137.8051345429435,moderada,196,123,14931325016
2023,13430,Magangué,Bolívar,NACIONAL,2132.5834829672744,moderada,21,18,4135449248
2023,05034,Andes,Antioquia,NACIONAL,2127.9753303708612,moderada,11,9,204657963
2023,08549,Piojó,Atlántico,TERRITORIAL,2106.901627153885,moderada,224,163,7570988941
2023,05212,Copacabana,Antioquia,TERRITORIAL,2105.917102336105,moderada,648,543,112447303665
2023,23068,Ayapel,Córdoba,TERRITORIAL,2095.424120664429,moderada,427,265,76201236490
2023,05045,Apartadó,Antioquia,TERRITORIAL,2094.191696392183,moderada,1069,689,197016997683
2023,05467,Montebello,Antioquia,TERRITORIAL,2065.6792880826156,moderada,226,127,16032246827
2023,20238,El Copey,Cesar,TERRITORIAL,2052.7666314575617,moderada,205,166,28510257073
2023,18479,Morelia,Caquetá,TERRITORIAL,2051.4794316148304,moderada,134,98,9033256293
2023,44098,Distracción,La Guajira,TERRITORIAL,2042.1544975767547,moderada,85,53,20396130348
2023,13580,Regidor,Bolívar,TERRITORIAL,2029.7016484207738,moderada,13,9,617539813
2023,15638,Sáchica,Boyacá,TERRITORIAL,2020.1910692040406,moderada,154,105,16089164008
2023,15051,Arcabuco,Boyacá,TERRITORIAL,2016.0501213909622,moderada,119,93,12679303219
2023,05318,Guarne,Antioquia,TERRITORIAL,2010.998147504887,moderada,895,627,85979083062
2023,05306,Giraldo,Antioquia,TERRITORIAL,1998.0243739262185,moderada,234,119,14337881389
2023,47205,Concordia,Magdalena,TERRITORIAL,1995.2960116348331,moderada,167,116,4527473957
2023,13212,Córdoba,Bolívar,TERRITORIAL,1995.2182439875753,moderada,25,21,4514327034
2023,52320,Guaitarilla,Nariño,TERRITORIAL,1984.4898322777524,moderada,493,196,11208436125
2023,15755,Socotá,Boyacá,TERRITORIAL,1974.1931313210953,moderada,147,105,11823749184
2023,15621,Rondón,Boyacá,TERRITORIAL,1961.0863812886182,moderada,107,75,9084959148
2023,23807,Tierralta,Córdoba,NACIONAL,1943.2418886233927,moderada,12,8,83738100
2023,08832,Tubará,Atlántico,TERRITORIAL,1938.55437554627,moderada,9,7,28900000
2023,05321,Guatapé,Antioquia,NACIONAL,1929.806848751123,moderada,46,39,4005555663
2023,27075,Bahía Solano,Chocó,TERRITORIAL,1897.7364598098877,moderada,85,35,5123314299
2023,15693,Santa Rosa de Viterbo,Boyacá,NACIONAL,1891.071653704395,moderada,14,12,331008486
2023,13838,Turbaná,Bolívar,NACIONAL,1887.1208242154119,moderada,67,47,1388712504
2023,50313,Granada,Meta,NACIONAL,1886.4533866024542,moderada,9,9,152914428
2023,86757,San Miguel,Putumayo,TERRITORIAL,1879.9169345522616,moderada,35,25,2157358448
2023,85001,Yopal,Casanare,NACIONAL,1876.0780429696513,moderada,1344,1014,87365723013
2023,25035,Anapoima,Cundinamarca,TERRITORIAL,1842.732004002248,moderada,110,86,13085364547
2023,17513,Pácora,Caldas,NACIONAL,1836.5976863958463,moderada,10,8,34388070
2023,52720,Sapuyes,Nariño,TERRITORIAL,1835.4093299003832,moderada,364,198,19389654847
2023,41615,Rivera,Huila,NACIONAL,1824.6387829061373,moderada,18,18,729294938
2023,17444,Marquetalia,Caldas,TERRITORIAL,1819.4598222477177,moderada,411,191,16686559275
2023,23300,Cotorra,Córdoba,TERRITORIAL,1815.013356736992,moderada,92,75,6203656587
2023,13683,Santa Rosa,Bolívar,TERRITORIAL,1806.3098862800011,moderada,30,20,5551662579
2023,15276,Floresta,Boyacá,TERRITORIAL,1805.3732860401337,moderada,167,88,10947229991
2023,68720,Santa Helena del Opón,Santander,TERRITORIAL,1804.0112095028412,moderada,160,97,8517724661
2023,50330,Mesetas,Meta,TERRITORIAL,1803.0536828349768,moderada,345,179,31273318243
2023,76243,El Águila,Valle del Cauca,TERRITORIAL,1793.6951783063082,moderada,190,104,8613023749
2023,13458,Montecristo,Bolívar,TERRITORIAL,1780.5413550171406,moderada,304,178,23033980047
2023,05360,Itagui,Antioquia,OTRO,1776.0909901149653,moderada,168,139,222394978772
2023,25845,Une,Cundinamarca,TERRITORIAL,1755.252196108774,moderada,274,152,23219188006
2023,68245,El Guacamayo,Santander,TERRITORIAL,1750.107776063411,moderada,186,111,10013124671
2023,73443,Mariquita,Tolima,NACIONAL,1741.9755229380412,moderada,22,20,1015049767
2023,15087,Belén,Boyacá,TERRITORIAL,1741.6044286029405,moderada,157,122,15187169970
2023,41791,Tarqui,Huila,TERRITORIAL,1740.2188034946125,moderada,189,132,10823576882
2023,81065,Arauquita,Arauca,TERRITORIAL,1734.0466597845893,moderada,339,199,73204421198
2023,13650,San Fernando,Bolívar,TERRITORIAL,1729.7151772105506,moderada,18,15,1928031111
2023,44110,El Molino,La Guajira,TERRITORIAL,1722.409044099658,moderada,139,114,16809349468
2023,05697,El Santuario,Antioquia,NACIONAL,1719.6709472126622,moderada,604,300,88958142334
2023,08433,Malambo,Atlántico,NACIONAL,1718.1043048437302,moderada,18,18,610702810
2023,73200,Coello,Tolima,TERRITORIAL,1716.524509335364,moderada,286,180,7561135519
2023,15572,Puerto Boyacá,Boyacá,TERRITORIAL,1713.4778965385437,moderada,904,450,91037832432
2023,41001,Neiva,Huila,NACIONAL,1707.4785082227,moderada,1630,1275,159286152883
2023,05647,San Andrés de Cuerquía,Antioquia,TERRITORIAL,1688.1613177620404,moderada,234,125,13149616617
2023,15442,Maripí,Boyacá,TERRITORIAL,1682.6460438268455,moderada,237,150,17876326896
2023,73678,San Luis,Tolima,TERRITORIAL,1678.5634785061486,moderada,328,196,25770162633
2023,19397,La Vega,Cauca,TERRITORIAL,1673.2990428663152,moderada,202,128,15973847201
2023,68169,Charta,Santander,TERRITORIAL,1659.546687219846,moderada,159,88,8430636099
2023,15842,Umbita,Boyacá,TERRITORIAL,1655.7525445057527,moderada,230,136,15362065490
2023,13838,Turbaná,Bolívar,TERRITORIAL,1651.2390331144097,moderada,267,167,16207533583
2023,47268,El Retén,Magdalena,TERRITORIAL,1644.339445232636,moderada,182,91,17040037890
2023,05353,Hispania,Antioquia,TERRITORIAL,1643.6807477745904,moderada,214,118,12622314336
2023,68307,Girón,Santander,NACIONAL,1632.4670985196387,moderada,41,18,1553257587
2023,52520,Francisco Pizarro,Nariño,TERRITORIAL,1628.9171214367843,moderada,548,231,18431371097
2023,05789,Támesis,Antioquia,TERRITORIAL,1620.114234772457,moderada,437,261,19189397267
2023,15537,Paz de Río,Boyacá,TERRITORIAL,1616.4310865605926,moderada,168,111,7142253011
2023,52685,San Bernardo,Nariño,TERRITORIAL,1616.0067078581676,moderada,270,153,5973182479
2023,15632,Saboyá,Boyacá,TERRITORIAL,1615.3309208634446,moderada,164,123,17454221337
2023,18756,Solano,Caquetá,TERRITORIAL,1610.6436837975323,moderada,142,97,20994130992
2023,15380,La Capilla,Boyacá,TERRITORIAL,1604.026498243277,moderada,139,94,7422409024
2023,25797,Tena,Cundinamarca,TERRITORIAL,1601.5875350972549,moderada,260,167,21161036223
2023,81736,Saravena,Arauca,NACIONAL,1601.4421180187287,moderada,33,21,1683696870
2023,05142,Caracolí,Antioquia,TERRITORIAL,1590.0047587569488,moderada,147,98,7566209065
2023,05576,Pueblorrico,Antioquia,TERRITORIAL,1581.659568631023,moderada,195,110,6104441359
2023,15776,Sutamarchán,Boyacá,TERRITORIAL,1579.1341366716174,moderada,169,120,10680083905
2023,52260,El Tambo,Nariño,TERRITORIAL,1576.8568332570912,moderada,442,224,38271545348
2023,47555,Plato,Magdalena,TERRITORIAL,1569.442382403768,moderada,440,190,24149410991
2023,52323,Gualmatán,Nariño,TERRITORIAL,1565.242514000687,moderada,367,146,12373084505
2023,19807,Timbío,Cauca,TERRITORIAL,1565.1151847556598,moderada,557,290,58686165076
2023,54206,Convención,Norte de Santander,TERRITORIAL,1558.6896522627353,moderada,298,165,14492522082
2023,13667,San Martín de Loba,Bolívar,TERRITORIAL,1557.156148964035,moderada,109,84,15061921424
2023,76126,Calima,Valle del Cauca,TERRITORIAL,1554.8029122219457,moderada,396,189,9583229367
2023,41132,Campoalegre,Huila,TERRITORIAL,1541.895845060808,moderada,422,202,22493931001
2023,15790,Tasco,Boyacá,TERRITORIAL,1541.6578664202975,moderada,199,103,5642294186
2023,15599,Ramiriquí,Boyacá,TERRITORIAL,1537.9068767105925,moderada,147,106,17607094324
2023,50150,Castilla la Nueva,Meta,TERRITORIAL,1533.4338086597488,moderada,549,323,75531508612
2023,54498,Ocaña,Norte de Santander,NACIONAL,1532.8182714703864,moderada,41,16,602484263
2023,41503,Oporapa,Huila,TERRITORIAL,1529.2466582561487,moderada,218,130,7968922929
2023,25898,Zipacón,Cundinamarca,TERRITORIAL,1519.9154185350815,moderada,151,107,4932408665
2023,05040,Anorí,Antioquia,TERRITORIAL,1515.3881482236907,moderada,352,204,27059202140
2023,47258,El Piñon,Magdalena,TERRITORIAL,1512.6908695168906,moderada,248,128,26461217202
2023,25815,Tocaima,Cundinamarca,TERRITORIAL,1512.2619486531644,moderada,289,207,18972011473
2023,44279,Fonseca,La Guajira,TERRITORIAL,1506.5832134664045,moderada,324,195,29469939076
2023,76845,Ulloa,Valle del Cauca,TERRITORIAL,1503.1486098611435,moderada,50,33,539275314
2023,76736,Sevilla,Valle del Cauca,TERRITORIAL,1502.6176991601283,moderada,535,274,18930455843
2023,52687,San Lorenzo,Nariño,TERRITORIAL,1498.79883635296,baja,475,238,13608195369
2023,54874,Villa del Rosario,Norte de Santander,TERRITORIAL,1484.9781542906821,baja,1241,967,54817861659
2023,05656,San Jerónimo,Antioquia,TERRITORIAL,1478.1941674494926,baja,440,207,22744832078
2023,86568,Puerto Asís,Putumayo,TERRITORIAL,1474.957107462578,baja,1178,568,66913529140
2023,05893,Yondó,Antioquia,TERRITORIAL,1466.681156167977,baja,613,431,61159765526
2023,05792,Tarso,Antioquia,TERRITORIAL,1458.8727246546996,baja,375,147,12872807815
2023,70235,Galeras,Sucre,TERRITORIAL,1457.4167074370803,baja,217,141,25140196039
2023,05579,Puerto Berrío,Antioquia,TERRITORIAL,1457.35391387969,baja,820,440,27328157173
2023,50226,Cumaral,Meta,TERRITORIAL,1450.9382738029826,baja,752,360,23777857578
2023,47053,Aracataca,Magdalena,TERRITORIAL,1448.0541934120438,baja,320,157,17122058588
2023,52036,Ancuyá,Nariño,TERRITORIAL,1447.279194451446,baja,235,105,9372637162
2023,97161,Caruru,Vaupés,TERRITORIAL,1440.3425677357016,baja,163,104,11260591491
2023,52399,La Unión,Nariño,TERRITORIAL,1438.8668807523172,baja,338,187,25577289797
2023,05154,Caucasia,Antioquia,TERRITORIAL,1436.706022983528,baja,431,305,48079311487
2023,68673,San Benito,Santander,TERRITORIAL,1426.2437086850407,baja,120,80,6438113719
2023,19100,Bolívar,Cauca,NACIONAL,1424.747548106706,baja,24,14,206819343
2023,73449,Melgar,Tolima,NACIONAL,1419.044665720504,baja,99,95,13960149522
2023,63190,Circasia,Quindío,TERRITORIAL,1418.1242171875397,baja,784,372,13819256972
2023,05591,Puerto Triunfo,Antioquia,NACIONAL,1417.7330638366413,baja,20,15,1301311568
2023,20710,San Alberto,Cesar,TERRITORIAL,1411.80027701352,baja,310,178,18467260697
2023,25245,El Colegio,Cundinamarca,TERRITORIAL,1407.954167763675,baja,969,529,39050064362
2023,52352,Iles,Nariño,TERRITORIAL,1402.2586891785397,baja,345,202,16193387556
2023,15761,Somondoco,Boyacá,TERRITORIAL,1401.5338230308494,baja,109,74,5350801355
2023,70110,Buenavista,Sucre,TERRITORIAL,1397.9027864114653,baja,199,133,18531160587
2023,20550,Pelaya,Cesar,TERRITORIAL,1387.3379093123174,baja,177,116,13660038274
2023,15806,Tibasosa,Boyacá,TERRITORIAL,1385.5099259335952,baja,304,183,25450495775
2023,25596,Quipile,Cundinamarca,TERRITORIAL,1367.5195206253263,baja,220,139,11738441260
2023,20175,Chimichagua,Cesar,TERRITORIAL,1361.457870237588,baja,180,140,14895966145
2023,86219,Colón,Putumayo,TERRITORIAL,1361.100350018639,baja,137,92,3066105233
2023,68867,Vetas,Santander,TERRITORIAL,1358.8912724191764,baja,134,67,3657161608
2023,70233,El Roble,Sucre,TERRITORIAL,1353.5136222812455,baja,163,139,12476671790
2023,41306,Gigante,Huila,TERRITORIAL,1348.0919991343685,baja,290,166,28155932869
2023,05045,Apartadó,Antioquia,OTRO,1347.5788802063103,baja,50,33,11465530159
2023,76823,Toro,Valle del Cauca,TERRITORIAL,1347.0954942669478,baja,220,87,9170007565
2023,68755,Socorro,Santander,TERRITORIAL,1345.6945065956988,baja,535,293,22610458444
2023,13655,San Jacinto del Cauca,Bolívar,TERRITORIAL,1341.024100242741,baja,216,155,14846410520
2023,76606,Restrepo,Valle del Cauca,TERRITORIAL,1340.7489732044442,baja,99,84,3032494935
2023,25758,Sopó,Cundinamarca,TERRITORIAL,1329.1778724723372,baja,921,543,84077711663
2023,70221,Coveñas,Sucre,NACIONAL,1322.8579224932625,baja,64,55,11642793972
2023,19022,Almaguer,Cauca,TERRITORIAL,1317.4682665044304,baja,316,177,20965138904
2023,15673,San Mateo,Boyacá,TERRITORIAL,1316.7931922775851,baja,98,73,8921281497
2023,73030,Ambalema,Tolima,TERRITORIAL,1315.4165002888997,baja,157,100,8876032032
2023,05315,Guadalupe,Antioquia,TERRITORIAL,1315.0702914761657,baja,187,118,13375156342
2023,94001,Inírida,Guainía,NACIONAL,1312.5770744695458,baja,272,218,29971345417
2023,13873,Villanueva,Bolívar,TERRITORIAL,1308.4413756023246,baja,19,10,108474230
2023,52207,Consaca,Nariño,TERRITORIAL,1306.1686790943506,baja,383,229,12083811044
2023,70215,Corozal,Sucre,NACIONAL,1302.1105516370185,baja,56,52,7885810735
2023,15507,Otanche,Boyacá,TERRITORIAL,1295.423381305525,baja,241,123,19670541262
2023,47960,Zapayán,Magdalena,TERRITORIAL,1295.3613933761237,baja,464,241,14498050796
2023,05890,Yolombó,Antioquia,TERRITORIAL,1293.1330505626058,baja,511,285,53298791669
2023,05250,El Bagre,Antioquia,TERRITORIAL,1288.3153530205839,baja,562,262,99634465225
2023,05761,Sopetrán,Antioquia,TERRITORIAL,1286.8551188215718,baja,53,46,624421497
2023,05055,Argelia,Antioquia,TERRITORIAL,1276.2720336728667,baja,183,116,6880132263
2023,08520,Palmar de Varela,Atlántico,TERRITORIAL,1274.5264145750175,baja,400,251,39067896505
2023,15681,San Pablo de Borbur,Boyacá,TERRITORIAL,1274.524898809204,baja,171,118,12275611830
2023,19392,La Sierra,Cauca,TERRITORIAL,1271.4663921145745,baja,293,176,8276381016
2023,99624,Santa Rosalía,Vichada,TERRITORIAL,1265.9943443683612,baja,247,135,12842177677
2023,05842,Uramita,Antioquia,TERRITORIAL,1265.433638267124,baja,190,100,9064554096
2023,19573,Puerto Tejada,Cauca,NACIONAL,1261.5681174987676,baja,26,15,78097149
2023,15322,Guateque,Boyacá,TERRITORIAL,1256.1361205985643,baja,296,172,34634407199
2023,15377,Labranzagrande,Boyacá,TERRITORIAL,1255.8776944504298,baja,212,146,11412750689
2023,25488,Nilo,Cundinamarca,TERRITORIAL,1255.4713514972705,baja,303,196,35585593868
2023,05887,Yarumal,Antioquia,TERRITORIAL,1255.010460281748,baja,475,255,60470379014
2023,70702,San Juan de Betulia,Sucre,TERRITORIAL,1252.229880762239,baja,133,79,13964967564
2023,13873,Villanueva,Bolívar,NACIONAL,1252.1792239571082,baja,101,69,3174621934
2023,25154,Carmen de Carupa,Cundinamarca,TERRITORIAL,1252.009536455146,baja,172,112,5743486987
2023,68861,Vélez,Santander,NACIONAL,1249.1173634694385,baja,400,354,19496436691
2023,15693,Santa Rosa de Viterbo,Boyacá,TERRITORIAL,1246.5070583246736,baja,105,77,7797888507
2023,68705,Santa Bárbara,Santander,TERRITORIAL,1244.4595362117514,baja,138,76,7991084132
2023,08001,Barranquilla,Atlántico,OTRO,1241.5506316522383,baja,329,310,92565344547
2023,68522,Palmar,Santander,TERRITORIAL,1239.9160459282448,baja,195,115,7339483803
2023,15774,Susacón,Boyacá,TERRITORIAL,1239.6345814251677,baja,104,75,4051720697
2023,15879,Viracachá,Boyacá,TERRITORIAL,1233.2894073960158,baja,145,96,5793790749
2023,52210,Contadero,Nariño,TERRITORIAL,1231.6716828013539,baja,579,243,17318749950
2023,05411,Liborina,Antioquia,TERRITORIAL,1231.5493788438116,baja,249,136,16203022840
2023,15600,Ráquira,Boyacá,TERRITORIAL,1231.0343436514643,baja,165,80,12213361289
2023,25200,Cogua,Cundinamarca,TERRITORIAL,1230.7405517321458,baja,351,301,21886516001
2023,13468,Mompós,Bolívar,TERRITORIAL,1230.5415949399312,baja,152,78,3564623290
2023,05284,Frontino,Antioquia,NACIONAL,1226.2675731861148,baja,31,25,509316950
2023,70429,Majagual,Sucre,TERRITORIAL,1225.0953120400738,baja,453,232,35227322440
2023,97001,Mitú,Vaupés,NACIONAL,1223.1300121097925,baja,77,71,10713182353
2023,18094,Belén de los Andaquies,Caquetá,TERRITORIAL,1208.4554056564098,baja,231,145,17269143691
2023,25086,Beltrán,Cundinamarca,TERRITORIAL,1205.2531793397018,baja,146,90,4434065028
2023,76109,Buenaventura,Valle del Cauca,OTRO,1204.5241130865093,baja,51,13,12770678934
2023,25320,Guaduas,Cundinamarca,TERRITORIAL,1203.8352789838634,baja,316,204,15672901664
2023,76863,Versalles,Valle del Cauca,TERRITORIAL,1201.0397215218063,baja,163,98,10027994238
2023,19455,Miranda,Cauca,TERRITORIAL,1196.9173820580702,baja,373,269,29774964893
2023,20060,Bosconia,Cesar,TERRITORIAL,1194.5873839050548,baja,332,180,3271524785
2023,05034,Andes,Antioquia,TERRITORIAL,1192.536086224763,baja,323,197,22413340895
2023,73671,Saldaña,Tolima,TERRITORIAL,1192.4075236709482,baja,800,354,27211579046
2023,25438,Medina,Cundinamarca,TERRITORIAL,1192.0137968973102,baja,216,141,12557415380
2023,52694,San Pedro de Cartago,Nariño,TERRITORIAL,1188.8473373077534,baja,408,192,22032148654
2023,05004,Abriaquí,Antioquia,TERRITORIAL,1187.380285916442,baja,162,90,6044145325
2023,54518,Pamplona,Norte de Santander,NACIONAL,1186.2121687365793,baja,590,270,18270285618
2023,05125,Caicedo,Antioquia,TERRITORIAL,1183.158980471904,baja,237,144,10824635908
2023,05690,Santo Domingo,Antioquia,TERRITORIAL,1179.2782059609558,baja,416,185,18328279333
2023,20614,Río de Oro,Cesar,TERRITORIAL,1175.769668423079,baja,123,99,5510023132
2023,13810,Tiquisio,Bolívar,TERRITORIAL,1172.3106189662906,baja,98,90,10186625213
2023,86573,Leguízamo,Putumayo,NACIONAL,1171.3023982193836,baja,62,54,13197968040
2023,85263,Pore,Casanare,TERRITORIAL,1169.3176002630216,baja,309,180,34877937585
2023,54498,Ocaña,Norte de Santander,TERRITORIAL,1164.248329950468,baja,1940,905,160295580783
2023,15720,Sativanorte,Boyacá,TERRITORIAL,1161.0742574660003,baja,131,83,8942690844
2023,86001,Mocoa,Putumayo,TERRITORIAL,1157.9159628490695,baja,2325,1246,262786359217
2023,76616,Riofrío,Valle del Cauca,TERRITORIAL,1157.6237649570028,baja,363,190,9560831925
2023,73563,Prado,Tolima,TERRITORIAL,1156.1251026836424,baja,106,67,1439263214
2023,15814,Toca,Boyacá,TERRITORIAL,1155.373101756658,baja,193,148,6730450281
2023,05660,San Luis,Antioquia,TERRITORIAL,1154.2151600012812,baja,366,174,18362801045
2023,25899,Zipaquirá,Cundinamarca,TERRITORIAL,1150.8798532031142,baja,1449,991,210851652356
2023,25851,Útica,Cundinamarca,TERRITORIAL,1149.3567587290975,baja,196,118,9575650006
2023,50325,Mapiripán,Meta,TERRITORIAL,1149.1436409836788,baja,275,165,37067299402
2023,25867,Vianí,Cundinamarca,TERRITORIAL,1148.5292890466123,baja,168,80,9350304106
2023,68370,Jordán,Santander,TERRITORIAL,1144.7594121283842,baja,127,86,7248655194
2023,05440,Marinilla,Antioquia,NACIONAL,1140.5197541082998,baja,525,318,40620344362
2023,52258,El Tablón de Gómez,Nariño,TERRITORIAL,1138.2935543514266,baja,276,177,21687737491
2023,05652,San Francisco,Antioquia,TERRITORIAL,1137.7727928848694,baja,276,185,24462690406
2023,15172,Chinavita,Boyacá,TERRITORIAL,1136.2893887487862,baja,158,99,6674827609
2023,05134,Campamento,Antioquia,TERRITORIAL,1136.1646075850877,baja,312,166,15561191049
2023,41885,Yaguará,Huila,TERRITORIAL,1135.351707587494,baja,374,251,31942450121
2023,15248,El Espino,Boyacá,TERRITORIAL,1134.318114198195,baja,257,149,7370502026
2023,68179,Chipatá,Santander,TERRITORIAL,1125.8869397632673,baja,167,115,8299768342
2023,20001,Valledupar,Cesar,NO_DEFINIDO,1124.4750414275807,baja,775,258,3626151128
2023,54245,El Carmen,Norte de Santander,TERRITORIAL,1123.9744769375939,baja,448,284,20855153261
2023,70230,Chalán,Sucre,TERRITORIAL,1122.6035901076234,baja,150,103,19647316854
2023,27413,Lloró,Chocó,TERRITORIAL,1121.3858283127042,baja,41,35,2338727949
2023,76250,El Dovio,Valle del Cauca,TERRITORIAL,1118.4132311125336,baja,238,118,9704574795
2023,95001,San José del Guaviare,Guaviare,NO_DEFINIDO,1118.3098610755512,baja,174,92,655966771
2023,25436,Manta,Cundinamarca,TERRITORIAL,1113.4368470845927,baja,96,61,2342000445
2023,05440,Marinilla,Antioquia,TERRITORIAL,1110.7737802682536,baja,345,252,36358074197
2023,73408,Lérida,Tolima,TERRITORIAL,1110.538329452904,baja,912,386,28460332911
2023,25320,Guaduas,Cundinamarca,NACIONAL,1104.8536650334443,baja,30,24,2338766145
2023,68013,Aguada,Santander,TERRITORIAL,1098.0264938322678,baja,241,127,6312570254
2023,27430,Medio Baudó,Chocó,TERRITORIAL,1093.714625889201,baja,92,55,18395423238
2023,23672,San Antero,Córdoba,TERRITORIAL,1093.341908335601,baja,405,230,82274413637
2023,41799,Tello,Huila,TERRITORIAL,1092.9484817564369,baja,225,104,13085128872
2023,17446,Marulanda,Caldas,TERRITORIAL,1091.5867833285852,baja,211,109,6130459243
2023,54720,Sardinata,Norte de Santander,TERRITORIAL,1090.6986483425662,baja,417,241,16980768044
2023,05147,Carepa,Antioquia,TERRITORIAL,1087.5963638908554,baja,303,198,40033433498
2023,70508,Ovejas,Sucre,TERRITORIAL,1082.4311250577837,baja,434,157,28928416374
2023,05101,Ciudad Bolívar,Antioquia,TERRITORIAL,1076.5812583994693,baja,40,34,1019038989
2023,05172,Chigorodó,Antioquia,TERRITORIAL,1075.1415691930583,baja,357,252,45741747417
2023,05665,San Pedro de Uraba,Antioquia,TERRITORIAL,1075.0600830131693,baja,163,132,21139528413
2023,15494,Nuevo Colón,Boyacá,TERRITORIAL,1074.8701085246166,baja,343,166,11140025940
2023,13894,Zambrano,Bolívar,TERRITORIAL,1071.6612581258898,baja,717,266,16905618320
2023,23675,San Bernardo del Viento,Córdoba,TERRITORIAL,1070.728329317771,baja,227,143,28143342279
2023,68524,Palmas del Socorro,Santander,TERRITORIAL,1070.2003116076341,baja,120,85,4969205664
2023,27205,Condoto,Chocó,TERRITORIAL,1069.988558967581,baja,32,22,20616347830
2023,05895,Zaragoza,Antioquia,TERRITORIAL,1066.2583183943664,baja,381,192,29987267721
2023,05642,Salgar,Antioquia,TERRITORIAL,1066.2342834768333,baja,196,132,14012382429
2023,13780,Talaigua Nuevo,Bolívar,TERRITORIAL,1062.940738394366,baja,267,140,18535121241
2023,50686,San Juanito,Meta,TERRITORIAL,1062.7913467566234,baja,95,51,3389365702
2023,86571,Puerto Guzmán,Putumayo,TERRITORIAL,1061.1287254800447,baja,198,118,13014622262
2023,05051,Arboletes,Antioquia,TERRITORIAL,1060.0413526841728,baja,667,326,69318794065
2023,15822,Tota,Boyacá,TERRITORIAL,1058.088325604291,baja,210,133,7853106273
2023,25662,San Juan de Río Seco,Cundinamarca,TERRITORIAL,1056.8793808664054,baja,131,110,11542945172
2023,85015,Chameza,Casanare,TERRITORIAL,1050.274346858614,baja,172,98,5612736341
2023,76622,Roldanillo,Valle del Cauca,NACIONAL,1049.3751355781742,baja,396,236,29079716862
2023,05667,San Rafael,Antioquia,TERRITORIAL,1043.9646165090385,baja,240,178,17631920692
2023,25312,Granada,Cundinamarca,TERRITORIAL,1039.1073432590442,baja,238,210,22451398282
2023,17541,Pensilvania,Caldas,NACIONAL,1037.3956510931735,baja,17,14,94753548
2023,25339,Gutiérrez,Cundinamarca,TERRITORIAL,1035.0991162336238,baja,211,124,16258318285
2023,85400,Támara,Casanare,TERRITORIAL,1033.4103698568968,baja,178,112,10201515331
2023,73352,Icononzo,Tolima,NACIONAL,1032.9040982636618,baja,22,14,164592408
2023,68425,Macaravita,Santander,TERRITORIAL,1032.0073790786892,baja,119,78,10172242160
2023,15696,Santa Sofía,Boyacá,TERRITORIAL,1029.6557388086228,baja,201,127,13145805493
2023,52256,El Rosario,Nariño,TERRITORIAL,1029.4590418342425,baja,353,218,13325450370
2023,81220,Cravo Norte,Arauca,TERRITORIAL,1024.8561962147776,baja,209,60,7015492782
2023,05591,Puerto Triunfo,Antioquia,TERRITORIAL,1020.8289227066012,baja,444,199,44234354939
2023,86885,Villagarzón,Putumayo,TERRITORIAL,1018.9428469160255,baja,90,72,3634461230
2023,25307,Girardot,Cundinamarca,TERRITORIAL,1018.8399755290237,baja,1879,1157,111235144219
2023,15215,Corrales,Boyacá,TERRITORIAL,1017.6586654707841,baja,192,104,6640926585
2023,23678,San Carlos,Córdoba,TERRITORIAL,1015.6555530677515,baja,122,89,29345646775
2023,05038,Angostura,Antioquia,TERRITORIAL,1009.08550023712,baja,310,182,15325257412
2023,13140,Calamar,Bolívar,TERRITORIAL,1009.0235109515106,baja,706,284,18744800232
2023,73152,Casabianca,Tolima,TERRITORIAL,1008.3099551764386,baja,196,93,7109378383
2023,15542,Pesca,Boyacá,TERRITORIAL,1006.6556193104162,baja,181,110,10463548068
2023,25368,Jerusalén,Cundinamarca,TERRITORIAL,1003.3255278898264,baja,185,121,14053662846
2023,68318,Guaca,Santander,TERRITORIAL,1000.7077457493085,baja,179,102,7736404968
2023,25658,San Francisco,Cundinamarca,TERRITORIAL,999.5500242180365,baja,236,141,12728711970
2023,23686,San Pelayo,Córdoba,TERRITORIAL,998.5710010671074,baja,286,188,78826977530
2023,23182,Chinú,Córdoba,TERRITORIAL,997.3769951868443,baja,264,166,24546481517
2023,68320,Guadalupe,Santander,TERRITORIAL,997.3093055709859,baja,121,85,9643719949
2023,85430,Trinidad,Casanare,TERRITORIAL,995.5555830094667,baja,252,157,28543414043
2023,15317,Guacamayas,Boyacá,TERRITORIAL,995.47686890729,baja,170,103,5150520962
2023,05147,Carepa,Antioquia,NACIONAL,993.462079913071,baja,35,26,1526794089
2023,15511,Pachavita,Boyacá,TERRITORIAL,992.4817532851334,baja,148,95,4721182210
2023,73854,Valle de San Juan,Tolima,TERRITORIAL,990.599052520624,baja,360,203,13447434704
2023,52317,Guachucal,Nariño,TERRITORIAL,989.8983001660648,baja,376,183,12014447136
2023,25019,Albán,Cundinamarca,TERRITORIAL,988.2041299397905,baja,260,140,7574788456
2023,73043,Anzoátegui,Tolima,TERRITORIAL,987.4083812180761,baja,373,212,14055354151
2023,52083,Belén,Nariño,TERRITORIAL,986.0547986278494,baja,290,150,6807929648
2023,15162,Cerinza,Boyacá,TERRITORIAL,980.4943468423344,baja,122,74,3175678500
2023,15686,Santana,Boyacá,TERRITORIAL,979.764367236973,baja,194,102,6782067045
2023,05628,Sabanalarga,Antioquia,TERRITORIAL,977.4778363795682,baja,275,133,10492840764
2023,18001,Florencia,Caquetá,NACIONAL,976.812153303089,baja,502,415,110915533655
2023,68397,La Paz,Santander,TERRITORIAL,974.7397874464233,baja,199,122,9111836912
2023,19001,Popayán,Cauca,OTRO,973.7265001584778,baja,35,26,577074469
2023,54800,Teorama,Norte de Santander,TERRITORIAL,971.9310662568314,baja,289,184,29664250677
2023,25817,Tocancipá,Cundinamarca,TERRITORIAL,971.6271635397064,baja,839,789,144479660762
2023,68444,Matanza,Santander,TERRITORIAL,969.2854791810059,baja,228,106,6061303790
2023,25324,Guataquí,Cundinamarca,TERRITORIAL,968.6572790710833,baja,335,158,4167936533
2023,95001,San José del Guaviare,Guaviare,NACIONAL,965.40729963458,baja,468,357,38350774061
2023,70713,San Onofre,Sucre,TERRITORIAL,961.270339479407,baja,679,242,22085989951
2023,05475,Murindó,Antioquia,NACIONAL,960.9890153223384,baja,12,12,118100000
2023,08296,Galapa,Atlántico,TERRITORIAL,960.8860158656777,baja,718,377,45199678402
2023,86749,Sibundoy,Putumayo,TERRITORIAL,960.3772218692601,baja,333,170,25250485465
2023,50223,Cubarral,Meta,TERRITORIAL,959.9014504411788,baja,257,150,9812855546
2023,15778,Sutatenza,Boyacá,TERRITORIAL,958.6794516297715,baja,143,102,9533633025
2023,68266,Enciso,Santander,TERRITORIAL,955.6716011407636,baja,156,101,9975844890
2023,15212,Coper,Boyacá,TERRITORIAL,955.0350230862516,baja,137,77,5020323090
2023,25843,Villa de San Diego de Ubate,Cundinamarca,NACIONAL,950.8180115718343,baja,14,13,241904135
2023,76246,El Cairo,Valle del Cauca,TERRITORIAL,948.778495899548,baja,158,102,5980620426
2023,23586,Purísima,Córdoba,TERRITORIAL,946.0677338250356,baja,685,317,18146274639
2023,95001,San José del Guaviare,Guaviare,TERRITORIAL,945.0983907246525,baja,3317,1906,254617404432
2023,18460,Milán,Caquetá,TERRITORIAL,941.2881282390704,baja,185,132,14947303351
2023,27160,Cértegui,Chocó,TERRITORIAL,941.256811049105,baja,84,47,5406046720
2023,23555,Planeta Rica,Córdoba,TERRITORIAL,939.9052575099308,baja,57,49,61403571266
2023,66682,Santa Rosa de Cabal,Risaralda,TERRITORIAL,938.5259356725148,baja,620,498,38590577536
2023,41357,Iquira,Huila,TERRITORIAL,935.9966336184027,baja,177,100,3577773925
2023,68296,Galán,Santander,TERRITORIAL,934.6272329508045,baja,154,102,9339887737
2023,94001,Inírida,Guainía,OTRO,934.5202922520887,baja,18,18,555775257
2023,20770,San Martín,Cesar,TERRITORIAL,930.6775566030101,baja,216,168,47329972986
2023,41378,La Argentina,Huila,TERRITORIAL,930.4758845311428,baja,271,167,17442328401
2023,50124,Cabuyaro,Meta,TERRITORIAL,930.2867344247762,baja,524,299,38394526639
2023,15425,Macanal,Boyacá,TERRITORIAL,929.578201965925,baja,209,123,14525147721
2023,50350,La Macarena,Meta,TERRITORIAL,928.9455936389031,baja,319,195,23641751231
2023,15753,Soatá,Boyacá,TERRITORIAL,926.2733204954162,baja,296,193,17138541827
2023,73870,Villahermosa,Tolima,TERRITORIAL,919.7779170956946,baja,153,92,4363031548
2023,15293,Gachantivá,Boyacá,TERRITORIAL,919.5538228917145,baja,154,97,6277947906
2023,05615,Rionegro,Antioquia,TERRITORIAL,917.8464375974966,baja,1897,1144,364699256491
2023,19050,Argelia,Cauca,TERRITORIAL,916.7268867269285,baja,292,234,23345367988
2023,50577,Puerto Lleras,Meta,TERRITORIAL,916.6040440675645,baja,274,138,10568452470
2023,05190,Cisneros,Antioquia,TERRITORIAL,912.8872181790041,baja,279,142,13958743197
2023,25095,Bituima,Cundinamarca,TERRITORIAL,908.81390545747,baja,157,109,12766791978
2023,15798,Tenza,Boyacá,TERRITORIAL,905.0783234871217,baja,115,60,4643158926
2023,25612,Ricaurte,Cundinamarca,TERRITORIAL,901.6600391259973,baja,798,480,68232974552
2023,41349,Hobo,Huila,TERRITORIAL,899.9392987653711,baja,371,192,10924942763
2023,15401,La Victoria,Boyacá,TERRITORIAL,898.8115310334379,baja,132,77,4441911091
2023,17653,Salamina,Caldas,TERRITORIAL,891.0036841383185,baja,305,177,7970997131
2023,76622,Roldanillo,Valle del Cauca,TERRITORIAL,887.1194975405474,baja,80,44,1712845815
2023,17272,Filadelfia,Caldas,TERRITORIAL,887.0505356322619,baja,273,135,7651285886
2023,52435,Mallama,Nariño,TERRITORIAL,885.3898245029324,baja,394,133,6883310457
2023,41770,Suaza,Huila,TERRITORIAL,884.4593389677312,baja,469,257,15026640472
2023,05361,Ituango,Antioquia,TERRITORIAL,883.3481967740759,baja,437,257,30230721586
2023,25524,Pandi,Cundinamarca,TERRITORIAL,881.6650722859426,baja,139,106,13971359283
2023,13657,San Juan Nepomuceno,Bolívar,TERRITORIAL,881.1114121008308,baja,497,299,12511270264
2023,66383,La Celia,Risaralda,TERRITORIAL,880.9684451202271,baja,222,111,4630924772
2023,47692,San Sebastián de Buenavista,Magdalena,TERRITORIAL,880.5206030202203,baja,129,42,9706641793
2023,05313,Granada,Antioquia,TERRITORIAL,879.9709181230864,baja,246,205,16178911214
2023,20570,Pueblo Bello,Cesar,TERRITORIAL,876.2739559689036,baja,274,216,23855887208
2023,50006,Acacías,Meta,TERRITORIAL,874.0095964048747,baja,1646,814,151923237119
2023,15104,Boyacá,Boyacá,TERRITORIAL,872.9728507720913,baja,208,146,8316694131
2023,54125,Cácota,Norte de Santander,TERRITORIAL,872.0390476777347,baja,197,118,6920365212
2023,47660,Sabanas de San Angel,Magdalena,TERRITORIAL,871.613326101971,baja,819,304,20245886709
2023,15183,Chita,Boyacá,TERRITORIAL,871.3409115736054,baja,215,131,5425696198
2023,19548,Piendamó,Cauca,TERRITORIAL,870.8310227455593,baja,1150,556,37795320139
2023,15810,Tipacoque,Boyacá,TERRITORIAL,869.4496300163905,baja,160,106,10579345002
2023,05234,Dabeiba,Antioquia,TERRITORIAL,869.3393081641241,baja,475,247,41497060092
2023,41001,Neiva,Huila,NO_DEFINIDO,868.3308200878613,baja,113,91,6174150554
2023,25430,Madrid,Cundinamarca,NACIONAL,868.2596172893363,baja,75,67,7194035642
2023,08141,Candelaria,Atlántico,TERRITORIAL,866.8536980411944,baja,135,71,1296370701
2023,25653,San Cayetano,Cundinamarca,TERRITORIAL,865.8236285717089,baja,165,93,5359307608
2023,25168,Chaguaní,Cundinamarca,TERRITORIAL,864.6708568845451,baja,193,123,11135130378
2023,15135,Campohermoso,Boyacá,TERRITORIAL,863.8114403390899,baja,192,110,18252538459
2023,25335,Guayabetal,Cundinamarca,TERRITORIAL,861.6162222480232,baja,240,153,17092110872
2023,76248,El Cerrito,Valle del Cauca,TERRITORIAL,860.105444206921,baja,485,331,36675687133
2023,15804,Tibaná,Boyacá,TERRITORIAL,860.0539084256798,baja,232,119,8033432215
2023,19533,Piamonte,Cauca,TERRITORIAL,859.2131858926326,baja,255,150,10884534662
2023,52022,Aldana,Nariño,TERRITORIAL,859.1143898009743,baja,556,265,11200247694
2023,81794,Tame,Arauca,TERRITORIAL,859.0330434305997,baja,539,321,67059163838
2023,50450,Puerto Concordia,Meta,TERRITORIAL,857.9222720171198,baja,338,191,20747523547
2023,15835,Turmequé,Boyacá,TERRITORIAL,856.8769138310724,baja,215,122,9785589380
2023,25260,El Rosal,Cundinamarca,TERRITORIAL,855.7852881375444,baja,403,244,19241700450
2023,68211,Contratación,Santander,TERRITORIAL,855.7673831226583,baja,90,56,2196004357
2023,52693,San Pablo,Nariño,TERRITORIAL,855.6728584481317,baja,366,198,13349324320
2023,15808,Tinjacá,Boyacá,TERRITORIAL,853.0104525972961,baja,120,80,2302227378
2023,08001,Barranquilla,Atlántico,NACIONAL,852.9910026798244,baja,4070,2975,838795174907
2023,25269,Facatativá,Cundinamarca,NACIONAL,850.8154634430967,baja,194,133,63982984706
2023,50110,Barranca de Upía,Meta,TERRITORIAL,850.6642445393078,baja,264,171,26215887253
2023,18410,La Montañita,Caquetá,TERRITORIAL,850.1122843100152,baja,176,128,10899338005
2023,05380,La Estrella,Antioquia,TERRITORIAL,849.3054141530866,baja,2115,881,103514287500
2023,52683,Sandoná,Nariño,TERRITORIAL,846.7850058268084,baja,354,212,15021073890
2023,15296,Gameza,Boyacá,TERRITORIAL,846.3712029224235,baja,181,112,8289005988
2023,68101,Bolívar,Santander,TERRITORIAL,844.4517516570417,baja,170,119,10511825012
2023,25293,Gachala,Cundinamarca,NACIONAL,843.9973778429692,baja,103,92,44517956104
2023,91001,Leticia,Amazonas,TERRITORIAL,843.4207517162873,baja,1079,745,167581271157
2023,68385,Landázuri,Santander,TERRITORIAL,843.1177038210121,baja,221,119,5431051078
2023,68147,Capitanejo,Santander,TERRITORIAL,840.8363540266871,baja,125,71,3989919931
2023,44001,Riohacha,La Guajira,OTRO,840.665683789966,baja,141,125,37640620810
2023,50683,San Juan de Arama,Meta,TERRITORIAL,837.1984486222678,baja,230,118,9295554702
2023,25785,Tabio,Cundinamarca,TERRITORIAL,836.6029875111929,baja,774,444,20290293684
2023,23079,Buenavista,Córdoba,TERRITORIAL,835.738389807224,baja,494,275,31073589865
2023,54670,San Calixto,Norte de Santander,TERRITORIAL,833.723276042221,baja,275,192,15273848482
2023,25535,Pasca,Cundinamarca,TERRITORIAL,833.0389528613783,baja,245,171,15587837080
2023,41026,Altamira,Huila,TERRITORIAL,832.8369899610093,baja,173,93,7464682544
2023,05034,Andes,Antioquia,OTRO,832.6697293178885,baja,28,22,327316954
2023,27245,El Carmen de Atrato,Chocó,TERRITORIAL,831.2125710093733,baja,152,94,11577916175
2023,15466,Monguí,Boyacá,TERRITORIAL,829.7473647829978,baja,146,95,7432761014
2023,73275,Flandes,Tolima,TERRITORIAL,827.5512863411944,baja,474,259,28853901243
2023,23189,Ciénaga de Oro,Córdoba,TERRITORIAL,826.1512982270068,baja,654,397,26017489579
2023,20013,Agustín Codazzi,Cesar,TERRITORIAL,825.9307684186383,baja,500,324,37907489214
2023,47030,Algarrobo,Magdalena,TERRITORIAL,825.4915444509174,baja,332,180,16958475915
2023,15299,Garagoa,Boyacá,TERRITORIAL,822.6741316648272,baja,231,146,17314145226
2023,52354,Imués,Nariño,NACIONAL,822.2398607836685,baja,599,255,22429070319
2023,15187,Chivatá,Boyacá,TERRITORIAL,822.1021219495577,baja,140,80,6882018135
2023,54553,Puerto Santander,Norte de Santander,TERRITORIAL,821.0018896387584,baja,216,139,6622896647
2023,05390,La Pintada,Antioquia,TERRITORIAL,819.4371922934089,baja,158,104,8207177909
2023,25317,Guachetá,Cundinamarca,TERRITORIAL,817.4747895038546,baja,329,201,29771853295
2023,68573,Puerto Parra,Santander,TERRITORIAL,816.5997950220609,baja,160,109,11965626887
2023,15022,Almeida,Boyacá,TERRITORIAL,816.073365070968,baja,123,75,5356383377
2023,63302,Génova,Quindío,TERRITORIAL,815.7231662586244,baja,247,133,4076039286
2023,50318,Guamal,Meta,TERRITORIAL,814.4763461031197,baja,557,322,53705579082
2023,17380,La Dorada,Caldas,OTRO,812.0085310371728,baja,180,107,3652013299
2023,05667,San Rafael,Antioquia,NACIONAL,810.1355352175315,baja,118,79,4564058315
2023,52788,Tangua,Nariño,TERRITORIAL,807.3184681887956,baja,1075,461,28637271695
2023,05756,Sonson,Antioquia,TERRITORIAL,806.9470093915908,baja,907,523,74962437413
2023,25297,Gachetá,Cundinamarca,TERRITORIAL,806.1326300382464,baja,291,185,13968083874
2023,15109,Buenavista,Boyacá,TERRITORIAL,800.9713785076281,baja,136,83,9896594102
2023,68686,San Miguel,Santander,TERRITORIAL,800.8193349894198,baja,128,88,6084894845
2023,95200,Miraflores,Guaviare,TERRITORIAL,798.7652422077831,baja,240,150,30166351412
2023,05120,Cáceres,Antioquia,TERRITORIAL,798.3067323897274,baja,220,144,16606978174
2023,25599,Apulo,Cundinamarca,TERRITORIAL,797.2299709147721,baja,334,212,13343590870
2023,25258,El Peñón,Cundinamarca,TERRITORIAL,795.7874874783885,baja,232,154,15445729963
2023,25506,Venecia,Cundinamarca,TERRITORIAL,795.6963202596017,baja,182,107,8413673103
2023,44650,San Juan del Cesar,La Guajira,NACIONAL,794.6702061453832,baja,316,148,8827633093
2023,15176,Chiquinquirá,Boyacá,TERRITORIAL,794.4707831670044,baja,587,379,52310860588
2023,19532,Patía,Cauca,TERRITORIAL,791.0476504814958,baja,384,228,17432430621
2023,73585,Purificación,Tolima,TERRITORIAL,790.5876714826047,baja,649,363,40648597287
2023,25807,Tibirita,Cundinamarca,TERRITORIAL,784.7059057759866,baja,234,144,10644006458
2023,05483,Nariño,Antioquia,TERRITORIAL,781.0757020118791,baja,301,138,11076437240
2023,05649,San Carlos,Antioquia,TERRITORIAL,780.0888936467188,baja,442,250,28100100430
2023,54003,Abrego,Norte de Santander,TERRITORIAL,780.0861744966908,baja,882,388,22433922429
2023,23855,Valencia,Córdoba,TERRITORIAL,779.722729600101,baja,220,163,16126218852
2023,15189,Ciénega,Boyacá,TERRITORIAL,777.855132722208,baja,121,88,15564647864
2023,05360,Itagui,Antioquia,TERRITORIAL,776.5436002599447,baja,496,364,464784984240
2023,13248,El Guamo,Bolívar,TERRITORIAL,775.241653583693,baja,143,117,5454202967
2023,68682,San Joaquín,Santander,TERRITORIAL,775.2127704487834,baja,86,55,2767566002
2023,54418,Lourdes,Norte de Santander,TERRITORIAL,773.7754792118211,baja,203,129,6361906852
2023,15180,Chiscas,Boyacá,TERRITORIAL,771.8010657775103,baja,203,100,12793591964
2023,52356,Ipiales,Nariño,NO_DEFINIDO,768.9475722748347,baja,40,34,549027802
2023,68079,Barichara,Santander,TERRITORIAL,768.4877512819162,baja,385,198,12212310930
2023,08436,Manatí,Atlántico,TERRITORIAL,766.3866046271551,baja,459,240,9841480321
2023,15531,Pauna,Boyacá,TERRITORIAL,765.9117514296265,baja,176,104,10920588578
2023,25839,Ubalá,Cundinamarca,TERRITORIAL,761.7839614489978,baja,380,192,17644912520
2023,19364,Jambaló,Cauca,TERRITORIAL,761.7232278775444,baja,150,98,9982495906
2023,08078,Baranoa,Atlántico,TERRITORIAL,759.7049688684108,baja,504,375,29684618089
2023,15097,Boavita,Boyacá,TERRITORIAL,758.2694307077335,baja,184,107,9856924243
2023,54250,El Tarra,Norte de Santander,TERRITORIAL,756.9472057018736,baja,289,201,27908663462
2023,25299,Gama,Cundinamarca,TERRITORIAL,756.2287040149031,baja,203,104,14173482515
2023,44560,Manaure,La Guajira,TERRITORIAL,756.101395413199,baja,324,203,171954242537
2023,08758,Soledad,Atlántico,NACIONAL,755.5525708700767,baja,355,225,76507511583
2023,73148,Carmen de Apicalá,Tolima,TERRITORIAL,755.2086257745484,baja,370,158,12281593898
2023,15837,Tuta,Boyacá,TERRITORIAL,753.9074716546027,baja,364,216,17317575387
2023,73461,Murillo,Tolima,TERRITORIAL,753.55469535924,baja,121,75,2244620397
2023,85136,La Salina,Casanare,TERRITORIAL,752.4929714820524,baja,184,120,6404760175
2023,54810,Tibú,Norte de Santander,TERRITORIAL,752.1167408820481,baja,1090,525,61521509248
2023,68745,Simacota,Santander,TERRITORIAL,752.0434842861988,baja,250,149,14133098131
2023,47460,Nueva Granada,Magdalena,TERRITORIAL,751.7509361676451,baja,362,150,23438408335
2023,41660,Saladoblanco,Huila,TERRITORIAL,750.2159837416021,baja,247,132,13256121978
2023,85410,Tauramena,Casanare,TERRITORIAL,750.2057056267957,baja,737,431,105574725289
2023,81736,Saravena,Arauca,TERRITORIAL,749.9161753056467,baja,374,195,46311992035
2023,05364,Jardín,Antioquia,TERRITORIAL,749.4089628342151,baja,295,183,15933262111
2023,05858,Vegachí,Antioquia,TERRITORIAL,749.1331493085362,baja,414,242,19919577691
2023,68121,Cabrera,Santander,TERRITORIAL,747.2640997185381,baja,128,75,3639265853
2023,68209,Confines,Santander,TERRITORIAL,747.0287642426406,baja,135,69,4287119589
2023,52427,Magüi,Nariño,TERRITORIAL,744.3240367961706,baja,333,202,20714031016
2023,70678,San Benito Abad,Sucre,TERRITORIAL,741.6003636894079,baja,159,130,14672697501
2023,68770,Suaita,Santander,TERRITORIAL,741.4950246140719,baja,271,178,9121233214
2023,73026,Alvarado,Tolima,TERRITORIAL,741.2030509807505,baja,348,190,14543965358
2023,25489,Nimaima,Cundinamarca,TERRITORIAL,739.6100336626498,baja,283,178,11962609528
2023,52390,La Tola,Nariño,TERRITORIAL,739.312190598787,baja,438,251,12589465959
2023,23417,Lorica,Córdoba,TERRITORIAL,739.2877495982235,baja,347,270,94423849877
2023,68679,San Gil,Santander,NACIONAL,738.3636393211665,baja,2107,1195,115670278903
2023,15224,Cucaita,Boyacá,TERRITORIAL,737.8873750342138,baja,131,111,9968808554
2023,15332,Güicán,Boyacá,TERRITORIAL,735.0858509099245,baja,214,114,6212608613
2023,15114,Busbanzá,Boyacá,TERRITORIAL,734.6881971178585,baja,148,101,3182123619
2023,41319,Guadalupe,Huila,TERRITORIAL,730.9006159294372,baja,410,183,13236443941
2023,25120,Cabrera,Cundinamarca,TERRITORIAL,729.86563961925,baja,134,98,5660043073
2023,17616,Risaralda,Caldas,NACIONAL,729.035742472748,baja,181,154,87184728992
2023,19701,Santa Rosa,Cauca,TERRITORIAL,728.1529320447133,baja,280,157,8521338941
2023,68464,Mogotes,Santander,TERRITORIAL,727.9167963854565,baja,230,133,10317900186
2023,68250,El Peñón,Santander,TERRITORIAL,727.0144643552576,baja,130,79,7934944664
2023,05079,Barbosa,Antioquia,TERRITORIAL,724.6615909834157,baja,1012,515,57571921746
2023,41551,Pitalito,Huila,NACIONAL,722.3750171703382,baja,450,381,27826481183
2023,68051,Aratoca,Santander,TERRITORIAL,721.7523380873238,baja,235,133,11783244541
2023,70820,Santiago de Tolú,Sucre,TERRITORIAL,719.2824744833596,baja,242,164,19909080893
2023,15832,Tununguá,Boyacá,TERRITORIAL,718.8345619164002,baja,126,89,6517503021
2023,25286,Funza,Cundinamarca,TERRITORIAL,717.8042657862362,baja,2427,1426,169123950291
2023,05138,Cañasgordas,Antioquia,TERRITORIAL,715.7629349998825,baja,539,244,29150973609
2023,13442,María la Baja,Bolívar,TERRITORIAL,715.1983866554372,baja,206,153,10092634807
2023,52418,Los Andes,Nariño,TERRITORIAL,713.9224002860075,baja,550,242,13158307339
2023,73547,Piedras,Tolima,TERRITORIAL,713.3368575064546,baja,290,135,17595444814
2023,23168,Chimá,Córdoba,TERRITORIAL,712.9183833949613,baja,205,144,23473934908
2023,50573,Puerto López,Meta,TERRITORIAL,712.1601415496075,baja,365,246,47611107640
2023,17013,Aguadas,Caldas,TERRITORIAL,709.8423785696076,baja,629,242,13955924680
2023,15491,Nobsa,Boyacá,TERRITORIAL,709.3719068864538,baja,540,349,38612953266
2023,50711,Vistahermosa,Meta,TERRITORIAL,706.1445503351861,baja,282,141,17946206729
2023,25394,La Palma,Cundinamarca,TERRITORIAL,706.0877667502126,baja,281,167,17957956637
2023,17524,Palestina,Caldas,TERRITORIAL,705.179741325159,baja,280,167,9006412363
2023,76054,Argelia,Valle del Cauca,TERRITORIAL,704.951897843699,baja,205,117,4689608568
2023,15272,Firavitoba,Boyacá,TERRITORIAL,704.3258893226852,baja,190,126,7762145042
2023,15480,Muzo,Boyacá,TERRITORIAL,704.1015406915714,baja,226,130,18386475175
2023,25777,Supatá,Cundinamarca,TERRITORIAL,704.0009233918547,baja,215,134,12308235383
2023,05021,Alejandría,Antioquia,TERRITORIAL,700.6349382651674,baja,253,157,11651254230
2023,15131,Caldas,Boyacá,TERRITORIAL,699.3335685987997,baja,125,89,7326153925
2023,15580,Quípama,Boyacá,TERRITORIAL,697.1395115387477,baja,207,123,10679661071
2023,68820,Tona,Santander,TERRITORIAL,696.8491165323525,baja,159,95,6945396470
2023,05002,Abejorral,Antioquia,TERRITORIAL,696.4184985372772,baja,320,198,12907360252
2023,20787,Tamalameque,Cesar,TERRITORIAL,695.4175429506648,baja,280,182,16311994783
2023,15839,Tutazá,Boyacá,TERRITORIAL,694.090232709796,baja,91,70,5125749581
2023,73555,Planadas,Tolima,TERRITORIAL,692.8781340219067,baja,247,176,14718172512
2023,68307,Girón,Santander,TERRITORIAL,691.8063656779366,baja,1642,1415,43655523599
2023,25099,Bojacá,Cundinamarca,TERRITORIAL,691.52368267082,baja,310,241,21751376309
2023,41530,Palestina,Huila,TERRITORIAL,691.257655022887,baja,444,228,9933913150
2023,15476,Motavita,Boyacá,TERRITORIAL,690.429811874422,baja,242,166,10016071476
2023,25279,Fomeque,Cundinamarca,TERRITORIAL,688.7318851875646,baja,376,217,17766844971
2023,25518,Paime,Cundinamarca,TERRITORIAL,688.3045820755306,baja,359,201,28015105013
2023,15367,Jenesano,Boyacá,TERRITORIAL,686.0414153791868,baja,290,175,13358465377
2023,15092,Betéitiva,Boyacá,TERRITORIAL,685.8227241951002,baja,121,85,6140335221
2023,05690,Santo Domingo,Antioquia,NACIONAL,685.4572954980982,baja,38,28,654635979
2023,41078,Baraya,Huila,TERRITORIAL,683.9980617230059,baja,239,141,8404880106
2023,41676,Santa María,Huila,TERRITORIAL,683.9505158412348,baja,232,144,10230812676
2023,25214,Cota,Cundinamarca,TERRITORIAL,683.6963050060104,baja,1722,1467,216225010728
2023,23466,Montelíbano,Córdoba,TERRITORIAL,680.5543779898894,baja,406,276,80145862841
2023,44650,San Juan del Cesar,La Guajira,TERRITORIAL,678.2614539703649,baja,127,104,25170709811
2023,17442,Marmato,Caldas,TERRITORIAL,677.159943586384,baja,354,177,12058543756
2023,05042,Santafé de Antioquia,Antioquia,TERRITORIAL,677.13783600141,baja,202,156,12393021762
2023,25295,Gachancipá,Cundinamarca,TERRITORIAL,675.6800718554804,baja,360,315,23397711932
2023,20310,González,Cesar,TERRITORIAL,674.9063974080606,baja,222,141,6977813412
2023,15550,Pisba,Boyacá,TERRITORIAL,674.1195076741368,baja,206,140,8544468102
2023,23574,Puerto Escondido,Córdoba,TERRITORIAL,673.582064536167,baja,154,110,11619813413
2023,52699,Santacruz,Nariño,TERRITORIAL,673.096167077386,baja,400,211,20226242906
2023,68418,Los Santos,Santander,TERRITORIAL,669.9085890032981,baja,162,120,10254558679
2023,44378,Hatonuevo,La Guajira,TERRITORIAL,669.006646538405,baja,130,109,10189702573
2023,05284,Frontino,Antioquia,TERRITORIAL,667.6494943012108,baja,324,165,12584124757
2023,47980,Zona Bananera,Magdalena,TERRITORIAL,661.9081203645993,baja,238,142,9757488428
2023,20011,Aguachica,Cesar,TERRITORIAL,661.7211865359982,baja,528,286,24501900789
2023,41206,Colombia,Huila,TERRITORIAL,661.5209577060073,baja,237,129,8199226212
2023,54051,Arboledas,Norte de Santander,TERRITORIAL,658.8035886855347,baja,391,230,20501454420
2023,25878,Viotá,Cundinamarca,TERRITORIAL,658.149734152145,baja,958,419,18265634095
2023,19760,Sotara,Cauca,TERRITORIAL,653.3230329109409,baja,200,136,7523725323
2023,15185,Chitaraque,Boyacá,TERRITORIAL,653.2432636591376,baja,151,102,13323220170
2023,68020,Albania,Santander,TERRITORIAL,650.3173716336706,baja,108,84,6904953274
2023,05659,San Juan de Urabá,Antioquia,TERRITORIAL,648.2094897328384,baja,353,256,23101147347
2023,25224,Cucunubá,Cundinamarca,TERRITORIAL,648.2027951362893,baja,346,227,18320053708
2023,73055,Armero,Tolima,TERRITORIAL,647.4310570778762,baja,37,35,631883452
2023,25649,San Bernardo,Cundinamarca,TERRITORIAL,645.529118967458,baja,225,139,11611562683
2023,13160,Cantagallo,Bolívar,TERRITORIAL,644.3097036527976,baja,602,309,58318028176
2023,15762,Sora,Boyacá,TERRITORIAL,643.9832064850702,baja,130,107,5597124840
2023,17388,La Merced,Caldas,TERRITORIAL,643.4218858272413,baja,185,92,4069343728
2023,05837,Turbo,Antioquia,TERRITORIAL,643.2639234705742,baja,359,247,78528727012
2023,15455,Miraflores,Boyacá,TERRITORIAL,642.5608157253502,baja,44,30,879064461
2023,68872,Villanueva,Santander,TERRITORIAL,641.4462051671419,baja,235,114,6203199611
2023,54313,Gramalote,Norte de Santander,TERRITORIAL,640.9516096008147,baja,304,147,8942858708
2023,15690,Santa María,Boyacá,TERRITORIAL,640.8979655369099,baja,213,119,11931807957
2023,86569,Puerto Caicedo,Putumayo,TERRITORIAL,639.9904446655763,baja,308,164,20101933116
2023,73067,Ataco,Tolima,TERRITORIAL,638.8773346319141,baja,445,156,10674105675
2023,68500,Oiba,Santander,TERRITORIAL,637.1843733866143,baja,241,130,13016272936
2023,15238,Duitama,Boyacá,TERRITORIAL,636.3215626264155,baja,776,514,53834853900
2023,25183,Chocontá,Cundinamarca,TERRITORIAL,634.9678204648824,baja,451,281,29756495161
2023,25326,Guatavita,Cundinamarca,TERRITORIAL,634.6407087623119,baja,233,178,13296999441
2023,85279,Recetor,Casanare,TERRITORIAL,632.704493230103,baja,220,145,6167225648
2023,25281,Fosca,Cundinamarca,TERRITORIAL,631.6823707760296,baja,155,107,5480593982
2023,17088,Belalcázar,Caldas,TERRITORIAL,631.6355666276038,baja,274,168,9384446702
2023,15218,Covarachía,Boyacá,TERRITORIAL,631.0462009598651,baja,148,95,9658242377
2023,08421,Luruaco,Atlántico,TERRITORIAL,630.8219198019601,baja,281,185,17091090854
2023,25398,La Peña,Cundinamarca,TERRITORIAL,627.2218425297417,baja,251,169,11791121300
2023,68255,El Playón,Santander,TERRITORIAL,626.6516329171478,baja,430,241,16519347047
2023,05736,Segovia,Antioquia,TERRITORIAL,625.5340935337309,baja,210,133,6600176858
2023,41524,Palermo,Huila,TERRITORIAL,620.2127526925119,baja,693,356,46342550063
2023,15763,Sotaquirá,Boyacá,TERRITORIAL,619.4367607639922,baja,173,125,10766306443
2023,15226,Cuítiva,Boyacá,TERRITORIAL,619.2769977858981,baja,204,113,4084058757
2023,15764,Soracá,Boyacá,TERRITORIAL,617.7145963487781,baja,166,126,9788314592
2023,27099,Bojaya,Chocó,TERRITORIAL,615.3826692967194,baja,345,110,18716030296
2023,54001,Cúcuta,Norte de Santander,TERRITORIAL,614.9128562294327,baja,10138,6804,1041571924334
2023,13440,Margarita,Bolívar,TERRITORIAL,614.229528999588,baja,102,67,3714537080
2023,73520,Palocabildo,Tolima,TERRITORIAL,613.9205562071868,baja,245,148,7582094856
2023,70717,San Pedro,Sucre,TERRITORIAL,612.4984610657436,baja,254,137,19900954449
2023,52838,Túquerres,Nariño,TERRITORIAL,612.3603796433059,baja,572,152,20592103485
2023,52540,Policarpa,Nariño,TERRITORIAL,611.2357158105833,baja,457,214,14804053377
2023,52411,Linares,Nariño,TERRITORIAL,609.9509557802771,baja,303,166,8925839172
2023,73686,Santa Isabel,Tolima,TERRITORIAL,608.0206999806035,baja,31,23,166944527
2023,52240,Chachagüí,Nariño,TERRITORIAL,606.2860239174018,baja,111,62,2689038268
2023,76147,Cartago,Valle del Cauca,TERRITORIAL,606.1246217237591,baja,474,364,60049562440
2023,18029,Albania,Caquetá,TERRITORIAL,605.897829663489,baja,155,128,10538990757
2023,25885,Yacopí,Cundinamarca,TERRITORIAL,605.8666660804487,baja,366,222,16850116767
2023,25288,Fúquene,Cundinamarca,TERRITORIAL,605.3578893344993,baja,183,111,8295736899
2023,27006,Acandí,Chocó,TERRITORIAL,605.3516762110265,baja,138,75,8345359569
2023,66075,Balboa,Risaralda,TERRITORIAL,603.9976583238268,baja,355,216,14621094748
2023,54377,Labateca,Norte de Santander,TERRITORIAL,603.6786870738306,baja,277,186,10559187837
2023,47245,El Banco,Magdalena,TERRITORIAL,600.5582221950987,baja,1161,424,17612180439
2023,05631,Sabaneta,Antioquia,NACIONAL,600.4893458499339,baja,39,38,1779663283
2023,52612,Ricaurte,Nariño,TERRITORIAL,599.7433755519811,baja,465,253,26526710853
2023,05150,Carolina,Antioquia,TERRITORIAL,599.0105773997374,baja,379,201,13306128202
2023,73483,Natagaima,Tolima,TERRITORIAL,598.7696056372887,baja,289,172,4235929409
2023,18610,San José del Fragua,Caquetá,TERRITORIAL,596.7904286316498,baja,186,115,15913256344
2023,08137,Campo de la Cruz,Atlántico,TERRITORIAL,590.6587847698843,baja,257,182,7925266656
2023,68190,Cimitarra,Santander,TERRITORIAL,588.2744576270849,baja,1153,544,44648350736
2023,76403,La Victoria,Valle del Cauca,TERRITORIAL,587.2506331027766,baja,293,157,9164222278
2023,41013,Agrado,Huila,TERRITORIAL,583.6598063526282,baja,333,170,13210292790
2023,76497,Obando,Valle del Cauca,TERRITORIAL,582.680323434859,baja,196,113,6077288846
2023,68368,Jesús María,Santander,TERRITORIAL,581.6702805349946,baja,182,95,10672199220
2023,25805,Tibacuy,Cundinamarca,TERRITORIAL,580.3582909290964,baja,214,130,8441994084
2023,50251,El Castillo,Meta,TERRITORIAL,579.1452166994715,baja,276,162,14444566776
2023,85250,Paz de Ariporo,Casanare,TERRITORIAL,579.1191006490607,baja,488,302,25429666107
2023,68468,Molagavita,Santander,TERRITORIAL,577.8631014621453,baja,152,112,9806519611
2023,68575,Puerto Wilches,Santander,TERRITORIAL,577.7335135614139,baja,453,210,30692967667
2023,70473,Morroa,Sucre,TERRITORIAL,577.3871624586919,baja,307,182,19247373274
2023,25871,Villagómez,Cundinamarca,TERRITORIAL,577.0631132871914,baja,290,155,13506815368
2023,25772,Suesca,Cundinamarca,TERRITORIAL,575.1433501348616,baja,236,172,10681362435
2023,47707,Santa Ana,Magdalena,TERRITORIAL,571.1544521974749,baja,345,196,12453609091
2023,05604,Remedios,Antioquia,TERRITORIAL,571.0972908620558,baja,389,239,23013561386
2023,25483,Nariño,Cundinamarca,TERRITORIAL,569.7037708115495,baja,224,121,5464047270
2023,73449,Melgar,Tolima,TERRITORIAL,569.092964880136,baja,1891,814,82367298512
2023,68176,Chima,Santander,TERRITORIAL,567.750464247585,baja,174,99,6581168939
2023,15106,Briceño,Boyacá,TERRITORIAL,567.3302314077533,baja,136,101,7292976598
2023,54520,Pamplonita,Norte de Santander,TERRITORIAL,566.3679865111669,baja,240,124,7318342134
2023,25430,Madrid,Cundinamarca,TERRITORIAL,566.3625845071402,baja,1422,864,93638553772
2023,68655,Sabana de Torres,Santander,TERRITORIAL,565.9354788289492,baja,596,275,21272679850
2023,68322,Guapotá,Santander,TERRITORIAL,565.5804073029284,baja,123,74,5385963821
2023,76020,Alcalá,Valle del Cauca,TERRITORIAL,565.5695705257593,baja,163,105,6835727302
2023,47720,Santa Bárbara de Pinto,Magdalena,TERRITORIAL,564.7314712303272,baja,466,208,3463588858
2023,25572,Puerto Salgar,Cundinamarca,TERRITORIAL,564.5792679153677,baja,490,306,31327527543
2023,73217,Coyaima,Tolima,TERRITORIAL,564.3225954847569,baja,632,272,26154735769
2023,50689,San Martín,Meta,TERRITORIAL,563.9347018324933,baja,390,202,15522301994
2023,91540,Puerto Nariño,Amazonas,TERRITORIAL,562.774944414807,baja,661,355,8039631762
2023,47288,Fundación,Magdalena,TERRITORIAL,562.7374090704164,baja,1564,652,24388827970
2023,85139,Maní,Casanare,TERRITORIAL,562.7012428077178,baja,456,268,48543244721
2023,19821,Toribio,Cauca,TERRITORIAL,561.8202179264492,baja,347,209,16689422968
2023,73236,Dolores,Tolima,TERRITORIAL,559.9124727644772,baja,101,64,1468480133
2023,66687,Santuario,Risaralda,TERRITORIAL,559.8459493543205,baja,171,124,6418150165
2023,54480,Mutiscua,Norte de Santander,TERRITORIAL,554.2134825863633,baja,200,112,5704661159
2023,19100,Bolívar,Cauca,TERRITORIAL,553.8554184514704,baja,359,197,14636473323
2023,25126,Cajicá,Cundinamarca,TERRITORIAL,552.181683687626,baja,1047,912,129378127159
2023,52835,San Andrés de Tumaco,Nariño,TERRITORIAL,552.1511681362388,baja,3210,1727,119697748295
2023,15660,San Eduardo,Boyacá,TERRITORIAL,551.1899035144103,baja,146,92,3221313167
2023,25377,La Calera,Cundinamarca,TERRITORIAL,550.4804423133066,baja,614,440,45279206238
2023,13673,Santa Catalina,Bolívar,TERRITORIAL,549.8939828879884,baja,177,138,8245134850
2023,19212,Corinto,Cauca,TERRITORIAL,549.3093724227798,baja,264,157,10458000718
2023,70124,Caimito,Sucre,TERRITORIAL,548.5394955010913,baja,260,140,19270102836
2023,19573,Puerto Tejada,Cauca,TERRITORIAL,548.0625853418509,baja,340,226,19698439275
2023,52019,Albán,Nariño,TERRITORIAL,547.3304094281822,baja,337,193,10042669556
2023,17042,Anserma,Caldas,TERRITORIAL,547.212674864768,baja,431,230,12373424521
2023,13062,Arroyohondo,Bolívar,TERRITORIAL,545.2559626654379,baja,192,108,5304107715
2023,73283,Fresno,Tolima,TERRITORIAL,545.148814004942,baja,411,217,12715221727
2023,68502,Onzaga,Santander,TERRITORIAL,544.0866647022556,baja,138,76,5308745983
2023,15522,Panqueba,Boyacá,TERRITORIAL,543.5905475130146,baja,190,98,5759261239
2023,20750,San Diego,Cesar,TERRITORIAL,542.8615137099172,baja,329,178,11711094135
2023,50287,Fuente de Oro,Meta,TERRITORIAL,542.300525049602,baja,410,202,10612347841
2023,27135,El Cantón del San Pablo,Chocó,TERRITORIAL,541.6729390312479,baja,155,62,6746355121
2023,76318,Guacarí,Valle del Cauca,TERRITORIAL,539.9395761767435,baja,291,161,9371305491
2023,68160,Cepitá,Santander,TERRITORIAL,539.5394053863868,baja,144,93,4040374699
2023,15500,Oicatá,Boyacá,TERRITORIAL,538.7012004811245,baja,142,83,5301110088
2023,50270,El Dorado,Meta,TERRITORIAL,537.3849708770891,baja,158,106,6428019939
2023,41016,Aipe,Huila,TERRITORIAL,535.7655716891733,baja,1101,598,14791319209
2023,25293,Gachala,Cundinamarca,TERRITORIAL,535.4463193576712,baja,362,213,18946279879
2023,54385,La Esperanza,Norte de Santander,TERRITORIAL,534.496404508828,baja,410,197,18080386197
2023,73268,Espinal,Tolima,NACIONAL,533.3811422981382,baja,375,230,13097861484
2023,15861,Ventaquemada,Boyacá,TERRITORIAL,533.0159070709284,baja,320,190,12772417015
2023,23001,Montería,Córdoba,TERRITORIAL,531.955669285684,baja,3564,2403,909626407119
2023,20250,El Paso,Cesar,TERRITORIAL,530.6229874304552,baja,425,259,46857200653
2023,05585,Puerto Nare,Antioquia,TERRITORIAL,530.5988190275942,baja,628,328,24438001167
2023,25793,Tausa,Cundinamarca,TERRITORIAL,529.2585884624743,baja,244,172,11000704398
2023,76895,Zarzal,Valle del Cauca,TERRITORIAL,527.3747663841478,baja,214,112,2412844505
2023,18205,Curillo,Caquetá,TERRITORIAL,526.7547986439106,baja,135,97,6978451505
2023,05113,Buriticá,Antioquia,TERRITORIAL,524.8987333860333,baja,435,229,72261530264
2023,18150,Cartagena del Chairá,Caquetá,TERRITORIAL,522.584492406894,baja,224,167,18927003550
2023,15757,Socha,Boyacá,TERRITORIAL,521.8103373465992,baja,248,182,20790187960
2023,47545,Pijiño del Carmen,Magdalena,TERRITORIAL,521.380343084973,baja,405,211,8816838831
2023,17174,Chinchiná,Caldas,TERRITORIAL,521.1709744684467,baja,1263,577,34223118902
2023,68773,Sucre,Santander,TERRITORIAL,520.9577350135635,baja,272,149,8812419030
2023,63401,La Tebaida,Quindío,TERRITORIAL,519.7386589295605,baja,959,460,18416917431
2023,41801,Teruel,Huila,TERRITORIAL,518.3968372018415,baja,198,127,5241482687
2023,05088,Bello,Antioquia,NACIONAL,516.1865805512947,baja,47,39,2759470533
2023,68895,Zapatoca,Santander,TERRITORIAL,515.8372889021942,baja,178,101,6480648064
2023,41518,Paicol,Huila,TERRITORIAL,515.4949332918784,baja,193,115,6121331183
2023,23464,Momil,Córdoba,TERRITORIAL,515.2890960948599,baja,67,54,2164290370
2023,18756,Solano,Caquetá,NACIONAL,515.147235423713,baja,184,156,25135372076
2023,66318,Guática,Risaralda,TERRITORIAL,513.7741847413475,baja,195,149,7042220282
2023,19845,Villa Rica,Cauca,TERRITORIAL,513.3094325388817,baja,465,250,22268007138
2023,17616,Risaralda,Caldas,TERRITORIAL,512.4913843535553,baja,484,253,10668327040
2023,05847,Urrao,Antioquia,TERRITORIAL,512.141143967243,baja,488,279,22768740805
2023,76233,Dagua,Valle del Cauca,TERRITORIAL,511.3702250131178,baja,872,450,32141531697
2023,25743,Silvania,Cundinamarca,TERRITORIAL,508.6361090198527,baja,382,240,20801005666
2023,23815,Tuchín,Córdoba,TERRITORIAL,507.6673640215019,baja,246,157,46144682836
2023,54518,Pamplona,Norte de Santander,TERRITORIAL,506.81815550978797,baja,293,207,10495509854
2023,13268,El Peñón,Bolívar,TERRITORIAL,506.52456184922494,baja,207,144,5158018159
2023,05607,Retiro,Antioquia,TERRITORIAL,504.98690875874144,baja,1523,529,72604597215
2023,73622,Roncesvalles,Tolima,TERRITORIAL,504.0189607294746,baja,105,83,1492450608
2023,05495,Nechí,Antioquia,TERRITORIAL,503.44299247356184,baja,362,236,25816684128
2023,68406,Lebríja,Santander,TERRITORIAL,502.08118390332464,baja,738,430,31533661589
2023,15897,Zetaquira,Boyacá,TERRITORIAL,501.9518563005986,baja,335,182,11587877048
2023,54347,Herrán,Norte de Santander,TERRITORIAL,501.8339361196494,baja,238,96,7145175694
2023,15455,Miraflores,Boyacá,NACIONAL,501.4221486279878,baja,256,131,13320043872
2023,68298,Gambita,Santander,TERRITORIAL,499.4660027751459,baja,199,106,6431234865
2023,68855,Valle de San José,Santander,TERRITORIAL,498.7763738813783,baja,160,88,4188647456
2023,68162,Cerrito,Santander,TERRITORIAL,497.38540248954956,baja,193,105,8992737454
2023,86320,Orito,Putumayo,TERRITORIAL,497.29193589483447,baja,537,279,36129348072
2023,50568,Puerto Gaitán,Meta,TERRITORIAL,494.1659851977185,baja,1180,615,221859574915
2023,25491,Nocaima,Cundinamarca,TERRITORIAL,492.4554808745223,baja,223,156,7930487583
2023,05873,Vigía del Fuerte,Antioquia,TERRITORIAL,492.4033985252123,baja,220,98,6147113322
2023,54261,El Zulia,Norte de Santander,TERRITORIAL,491.7588454643456,baja,478,264,15694574250
2023,15244,El Cocuy,Boyacá,TERRITORIAL,490.91188995842225,baja,197,118,9602295060
2023,41872,Villavieja,Huila,TERRITORIAL,490.1729530333285,baja,201,115,4330737647
2023,19780,Suárez,Cauca,TERRITORIAL,489.8391410628812,baja,270,164,15118508446
2023,52001,Pasto,Nariño,OTRO,489.3183895100188,baja,871,524,33585703508
2023,41807,Timaná,Huila,TERRITORIAL,489.2634050837638,baja,276,147,12048124575
2023,05107,Briceño,Antioquia,TERRITORIAL,488.46073496800244,baja,269,185,13779686621
2023,73168,Chaparral,Tolima,TERRITORIAL,486.9588303889859,baja,550,281,52432391469
2023,68780,Suratá,Santander,TERRITORIAL,485.61993685115937,baja,278,173,5348875961
2023,23350,La Apartada,Córdoba,TERRITORIAL,483.9277958940397,baja,186,111,8785594274
2023,15223,Cubará,Boyacá,TERRITORIAL,483.9275333822365,baja,305,195,29480462994
2023,68207,Concepción,Santander,TERRITORIAL,481.66978439822526,baja,175,97,6652807270
2023,95015,Calamar,Guaviare,TERRITORIAL,481.6444948414804,baja,359,207,20492019951
2023,73504,Ortega,Tolima,TERRITORIAL,481.4081110861546,baja,791,347,24518304539
2023,50606,Restrepo,Meta,TERRITORIAL,480.8196803359381,baja,391,254,21092844324
2023,73861,Venadillo,Tolima,TERRITORIAL,480.4224081122828,baja,311,202,13565883994
2023,47053,Aracataca,Magdalena,NACIONAL,479.69739202999625,baja,174,117,509988000
2023,05664,San Pedro,Antioquia,TERRITORIAL,479.39248317517627,baja,121,83,4041126725
2023,18860,Valparaíso,Caquetá,TERRITORIAL,479.36702452066163,baja,217,120,7113530993
2023,13433,Mahates,Bolívar,TERRITORIAL,479.1129921039758,baja,179,124,4063140361
2023,68684,San José de Miranda,Santander,TERRITORIAL,478.83704117553356,baja,136,91,7789443773
2023,66001,Pereira,Risaralda,TERRITORIAL,478.79912604208465,baja,12270,7667,1327142388848
2023,91001,Leticia,Amazonas,NACIONAL,478.68094587005476,baja,408,301,37682349755
2023,17513,Pácora,Caldas,TERRITORIAL,478.5104072550435,baja,238,140,9063770692
2023,70523,Palmito,Sucre,TERRITORIAL,478.14126161562837,baja,223,151,21263338606
2023,73268,Espinal,Tolima,TERRITORIAL,477.7347455927591,baja,1690,849,119654400985
2023,20400,La Jagua de Ibirico,Cesar,TERRITORIAL,475.3116786566253,baja,305,235,40949568521
2023,70001,Sincelejo,Sucre,NACIONAL,475.02031951187604,baja,1131,988,211892427450
2023,25402,La Vega,Cundinamarca,TERRITORIAL,474.9209156654016,baja,360,222,17418684121
2023,73616,Rioblanco,Tolima,TERRITORIAL,474.5520892619176,baja,428,265,24187624354
2023,66594,Quinchía,Risaralda,TERRITORIAL,474.31766991342425,baja,349,207,11224207471
2023,54172,Chinácota,Norte de Santander,TERRITORIAL,472.5977957756327,baja,1197,482,38139646256
2023,05790,Tarazá,Antioquia,TERRITORIAL,472.20900876555345,baja,305,170,12750034869
2023,05425,Maceo,Antioquia,TERRITORIAL,471.5885398942984,baja,238,163,12680187760
2023,50006,Acacías,Meta,NACIONAL,471.3974276012809,baja,231,118,6845446578
2023,54871,Villa Caro,Norte de Santander,TERRITORIAL,471.25749376561305,baja,87,74,1932062099
2023,54680,Santiago,Norte de Santander,TERRITORIAL,471.1915565064103,baja,274,156,5095331493
2023,25530,Paratebueno,Cundinamarca,TERRITORIAL,470.2688463833081,baja,303,181,11469561471
2023,44430,Maicao,La Guajira,TERRITORIAL,470.2297676787068,baja,617,483,129355519912
2023,97001,Mitú,Vaupés,TERRITORIAL,469.2692423379056,baja,1231,853,102946174991
2023,52215,Córdoba,Nariño,TERRITORIAL,467.42493002572735,baja,704,252,16571106668
2023,08001,Barranquilla,Atlántico,NO_DEFINIDO,466.6417784325342,baja,132,97,7812465490
2023,05091,Betania,Antioquia,TERRITORIAL,465.9214750273788,baja,353,176,9386083872
2023,19256,El Tambo,Cauca,TERRITORIAL,465.1389553829857,baja,286,169,14624682110
2023,25148,Caparrapí,Cundinamarca,TERRITORIAL,464.1700042795626,baja,274,175,13305142493
2023,27600,Río Quito,Chocó,TERRITORIAL,461.920371077824,baja,70,44,1957918283
2023,25592,Quebradanegra,Cundinamarca,TERRITORIAL,461.7393338049503,baja,244,146,10160100828
2023,54239,Durania,Norte de Santander,TERRITORIAL,461.5096574204144,baja,274,129,4287674638
2023,15723,Sativasur,Boyacá,TERRITORIAL,461.2428370435517,baja,147,86,2799406382
2023,76869,Vijes,Valle del Cauca,TERRITORIAL,461.04767876981714,baja,393,194,9565015840
2023,68081,Barrancabermeja,Santander,TERRITORIAL,460.0911786344118,baja,1301,931,47937187998
2023,70400,La Unión,Sucre,TERRITORIAL,459.8578455770794,baja,434,243,16213642917
2023,23570,Pueblo Nuevo,Córdoba,TERRITORIAL,459.81062378431494,baja,209,128,38628478465
2023,25781,Sutatausa,Cundinamarca,TERRITORIAL,458.80040562866895,baja,231,150,13794447362
2023,54673,San Cayetano,Norte de Santander,TERRITORIAL,458.29069353555803,baja,343,189,13774969274
2023,25513,Pacho,Cundinamarca,TERRITORIAL,457.3797714075631,baja,454,323,19844831216
2023,15667,San Luis de Gaceno,Boyacá,TERRITORIAL,455.49479315051485,baja,223,123,6393529514
2023,50400,Lejanías,Meta,TERRITORIAL,455.42820170140584,baja,224,128,8132322665
2023,15514,Páez,Boyacá,TERRITORIAL,454.60529889475333,baja,298,158,9711705642
2023,41359,Isnos,Huila,TERRITORIAL,454.55448253197665,baja,525,249,24458227557
2023,95025,El Retorno,Guaviare,TERRITORIAL,454.4257704029101,baja,446,228,16123903687
2023,05809,Titiribí,Antioquia,TERRITORIAL,454.29179586671023,baja,343,202,13429736749
2023,68235,El Carmen de Chucurí,Santander,TERRITORIAL,452.3902014255579,baja,302,165,21126173418
2023,52473,Mosquera,Nariño,TERRITORIAL,452.19374866278736,baja,621,226,19214562662
2023,52378,La Cruz,Nariño,TERRITORIAL,451.743016726548,baja,460,213,10852799031
2023,85125,Hato Corozal,Casanare,TERRITORIAL,449.65219988973564,baja,242,137,10594504238
2023,99524,La Primavera,Vichada,TERRITORIAL,448.30293643656034,baja,251,160,12604893234
2023,18001,Florencia,Caquetá,TERRITORIAL,447.62229355583185,baja,1012,718,72351465299
2023,05030,Amagá,Antioquia,TERRITORIAL,447.596734612014,baja,270,212,21294414956
2023,27810,Unión Panamericana,Chocó,TERRITORIAL,446.8967455113985,baja,93,68,5605620854
2023,73873,Villarrica,Tolima,TERRITORIAL,445.8421607873498,baja,314,160,6246805448
2023,05679,Santa Bárbara,Antioquia,TERRITORIAL,445.0450278554446,baja,307,154,6553050257
2023,41020,Algeciras,Huila,TERRITORIAL,445.0339488432748,baja,308,200,19050810418
2023,52565,Providencia,Nariño,TERRITORIAL,444.17227142976094,baja,444,245,5969937706
2023,25328,Guayabal de Siquima,Cundinamarca,TERRITORIAL,444.07576431557817,baja,229,138,7665911953
2023,52203,Colón,Nariño,TERRITORIAL,443.60798985317484,baja,239,121,4767592479
2023,52480,Nariño,Nariño,TERRITORIAL,443.3655659081369,baja,383,198,9194569611
2023,05475,Murindó,Antioquia,TERRITORIAL,443.3639168872052,baja,358,170,24654907673
2023,05001,Medellín,Antioquia,TERRITORIAL,442.6901549574868,baja,26084,11999,7556590430938
2023,81001,Arauca,Arauca,NACIONAL,440.8663408883232,baja,539,428,77461899545
2023,68377,La Belleza,Santander,TERRITORIAL,440.8271926006379,baja,120,80,4554537785
2023,19137,Caldono,Cauca,TERRITORIAL,440.5494983964291,baja,312,181,22971704911
2023,68229,Curití,Santander,TERRITORIAL,439.56373596782066,baja,233,130,6188336807
2023,15362,Iza,Boyacá,TERRITORIAL,438.6518315057347,baja,106,80,2831431215
2023,20517,Pailitas,Cesar,TERRITORIAL,438.2317801310559,baja,227,143,10642708203
2023,63548,Pijao,Quindío,TERRITORIAL,438.22623796241015,baja,273,171,4520053632
2023,19824,Totoró,Cauca,TERRITORIAL,437.89088742543004,baja,224,172,16138614993
2023,54344,Hacarí,Norte de Santander,TERRITORIAL,436.614129936104,baja,199,134,11506260345
2023,73024,Alpujarra,Tolima,TERRITORIAL,435.5358740176288,baja,235,132,7871239588
2023,68327,Güepsa,Santander,TERRITORIAL,434.48959223946,baja,113,76,4241870367
2023,15759,Sogamoso,Boyacá,TERRITORIAL,433.9558493823982,baja,1489,885,108746799590
2023,19743,Silvia,Cauca,TERRITORIAL,433.69686385141665,baja,413,232,17272610328
2023,68689,San Vicente de Chucurí,Santander,TERRITORIAL,432.74067223221743,baja,532,283,36121224087
2023,15664,San José de Pare,Boyacá,TERRITORIAL,432.62238578456146,baja,122,97,5463086905
2023,52381,La Florida,Nariño,TERRITORIAL,431.2500302885826,baja,573,315,10550571427
2023,52678,Samaniego,Nariño,TERRITORIAL,431.06292357923076,baja,446,219,9886290249
2023,86001,Mocoa,Putumayo,NACIONAL,430.99510187719096,baja,597,435,30789703516
2023,25745,Simijaca,Cundinamarca,TERRITORIAL,430.8230422782933,baja,235,189,12764952495
2023,05670,San Roque,Antioquia,TERRITORIAL,430.3282827018638,baja,287,167,13408433070
2023,13670,San Pablo,Bolívar,TERRITORIAL,430.12372534359076,baja,143,108,4799265671
2023,52356,Ipiales,Nariño,TERRITORIAL,428.98448963553176,baja,977,710,102201332647
2023,70771,Sucre,Sucre,TERRITORIAL,428.50114528703807,baja,312,147,4233301312
2023,27491,Nóvita,Chocó,TERRITORIAL,428.1274774151418,baja,153,81,5871168846
2023,70265,Guaranda,Sucre,TERRITORIAL,426.59129611440346,baja,242,151,27994406152
2023,17050,Aranzazu,Caldas,TERRITORIAL,426.3305186374578,baja,254,141,8373938064
2023,68549,Pinchote,Santander,TERRITORIAL,423.8743261789235,baja,238,100,5889792402
2023,68264,Encino,Santander,TERRITORIAL,423.194419085108,baja,128,78,2728463126
2023,05031,Amalfi,Antioquia,TERRITORIAL,422.60717977927345,baja,592,332,21396872063
2023,05044,Anza,Antioquia,TERRITORIAL,422.5681542427914,baja,269,124,4967503654
2023,85300,Sabanalarga,Casanare,TERRITORIAL,422.1536251490319,baja,374,218,19387482562
2023,17777,Supía,Caldas,TERRITORIAL,421.98095582593874,baja,310,227,19584529132
2023,85325,San Luis de Palenque,Casanare,TERRITORIAL,421.7623137791597,baja,360,166,11377824494
2023,68615,Rionegro,Santander,TERRITORIAL,420.93758677401013,baja,409,279,27143795638
2023,54174,Chitagá,Norte de Santander,TERRITORIAL,420.7542045739441,baja,262,173,9646768684
2023,47189,Ciénaga,Magdalena,TERRITORIAL,420.12062762597486,baja,833,527,94727106379
2023,20001,Valledupar,Cesar,TERRITORIAL,419.7982675434111,baja,5232,3156,995334788690
2023,05543,Peque,Antioquia,TERRITORIAL,419.0186592144402,baja,203,116,7521387691
2023,17433,Manzanares,Caldas,TERRITORIAL,418.95053351661926,baja,514,236,14664591170
2023,25181,Choachí,Cundinamarca,TERRITORIAL,414.64795473706073,baja,294,178,13556771157
2023,52287,Funes,Nariño,TERRITORIAL,413.8315644066834,baja,529,211,13377856472
2023,44078,Barrancas,La Guajira,TERRITORIAL,413.1848314021415,baja,279,224,177917458473
2023,54099,Bochalema,Norte de Santander,TERRITORIAL,410.2715641870752,baja,448,208,13025140083
2023,05148,El Carmen de Viboral,Antioquia,TERRITORIAL,409.61454991650317,baja,462,358,59682178682
2023,63130,Calarca,Quindío,TERRITORIAL,409.07076358087033,baja,1030,594,35950259348
2023,66572,Pueblo Rico,Risaralda,TERRITORIAL,408.48636067636215,baja,371,215,17730749708
2023,19513,Padilla,Cauca,TERRITORIAL,408.3867162451929,baja,140,91,2563730941
2023,85225,Nunchía,Casanare,TERRITORIAL,406.8953119756846,baja,259,151,7567744088
2023,05308,Girardota,Antioquia,TERRITORIAL,406.3884111588615,baja,1259,695,168671344735
2023,70204,Coloso,Sucre,TERRITORIAL,405.90638337993494,baja,428,242,24156275381
2023,68167,Charalá,Santander,TERRITORIAL,405.67027013465054,baja,342,172,9535857174
2023,76890,Yotoco,Valle del Cauca,TERRITORIAL,405.46464097610976,baja,594,318,15500840744
2023,15204,Cómbita,Boyacá,TERRITORIAL,403.81125950017747,baja,223,154,9072395926
2023,41483,Nátaga,Huila,TERRITORIAL,402.69380964031814,baja,173,101,2400408749
2023,15816,Togüí,Boyacá,TERRITORIAL,402.47350960171394,baja,207,126,7035752744
2023,50680,San Carlos de Guaroa,Meta,TERRITORIAL,402.4431499218838,baja,526,314,17376688685
2023,19110,Buenos Aires,Cauca,TERRITORIAL,401.70321787119065,baja,224,145,7232549354
2023,25718,Sasaima,Cundinamarca,TERRITORIAL,399.3984470125176,baja,279,182,11227546283
2023,25486,Nemocón,Cundinamarca,TERRITORIAL,398.8798557406771,baja,215,171,9146990601
2023,05686,Santa Rosa de Osos,Antioquia,NACIONAL,397.87778451886794,baja,116,80,36687832666
2023,25862,Vergara,Cundinamarca,TERRITORIAL,397.1539705942727,baja,282,178,11918929301
2023,76109,Buenaventura,Valle del Cauca,TERRITORIAL,396.6543552506012,baja,2688,1616,135906647964
2023,05885,Yalí,Antioquia,TERRITORIAL,396.35032163525295,baja,262,125,6895710923
2023,76109,Buenaventura,Valle del Cauca,NACIONAL,395.6879146061519,baja,379,298,41518341084
2023,54599,Ragonvalia,Norte de Santander,TERRITORIAL,395.6098922602692,baja,224,125,5680525530
2023,19622,Rosas,Cauca,TERRITORIAL,393.2574908783332,baja,170,101,2934050583
2023,25740,Sibaté,Cundinamarca,TERRITORIAL,392.5730552874555,baja,498,432,42687937241
2023,52585,Pupiales,Nariño,TERRITORIAL,392.3025138124442,baja,407,177,7616061519
2023,73352,Icononzo,Tolima,TERRITORIAL,392.2862041261115,baja,184,97,4096663492
2023,27495,Nuquí,Chocó,TERRITORIAL,390.34667699820585,baja,106,56,2880733353
2023,68498,Ocamonte,Santander,TERRITORIAL,390.130370434917,baja,152,102,5609592436
2023,05001,Medellín,Antioquia,OTRO,389.982021179998,baja,271,229,75571784508
2023,17495,Norcasia,Caldas,TERRITORIAL,388.6608870225459,baja,572,245,12942496593
2023,66170,Dosquebradas,Risaralda,TERRITORIAL,387.1839111283157,baja,3494,1945,114408440089
2023,76520,Palmira,Valle del Cauca,NACIONAL,387.16520896959514,baja,446,340,18377304636
2023,17380,La Dorada,Caldas,TERRITORIAL,386.82071206240727,baja,1435,877,58646956558
2023,76111,Guadalajara de Buga,Valle del Cauca,TERRITORIAL,386.62052188266165,baja,1924,1464,81152584520
2023,19785,Sucre,Cauca,TERRITORIAL,386.34720658396515,baja,412,194,11414520704
2023,68572,Puente Nacional,Santander,TERRITORIAL,385.23854734669607,baja,419,254,18777337661
2023,25053,Arbeláez,Cundinamarca,TERRITORIAL,384.4647893467242,baja,314,207,8386561122
2023,18592,Puerto Rico,Caquetá,TERRITORIAL,384.3481686982797,baja,293,171,24303651736
2023,17486,Neira,Caldas,TERRITORIAL,383.6481013483183,baja,241,190,9661984248
2023,18785,Solita,Caquetá,TERRITORIAL,383.41503439168326,baja,171,114,6868697638
2023,25473,Mosquera,Cundinamarca,TERRITORIAL,381.8319119377968,baja,1771,1125,163640590141
2023,23660,Sahagún,Córdoba,TERRITORIAL,381.356464900922,baja,497,325,124003017165
2023,94001,Inírida,Guainía,TERRITORIAL,380.83122505862195,baja,2377,1415,283868787161
2023,25386,La Mesa,Cundinamarca,TERRITORIAL,380.38234618177177,baja,523,341,31452410667
2023,85230,Orocué,Casanare,TERRITORIAL,379.7421190794915,baja,735,355,29266568635
2023,76130,Candelaria,Valle del Cauca,TERRITORIAL,377.4642539888699,baja,2210,1678,83939348010
2023,41797,Tesalia,Huila,TERRITORIAL,376.1836666934401,baja,213,143,3375963709
2023,25407,Lenguazaque,Cundinamarca,TERRITORIAL,375.91576867254093,baja,201,144,9128429197
2023,15533,Paya,Boyacá,TERRITORIAL,375.8427846097641,baja,278,185,12247319335
2023,76520,Palmira,Valle del Cauca,TERRITORIAL,375.6140083481147,baja,4015,1978,177335476284
2023,05093,Betulia,Antioquia,TERRITORIAL,375.104292330796,baja,235,129,7733390829
2023,99001,Puerto Carreño,Vichada,NACIONAL,374.45555111721495,baja,423,330,36744379495
2023,25040,Anolaima,Cundinamarca,TERRITORIAL,374.3161109961745,baja,183,151,7290508087
2023,54128,Cachirá,Norte de Santander,TERRITORIAL,374.11985594382514,baja,250,165,8155168145
2023,05541,Peñol,Antioquia,TERRITORIAL,372.31482454700995,baja,871,454,57521420244
2023,99773,Cumaribo,Vichada,TERRITORIAL,370.7903167761634,baja,408,243,59702832715
2023,08675,Santa Lucía,Atlántico,TERRITORIAL,370.4010814511441,baja,389,104,2259846099
2023,41244,Elías,Huila,TERRITORIAL,370.292732455311,baja,185,86,2591080599
2023,73270,Falan,Tolima,TERRITORIAL,369.62418886016883,baja,218,102,3641695257
2023,17867,Victoria,Caldas,TERRITORIAL,365.9024201572123,baja,411,197,9357123060
2023,50313,Granada,Meta,TERRITORIAL,364.5861717234201,baja,1045,633,51262396069
2023,19130,Cajibío,Cauca,TERRITORIAL,364.3285756323559,baja,291,219,15531164120
2023,68679,San Gil,Santander,TERRITORIAL,363.6250398784525,baja,895,459,36825635669
2023,52490,Olaya Herrera,Nariño,TERRITORIAL,362.1522772036016,baja,510,231,25530808554
2023,15407,Villa de Leyva,Boyacá,TERRITORIAL,360.95080165203655,baja,275,228,25151513085
2023,73770,Suárez,Tolima,TERRITORIAL,360.45183923499485,baja,290,165,7942208429
2023,44035,Albania,La Guajira,TERRITORIAL,359.5907837840531,baja,320,238,132241997554
2023,47001,Santa Marta,Magdalena,NACIONAL,359.5261995165627,baja,1483,1065,272053577932
2023,68276,Floridablanca,Santander,TERRITORIAL,358.26872624874255,baja,4024,2420,137762800526
2023,66456,Mistrató,Risaralda,TERRITORIAL,357.2899326483184,baja,460,266,17822773720
2023,25875,Villeta,Cundinamarca,TERRITORIAL,356.4369469243618,baja,511,364,31141465906
2023,52233,Cumbitara,Nariño,TERRITORIAL,356.0622955615023,baja,427,197,11195106861
2023,25286,Funza,Cundinamarca,NACIONAL,355.04624011933197,baja,60,46,1242206510
2023,68001,Bucaramanga,Santander,TERRITORIAL,351.95835389189557,baja,19267,10343,2303476743934
2023,18256,El Paujil,Caquetá,TERRITORIAL,351.728391579131,baja,264,158,9664777644
2023,15325,Guayatá,Boyacá,TERRITORIAL,350.89505393813243,baja,121,85,3432124982
2023,05686,Santa Rosa de Osos,Antioquia,TERRITORIAL,350.87785200488594,baja,357,243,25490380004
2023,25123,Cachipay,Cundinamarca,TERRITORIAL,349.62807787524616,baja,332,197,8548306803
2023,19698,Santander de Quilichao,Cauca,TERRITORIAL,349.08447527897886,baja,1504,705,60009566665
2023,68324,Guavatá,Santander,TERRITORIAL,348.58820059997305,baja,202,130,4735191745
2023,85010,Aguazul,Casanare,TERRITORIAL,348.2847832864254,baja,1783,870,92716379620
2023,66682,Santa Rosa de Cabal,Risaralda,NO_DEFINIDO,348.1587459333713,baja,241,127,284678017
2023,76892,Yumbo,Valle del Cauca,TERRITORIAL,346.21051289163995,baja,1171,993,41980930330
2023,20032,Astrea,Cesar,TERRITORIAL,346.18673635703544,baja,981,358,15421804333
2023,76100,Bolívar,Valle del Cauca,TERRITORIAL,344.46264675620307,baja,323,173,6917311455
2023,63001,Armenia,Quindío,NACIONAL,342.79042691499876,baja,3355,2168,174523857526
2023,81001,Arauca,Arauca,TERRITORIAL,341.30954984373477,baja,1682,1000,340230775367
2023,50370,Uribe,Meta,TERRITORIAL,341.09986037451677,baja,449,258,27160922625
2023,52506,Ospina,Nariño,TERRITORIAL,340.688779586317,baja,419,212,5851886684
2023,73347,Herveo,Tolima,TERRITORIAL,340.59190648006626,baja,261,168,4253827622
2023,68533,Páramo,Santander,TERRITORIAL,340.4757245040263,baja,183,94,3765148005
2023,25799,Tenjo,Cundinamarca,TERRITORIAL,338.159118080341,baja,686,610,68751078446
2023,25873,Villapinzón,Cundinamarca,TERRITORIAL,337.6377194127479,baja,376,246,17204474861
2023,25645,San Antonio del Tequendama,Cundinamarca,TERRITORIAL,336.1546078183509,baja,559,283,10406678629
2023,68271,Florián,Santander,TERRITORIAL,335.7102737223724,baja,299,167,13471822272
2023,41298,Garzón,Huila,TERRITORIAL,334.7851887858171,baja,491,304,24974398325
2023,19142,Caloto,Cauca,TERRITORIAL,332.609200653853,baja,312,217,16846004627
2023,68861,Vélez,Santander,TERRITORIAL,332.44019995847475,baja,297,195,10198949176
2023,05266,Envigado,Antioquia,TERRITORIAL,332.1322802781448,baja,1787,1295,126206686891
2023,25754,Soacha,Cundinamarca,TERRITORIAL,330.23758862319136,baja,7625,4326,469199668093
2023,70670,Sampués,Sucre,TERRITORIAL,330.0067971388898,baja,709,326,26040888651
2023,05240,Ebéjico,Antioquia,TERRITORIAL,329.21541493197765,baja,197,132,6311403733
2023,68669,San Andrés,Santander,TERRITORIAL,326.57276558853425,baja,269,138,8024553489
2023,85440,Villanueva,Casanare,TERRITORIAL,325.90023107724744,baja,425,302,30942246789
2023,19318,Guapi,Cauca,TERRITORIAL,325.34058778624006,baja,250,153,6521570511
2023,54223,Cucutilla,Norte de Santander,TERRITORIAL,322.07841586877333,baja,423,266,11878085834
2023,68132,California,Santander,TERRITORIAL,321.96657871917375,baja,173,97,2466955315
2023,17614,Riosucio,Caldas,TERRITORIAL,321.5538870107881,baja,830,457,43572549070
2023,25843,Villa de San Diego de Ubate,Cundinamarca,TERRITORIAL,321.54685718118515,baja,712,613,38992496912
2023,66088,Belén de Umbría,Risaralda,TERRITORIAL,319.4830447748616,baja,365,216,10026969497
2023,52254,El Peñol,Nariño,TERRITORIAL,318.20106469913713,baja,524,211,4904397126
2023,70221,Coveñas,Sucre,TERRITORIAL,317.8373219520584,baja,409,266,98472732856
2023,68077,Barbosa,Santander,TERRITORIAL,317.41762666306664,baja,288,155,10770314092
2023,66045,Apía,Risaralda,TERRITORIAL,316.94299138867933,baja,269,166,6446917886
2023,15236,Chivor,Boyacá,TERRITORIAL,315.58669896505654,baja,216,111,5772398354
2023,05490,Necoclí,Antioquia,TERRITORIAL,315.1015797861783,baja,482,325,354433396229
2023,19693,San Sebastián,Cauca,TERRITORIAL,314.9078344027747,baja,178,135,9118324936
2023,25269,Facatativá,Cundinamarca,NO_DEFINIDO,314.43855319739606,baja,163,100,3373348953
2023,17001,Manizales,Caldas,NACIONAL,312.1583913117087,baja,2097,1659,185111127911
2023,63594,Quimbaya,Quindío,TERRITORIAL,312.09507033799133,baja,685,392,9745136094
2023,66400,La Virginia,Risaralda,TERRITORIAL,309.93845024312327,baja,515,313,18595826973
2023,76670,San Pedro,Valle del Cauca,TERRITORIAL,309.6063976002103,baja,385,220,13485156567
2023,08758,Soledad,Atlántico,TERRITORIAL,307.16771742400397,baja,5471,2333,322512088964
2023,41001,Neiva,Huila,OTRO,306.4755953934188,baja,457,438,43867518236
2023,99001,Puerto Carreño,Vichada,TERRITORIAL,305.89284889688287,baja,3890,1716,247221287123
2023,47161,Cerro San Antonio,Magdalena,TERRITORIAL,305.7406642427213,baja,197,133,2351958402
2023,54109,Bucarasica,Norte de Santander,TERRITORIAL,302.6150730727627,baja,422,213,6920627645
2023,25769,Subachoque,Cundinamarca,TERRITORIAL,302.43623454016256,baja,305,226,14563018964
2023,20060,Bosconia,Cesar,NACIONAL,301.88760880406727,baja,503,187,7469221061
2023,76113,Bugalagrande,Valle del Cauca,TERRITORIAL,297.79525112545605,baja,830,463,23021057763
2023,25175,Chía,Cundinamarca,TERRITORIAL,294.52337933355403,baja,1594,1307,166162914111
2023,76834,Tuluá,Valle del Cauca,TERRITORIAL,293.7724379278589,baja,2143,1325,92136777397
2023,25322,Guasca,Cundinamarca,TERRITORIAL,291.49848141598096,baja,342,312,16301713082
2023,05861,Venecia,Antioquia,TERRITORIAL,290.82558999238273,baja,338,204,12420209739
2023,54820,Toledo,Norte de Santander,TERRITORIAL,290.49388341439146,baja,465,268,14999605067
2023,50590,Puerto Rico,Meta,TERRITORIAL,289.2216532813397,baja,397,221,17237910575
2023,68152,Carcasí,Santander,TERRITORIAL,289.05516368088195,baja,85,69,1782163575
2023,76275,Florida,Valle del Cauca,TERRITORIAL,288.2220333083617,baja,1457,568,17456587845
2023,63690,Salento,Quindío,TERRITORIAL,286.97666294848773,baja,358,219,7524785636
2023,68344,Hato,Santander,TERRITORIAL,286.2971201610742,baja,143,104,4912459083
2023,25372,Junín,Cundinamarca,TERRITORIAL,284.4585758524383,baja,287,171,7765810649
2023,73124,Cajamarca,Tolima,TERRITORIAL,284.07848053245255,baja,629,347,13400024199
2023,44001,Riohacha,La Guajira,TERRITORIAL,283.2075769905162,baja,2053,1514,542969583578
2023,52079,Barbacoas,Nariño,TERRITORIAL,282.87660252551075,baja,1211,492,21317234924
2023,54405,Los Patios,Norte de Santander,NACIONAL,282.85260691028407,baja,572,347,11779023203
2023,66001,Pereira,Risaralda,OTRO,282.3731561718567,baja,1000,745,56879183829
2023,41396,La Plata,Huila,TERRITORIAL,281.7211475040589,baja,675,404,23544145171
2023,70823,Tolú Viejo,Sucre,NACIONAL,281.06552817040074,baja,294,137,3376923347
2023,76828,Trujillo,Valle del Cauca,TERRITORIAL,280.7589104344513,baja,315,254,16652056686
2023,85001,Yopal,Casanare,OTRO,279.54799859363993,baja,105,59,1518958475
2023,15820,Tópaga,Boyacá,TERRITORIAL,278.30289256101173,baja,159,99,4691196082
2023,05197,Cocorná,Antioquia,TERRITORIAL,277.8285004814986,baja,255,198,8470009480
2023,76001,Cali,Valle del Cauca,OTRO,276.52267265680854,baja,140,98,4585036171
2023,19355,Inzá,Cauca,TERRITORIAL,275.54778783930436,baja,310,180,23607549847
2023,54001,Cúcuta,Norte de Santander,OTRO,275.4623071141546,baja,956,878,29473462423
2023,63272,Filandia,Quindío,TERRITORIAL,274.81963839950305,baja,447,234,7883260116
2023,41615,Rivera,Huila,TERRITORIAL,274.21596015232143,baja,543,358,23865092738
2023,44847,Uribia,La Guajira,TERRITORIAL,274.19682655699165,baja,539,313,248162431921
2023,76041,Ansermanuevo,Valle del Cauca,TERRITORIAL,274.1192409219374,baja,253,154,7362168676
2023,76377,La Cumbre,Valle del Cauca,TERRITORIAL,273.0520832079504,baja,542,158,5213948760
2023,15464,Mongua,Boyacá,TERRITORIAL,272.09525616655543,baja,134,103,4107782881
2023,47551,Pivijay,Magdalena,TERRITORIAL,271.19588094159695,baja,755,487,9169375087
2023,70001,Sincelejo,Sucre,TERRITORIAL,268.86422303999984,baja,6004,3388,590087260253
2023,25488,Nilo,Cundinamarca,NACIONAL,267.9054420215982,baja,298,256,19901521766
2023,23001,Montería,Córdoba,NACIONAL,267.334143280717,baja,1046,754,311874027500
2023,15469,Moniquirá,Boyacá,TERRITORIAL,266.97196973489906,baja,666,421,55609679615
2023,05697,El Santuario,Antioquia,TERRITORIAL,266.34959668561373,baja,600,315,19694058215
2023,63001,Armenia,Quindío,TERRITORIAL,264.84775261902564,baja,12898,6737,454193215171
2023,52385,La Llanada,Nariño,TERRITORIAL,264.2343949674099,baja,304,164,4998834492
2023,85315,Sácama,Casanare,TERRITORIAL,264.1422232627565,baja,142,92,3634799059
2023,27150,Carmen del Darien,Chocó,TERRITORIAL,262.6714188624787,baja,237,132,7153769228
2023,52250,El Charco,Nariño,TERRITORIAL,261.43216642440075,baja,626,469,15354390588
2023,76122,Caicedonia,Valle del Cauca,TERRITORIAL,260.3885770808633,baja,449,210,9918475394
2023,54001,Cúcuta,Norte de Santander,NACIONAL,259.8347094048324,baja,2449,1915,263445344392
2023,17665,San José,Caldas,TERRITORIAL,258.97904652396943,baja,258,150,4648130068
2023,76834,Tuluá,Valle del Cauca,NO_DEFINIDO,254.8358057440117,baja,1117,252,1726699797
2023,15646,Samacá,Boyacá,TERRITORIAL,250.60275267129447,baja,489,354,33037811578
2023,25779,Susa,Cundinamarca,TERRITORIAL,249.7717462491372,baja,213,143,4788437689
2023,25290,Fusagasugá,Cundinamarca,TERRITORIAL,249.652097986112,baja,1288,1111,130066713878
2023,25001,Agua de Dios,Cundinamarca,NACIONAL,248.46283296102865,baja,540,410,16557809396
2023,05266,Envigado,Antioquia,NACIONAL,247.1092022475748,baja,1726,1419,301755057885
2023,23807,Tierralta,Córdoba,TERRITORIAL,246.16245138117353,baja,409,297,59585881057
2023,13300,Hatillo de Loba,Bolívar,TERRITORIAL,245.71393819079788,baja,118,61,789340991
2023,73675,San Antonio,Tolima,TERRITORIAL,245.1506632236752,baja,282,137,4466014135
2023,52786,Taminango,Nariño,TERRITORIAL,244.237492347809,baja,1086,444,19919749166
2023,73226,Cunday,Tolima,TERRITORIAL,244.1618218802028,baja,214,120,3660386358
2023,17873,Villamaría,Caldas,TERRITORIAL,243.92436015558118,baja,1090,482,25603306247
2023,15001,Tunja,Boyacá,NACIONAL,243.1901192156717,baja,1810,1418,181886037656
2023,41668,San Agustín,Huila,TERRITORIAL,239.23361799096187,baja,723,350,23720722958
2023,41551,Pitalito,Huila,TERRITORIAL,237.36868237823654,baja,1780,907,157940547096
2023,05001,Medellín,Antioquia,NACIONAL,236.94854993231792,baja,20140,10587,1449029649338
2023,41001,Neiva,Huila,TERRITORIAL,236.81081914928546,baja,5510,3433,342885588376
2023,15516,Paipa,Boyacá,TERRITORIAL,236.27499535122362,baja,168,114,3221594062
2023,08436,Manatí,Atlántico,NACIONAL,235.22409081400713,baja,417,148,2961090892
2023,63212,Córdoba,Quindío,TERRITORIAL,232.99425744483017,baja,315,149,3245120691
2023,73001,Ibagué,Tolima,NACIONAL,232.2722215794493,baja,3266,2673,355539039822
2023,76306,Ginebra,Valle del Cauca,TERRITORIAL,231.37719099774017,baja,472,216,7796069085
2023,13673,Santa Catalina,Bolívar,OTRO,225.49965066849862,baja,125,77,1091206600
2023,41006,Acevedo,Huila,TERRITORIAL,225.48687848384915,baja,894,482,18896903477
2023,76364,Jamundí,Valle del Cauca,TERRITORIAL,223.28267268074768,baja,1700,982,45665951901
2023,85162,Monterrey,Casanare,TERRITORIAL,222.0618555409188,baja,417,325,21787352851
2023,25269,Facatativá,Cundinamarca,TERRITORIAL,221.9318630832498,baja,1570,955,104512729649
2023,13744,Simití,Bolívar,TERRITORIAL,221.06299515592312,baja,781,470,32930240845
2023,52227,Cumbal,Nariño,TERRITORIAL,220.26963304065117,baja,524,244,16228727096
2023,20001,Valledupar,Cesar,NACIONAL,218.6204283307048,baja,602,440,253234517680
2023,63111,Buenavista,Quindío,TERRITORIAL,214.97926343448916,baja,234,109,2257531408
2023,13430,Magangué,Bolívar,OTRO,214.33129207974773,baja,179,95,1933268040
2023,27425,Medio Atrato,Chocó,TERRITORIAL,212.64845896329376,baja,151,96,2831747634
2023,68092,Betulia,Santander,TERRITORIAL,203.69816655158382,baja,246,215,15604333123
2023,54405,Los Patios,Norte de Santander,TERRITORIAL,202.9917912644388,baja,1448,871,44940737129
2023,76563,Pradera,Valle del Cauca,TERRITORIAL,200.77622545874,baja,770,373,14894578801
2023,47001,Santa Marta,Magdalena,TERRITORIAL,200.5155567289532,baja,11720,4825,1210258527936
2023,19001,Popayán,Cauca,TERRITORIAL,196.7056206174512,baja,10037,5551,1192931888917
2023,25736,Sesquilé,Cundinamarca,TERRITORIAL,195.3541552577662,baja,471,332,18206238496
2023,27001,Quibdó,Chocó,TERRITORIAL,192.99676214936912,baja,1571,878,240478118984
2023,52573,Puerres,Nariño,TERRITORIAL,192.72065332393956,baja,700,288,6799869216
2023,27372,Juradó,Chocó,TERRITORIAL,191.11292460297975,baja,210,118,5398603159
2023,52560,Potosí,Nariño,TERRITORIAL,186.6071236199516,baja,794,311,9821496600
2023,19473,Morales,Cauca,TERRITORIAL,186.50168276160198,baja,520,278,18692441684
2023,68547,Piedecuesta,Santander,TERRITORIAL,175.9369477357876,baja,2641,1432,120782102646
2023,68001,Bucaramanga,Santander,NACIONAL,175.69147671024072,baja,3763,3027,316436920969
2023,50001,Villavicencio,Meta,TERRITORIAL,175.51310171269773,baja,14961,8193,1912209517973
2023,08573,Puerto Colombia,Atlántico,TERRITORIAL,175.15567558232092,baja,1676,1111,121348095437
2023,05376,La Ceja,Antioquia,TERRITORIAL,170.86865393273445,baja,1516,865,497394421076
2023,50689,San Martín,Meta,NACIONAL,166.98920306606362,baja,271,166,6462042443
2023,85001,Yopal,Casanare,TERRITORIAL,166.8620470391312,baja,8979,5236,669966478123
2023,41132,Campoalegre,Huila,NACIONAL,165.79213836589733,baja,281,246,11521565527
2023,19300,Guachené,Cauca,TERRITORIAL,163.9498198815113,baja,711,339,9935095829
2023,17662,Samaná,Caldas,TERRITORIAL,163.5964465187491,baja,1017,509,14310709852
2023,13836,Turbaco,Bolívar,TERRITORIAL,163.37122286832377,baja,5807,4006,441705273157
2023,50001,Villavicencio,Meta,NACIONAL,158.96604597745724,baja,2950,1833,188858463140
2023,63470,Montenegro,Quindío,TERRITORIAL,155.19815297034017,baja,912,451,13814184864
2023,44001,Riohacha,La Guajira,NACIONAL,145.94278462951928,baja,761,596,28601063184
2023,05579,Puerto Berrío,Antioquia,NACIONAL,144.12194682393286,baja,291,260,8433867206
2023,08001,Barranquilla,Atlántico,TERRITORIAL,141.97910529357358,baja,18104,11049,2209402497996
2023,25307,Girardot,Cundinamarca,NACIONAL,139.59369290005674,baja,418,308,12736454963
2023,27250,El Litoral del San Juan,Chocó,TERRITORIAL,136.7565449642227,baja,278,187,5886829596
2023,05129,Caldas,Antioquia,NACIONAL,133.6174889569077,baja,312,253,9910705065
2023,73001,Ibagué,Tolima,TERRITORIAL,132.44785171187053,baja,7177,5416,613754659882
2023,17541,Pensilvania,Caldas,TERRITORIAL,130.26222321991875,baja,591,370,14617330360
2023,25290,Fusagasugá,Cundinamarca,NACIONAL,129.89913653405625,baja,507,449,14578704922
2023,25473,Mosquera,Cundinamarca,NACIONAL,125.34772232062653,baja,551,450,19987921054
2023,25875,Villeta,Cundinamarca,NACIONAL,121.77232815985458,baja,425,354,12863443777
2023,15238,Duitama,Boyacá,NACIONAL,119.480886434398,baja,357,324,13804908318
2023,19001,Popayán,Cauca,NACIONAL,118.95133048626724,baja,2968,2292,344422647352
2023,17380,La Dorada,Caldas,NACIONAL,117.75879292493174,baja,270,187,7082137403
2023,05250,El Bagre,Antioquia,NACIONAL,115.4424084837049,baja,143,127,3738927982
2023,11001,Bogotá D.C.,Bogotá,TERRITORIAL,115.37859087282125,baja,49344,40002,10112713534301
2023,05154,Caucasia,Antioquia,NACIONAL,113.48621460347795,baja,200,187,6655922271
2023,66001,Pereira,Risaralda,NACIONAL,109.33400066458437,baja,1494,1249,76392231418
2023,11001,Bogotá D.C.,Bogotá,NACIONAL,107.87948982500401,baja,103716,73154,29836408184469
2023,68081,Barrancabermeja,Santander,NACIONAL,107.59019732623959,baja,343,288,9230443119
2023,76248,El Cerrito,Valle del Cauca,NACIONAL,105.04351597295512,baja,765,325,8116275573
2023,15001,Tunja,Boyacá,TERRITORIAL,103.91701496808234,baja,9186,5891,870349810941
2023,52356,Ipiales,Nariño,NACIONAL,103.61794319574405,baja,313,237,8840255203
2023,52001,Pasto,Nariño,TERRITORIAL,103.52141472830793,baja,9296,5066,609135146607
2023,76834,Tuluá,Valle del Cauca,NACIONAL,96.654715089241,baja,292,281,10086494924
2023,41396,La Plata,Huila,NACIONAL,95.35550020412755,baja,204,178,5428763915
2023,41298,Garzón,Huila,NACIONAL,94.61147417900041,baja,215,195,6029370150
2023,76001,Cali,Valle del Cauca,TERRITORIAL,94.47003949523265,baja,53180,24328,3317594171027
2023,17001,Manizales,Caldas,TERRITORIAL,89.8999828059073,baja,5158,3022,401977899505
2023,76147,Cartago,Valle del Cauca,NACIONAL,87.50158878967214,baja,276,251,8307059837
2023,68276,Floridablanca,Santander,NACIONAL,83.68215254525656,baja,295,220,7556885618
2023,05045,Apartadó,Antioquia,NACIONAL,83.45878780809201,baja,507,470,17858126390
2023,76001,Cali,Valle del Cauca,NACIONAL,82.64146629350074,baja,6436,4990,809514358842
2023,52001,Pasto,Nariño,NACIONAL,81.94216819025637,baja,781,620,35141432671
2023,25175,Chía,Cundinamarca,NACIONAL,79.02312962395229,baja,514,479,17682821824
2023,05360,Itagui,Antioquia,NACIONAL,78.60367860643265,baja,618,480,19430279471
2023,76111,Guadalajara de Buga,Valle del Cauca,NACIONAL,78.3415331624264,baja,528,405,15633662163
2023,68432,Málaga,Santander,NACIONAL,76.89979453280138,baja,238,208,6458141647
2023,86568,Puerto Asís,Putumayo,NACIONAL,75.11387234787776,baja,580,516,18962603993
2023,05042,Santafé de Antioquia,Antioquia,NACIONAL,72.31000596769329,baja,245,231,8134047095
2023,13001,Cartagena,Bolívar,TERRITORIAL,71.13068820353497,baja,10218,6913,760679933588
2023,15759,Sogamoso,Boyacá,NACIONAL,66.17858254104046,baja,762,624,27125653710
2023,08638,Sabanalarga,Atlántico,NACIONAL,53.05067696896899,baja,496,383,11584869607
2023,05615,Rionegro,Antioquia,NACIONAL,44.935782851911725,baja,469,424,16641171270
2023,25293,Gachala,Cundinamarca,OTRO,42.72884870209167,baja,343,307,8905506587
2024,05660,San Luis,Antioquia,OTRO,10000.0,alta,1,1,5000000
2024,05790,Tarazá,Antioquia,NACIONAL,10000.0,alta,2,1,35500000
2024,13549,Pinillos,Bolívar,TERRITORIAL,10000.0,alta,1,1,17600000
2024,15097,Boavita,Boyacá,NACIONAL,10000.0,alta,2,1,28900100
2024,15232,Chíquiza,Boyacá,TERRITORIAL,10000.0,alta,1,1,63248850
2024,15500,Oicatá,Boyacá,NACIONAL,10000.0,alta,1,1,9695179
2024,15763,Sotaquirá,Boyacá,NACIONAL,10000.0,alta,1,1,407000000
2024,17662,Samaná,Caldas,NACIONAL,10000.0,alta,1,1,7680000
2024,25594,Quetame,Cundinamarca,NACIONAL,10000.0,alta,1,1,2000000
2024,27361,Istmina,Chocó,NACIONAL,10000.0,alta,1,1,3330008
2024,41013,Agrado,Huila,OTRO,10000.0,alta,1,1,4855405
2024,41016,Aipe,Huila,NACIONAL,10000.0,alta,1,1,69079750
2024,44430,Maicao,La Guajira,NACIONAL,10000.0,alta,1,1,95904480
2024,47675,Salamina,Magdalena,NACIONAL,10000.0,alta,2,1,721410000
2024,50573,Puerto López,Meta,NACIONAL,10000.0,alta,1,1,34830000
2024,52224,Cuaspud,Nariño,TERRITORIAL,10000.0,alta,1,1,50870300
2024,52352,Iles,Nariño,NACIONAL,10000.0,alta,1,1,1266667
2024,54206,Convención,Norte de Santander,OTRO,10000.0,alta,4,1,1048897403
2024,68425,Macaravita,Santander,NACIONAL,10000.0,alta,1,1,462690100
2024,76563,Pradera,Valle del Cauca,NACIONAL,10000.0,alta,1,1,34200000
2024,81300,Fortul,Arauca,NACIONAL,10000.0,alta,1,1,241739920
2024,17877,Viterbo,Caldas,TERRITORIAL,9998.959763609382,alta,7,6,2115110015422
2024,47058,Ariguaní,Magdalena,TERRITORIAL,9779.696319168397,alta,6,2,1300739051
2024,15762,Sora,Boyacá,TERRITORIAL,9664.921963700743,alta,15,14,7210142397
2024,25772,Suesca,Cundinamarca,TERRITORIAL,9494.901540924497,alta,256,157,190305164411
2024,25769,Subachoque,Cundinamarca,TERRITORIAL,9134.419393878674,alta,299,208,246011075552
2024,05059,Armenia,Antioquia,TERRITORIAL,8959.431472583941,alta,4,4,568673014
2024,73411,Líbano,Tolima,TERRITORIAL,8784.397966549692,alta,8,8,2666539982
2024,27361,Istmina,Chocó,TERRITORIAL,8780.602364683713,alta,110,99,54223578199
2024,05088,Bello,Antioquia,NACIONAL,8705.96597412077,alta,142,85,177178138709
2024,44078,Barrancas,La Guajira,NACIONAL,8698.788562645746,alta,2,2,5860543172
2024,13212,Córdoba,Bolívar,NACIONAL,8369.347293383826,alta,2,2,30150000
2024,68575,Puerto Wilches,Santander,TERRITORIAL,8089.49696104151,alta,492,205,279036879638
2024,41483,Nátaga,Huila,TERRITORIAL,7993.446958284494,alta,191,100,30312623233
2024,44378,Hatonuevo,La Guajira,NACIONAL,7813.247136384441,alta,6,6,2132743000
2024,44098,Distracción,La Guajira,NACIONAL,7670.954356474207,alta,6,6,1774768000
2024,19418,López,Cauca,TERRITORIAL,7304.604128036817,alta,2,2,849610000
2024,52354,Imués,Nariño,TERRITORIAL,7097.1759764028175,alta,16,9,377079568
2024,13490,Norosí,Bolívar,TERRITORIAL,6749.2269189181325,alta,9,9,1265932300
2024,25867,Vianí,Cundinamarca,NACIONAL,6668.352010693598,alta,3,2,774193333
2024,15480,Muzo,Boyacá,NACIONAL,6506.58220369939,alta,5,3,1479527384
2024,19300,Guachené,Cauca,TERRITORIAL,6418.276009966675,alta,483,302,53129666884
2024,68190,Cimitarra,Santander,NACIONAL,6263.89867046948,alta,5,3,1335449400
2024,19450,Mercaderes,Cauca,TERRITORIAL,6244.179756584311,alta,261,135,25579063013
2024,52001,Pasto,Nariño,NACIONAL,6231.295810477799,alta,865,666,197366856104
2024,47605,Remolino,Magdalena,TERRITORIAL,6188.049073472246,alta,28,19,7037609751
2024,25200,Cogua,Cundinamarca,OTRO,5728.318914602096,alta,3,3,17812762
2024,19318,Guapi,Cauca,TERRITORIAL,5606.425139326823,alta,468,295,47430310212
2024,52699,Santacruz,Nariño,NACIONAL,5484.9872139695,alta,2,2,1132805380
2024,52215,Córdoba,Nariño,TERRITORIAL,5453.303595413772,alta,601,250,33984964031
2024,76147,Cartago,Valle del Cauca,TERRITORIAL,5428.34379360645,alta,566,376,275695147079
2024,52788,Tangua,Nariño,TERRITORIAL,5378.152291528584,alta,907,362,47096759671
2024,05190,Cisneros,Antioquia,NACIONAL,5283.715022644131,alta,4,4,51684700
2024,54398,La Playa,Norte de Santander,TERRITORIAL,5212.210638284605,alta,17,7,1042513922
2024,23182,Chinú,Córdoba,NACIONAL,5194.584681803173,alta,3,2,26410000
2024,15835,Turmequé,Boyacá,NACIONAL,5088.787888472121,alta,4,2,839441993
2024,15720,Sativanorte,Boyacá,NACIONAL,5049.386260669367,alta,2,2,37751954
2024,05604,Remedios,Antioquia,TERRITORIAL,5035.212873242442,alta,64,43,3670244386
2024,86568,Puerto Asís,Putumayo,OTRO,5031.364670729195,alta,3,3,539762251
2024,05467,Montebello,Antioquia,NACIONAL,5004.591368227731,alta,3,2,6600000
2024,76403,La Victoria,Valle del Cauca,TERRITORIAL,4948.555806020802,alta,40,26,2929492510
2024,54820,Toledo,Norte de Santander,NACIONAL,4841.563733075506,alta,5,3,24418860
2024,19100,Bolívar,Cauca,NACIONAL,4774.126282685065,alta,24,12,240604545
2024,50226,Cumaral,Meta,OTRO,4717.580340264651,alta,5,4,23000000
2024,73217,Coyaima,Tolima,TERRITORIAL,4656.113921164944,alta,565,247,73576225770
2024,20443,Manaure,Cesar,TERRITORIAL,4641.727991291031,alta,4,3,761407570
2024,15681,San Pablo de Borbur,Boyacá,TERRITORIAL,4497.320722159508,alta,5,4,22595000
2024,15455,Miraflores,Boyacá,NACIONAL,4404.595053846051,alta,275,154,41197718362
2024,54405,Los Patios,Norte de Santander,NACIONAL,4257.864327098006,alta,801,347,41258191635
2024,15223,Cubará,Boyacá,TERRITORIAL,4189.14268165784,alta,11,10,20090402863
2024,73504,Ortega,Tolima,NACIONAL,4142.913436340248,alta,7,7,36056290
2024,95200,Miraflores,Guaviare,TERRITORIAL,4020.3715125197728,alta,78,66,3283154101
2024,25386,La Mesa,Cundinamarca,NACIONAL,3906.999976357938,alta,4,3,19003440
2024,86760,Santiago,Putumayo,TERRITORIAL,3892.9719440452113,alta,401,175,29579315884
2024,19137,Caldono,Cauca,NACIONAL,3871.4522929745553,alta,3,3,352904003
2024,52083,Belén,Nariño,TERRITORIAL,3852.6325466630883,alta,203,115,9807265411
2024,52019,Albán,Nariño,TERRITORIAL,3846.566564964289,alta,184,116,5959604344
2024,25572,Puerto Salgar,Cundinamarca,NACIONAL,3820.400027561443,alta,16,16,929757361
2024,52565,Providencia,Nariño,OTRO,3769.4872153087667,alta,5,5,34522320
2024,41548,Pital,Huila,TERRITORIAL,3688.228223332044,alta,10,7,509385074
2024,15522,Panqueba,Boyacá,NACIONAL,3641.732570213235,alta,5,3,26366500
2024,44279,Fonseca,La Guajira,TERRITORIAL,3633.318758563159,alta,299,176,26998134500
2024,23182,Chinú,Córdoba,TERRITORIAL,3623.4035130478082,alta,205,179,47549879307
2024,08560,Ponedera,Atlántico,TERRITORIAL,3605.6964473461394,alta,241,158,8942859793
2024,73349,Honda,Tolima,NACIONAL,3595.0608525632997,alta,4,4,32543900
2024,05425,Maceo,Antioquia,TERRITORIAL,3570.194853274803,alta,106,37,13644653901
2024,27580,Río Iro,Chocó,TERRITORIAL,3552.162393130051,alta,5,5,389619384
2024,50711,Vistahermosa,Meta,NACIONAL,3489.2502841262553,alta,4,4,48364633
2024,73411,Líbano,Tolima,NACIONAL,3470.413873271478,alta,4,4,56734090
2024,20750,San Diego,Cesar,TERRITORIAL,3462.2266667666945,alta,345,183,16665039830
2024,52207,Consaca,Nariño,TERRITORIAL,3427.966144005764,alta,359,178,16804754088
2024,18479,Morelia,Caquetá,TERRITORIAL,3383.715641893532,alta,126,96,21639094350
2024,15533,Paya,Boyacá,NACIONAL,3316.9311760503506,alta,4,4,36329049
2024,25151,Caqueza,Cundinamarca,NACIONAL,3312.6851637080126,alta,5,4,21225820
2024,17513,Pácora,Caldas,NACIONAL,3281.0973608273157,alta,7,6,60685105
2024,05631,Sabaneta,Antioquia,NACIONAL,3213.2223479059567,alta,18,15,821076299
2024,08638,Sabanalarga,Atlántico,TERRITORIAL,3185.3606625740085,alta,42,18,1617149920
2024,15403,La Uvita,Boyacá,NACIONAL,3177.495101176779,alta,5,4,39782500
2024,54720,Sardinata,Norte de Santander,TERRITORIAL,3158.6769584638087,alta,6,5,64801300
2024,76122,Caicedonia,Valle del Cauca,NACIONAL,3157.3295112462106,alta,5,4,36077245
2024,15317,Guacamayas,Boyacá,TERRITORIAL,3124.8645722015835,alta,155,93,9599873790
2024,19100,Bolívar,Cauca,TERRITORIAL,3091.1005894342666,alta,356,198,19472719719
2024,18610,San José del Fragua,Caquetá,TERRITORIAL,3088.6361700417183,alta,164,103,22209474729
2024,05658,San José de la Montaña,Antioquia,TERRITORIAL,3078.4801347163984,alta,4,4,18698500
2024,25885,Yacopí,Cundinamarca,TERRITORIAL,3058.9506470347633,alta,275,185,22213606140
2024,50711,Vistahermosa,Meta,TERRITORIAL,3058.3651394133713,alta,333,205,36681761860
2024,44098,Distracción,La Guajira,TERRITORIAL,2997.2843607079085,alta,52,45,1042702000
2024,76113,Bugalagrande,Valle del Cauca,TERRITORIAL,2931.569606481947,alta,1170,450,35975923163
2024,05101,Ciudad Bolívar,Antioquia,TERRITORIAL,2915.619739429425,alta,6,6,51172400
2024,41615,Rivera,Huila,NACIONAL,2902.1588891737,alta,15,12,1157498966
2024,05690,Santo Domingo,Antioquia,NACIONAL,2870.075894137223,alta,59,36,2370739356
2024,25740,Sibaté,Cundinamarca,NACIONAL,2865.2353410177584,alta,34,34,6630117016
2024,17513,Pácora,Caldas,TERRITORIAL,2856.2114938857353,alta,210,134,16522373982
2024,15507,Otanche,Boyacá,TERRITORIAL,2831.00308010011,alta,4,4,16779400
2024,25871,Villagómez,Cundinamarca,NACIONAL,2826.3547268581838,alta,6,5,27845000
2024,05045,Apartadó,Antioquia,OTRO,2808.1689791858207,alta,46,37,13368598286
2024,08832,Tubará,Atlántico,TERRITORIAL,2781.6504082954416,alta,11,8,77400000
2024,73678,San Luis,Tolima,NACIONAL,2750.0767591166214,alta,39,39,7551585389
2024,08078,Baranoa,Atlántico,TERRITORIAL,2733.5722843349567,alta,361,255,23098918296
2024,81300,Fortul,Arauca,TERRITORIAL,2673.1994350718223,alta,320,164,36396962413
2024,44090,Dibulla,La Guajira,NACIONAL,2660.7028469063653,alta,5,5,65912364
2024,08372,Juan de Acosta,Atlántico,TERRITORIAL,2660.56688525688,alta,267,149,20361125610
2024,73067,Ataco,Tolima,NACIONAL,2616.396500573563,alta,6,5,42181800
2024,70523,Palmito,Sucre,NACIONAL,2554.8553642993925,alta,28,20,680294132
2024,23807,Tierralta,Córdoba,NACIONAL,2523.715224339908,alta,10,6,92961663
2024,05376,La Ceja,Antioquia,NACIONAL,2519.386563723541,alta,9,8,91451907
2024,23574,Puerto Escondido,Córdoba,TERRITORIAL,2518.0432643700333,alta,390,173,36229846433
2024,23500,Moñitos,Córdoba,TERRITORIAL,2483.683394802716,moderada,187,132,22985319404
2024,47570,Puebloviejo,Magdalena,TERRITORIAL,2438.677770984258,moderada,35,31,3606155532
2024,27001,Quibdó,Chocó,TERRITORIAL,2427.162473700785,moderada,2101,1259,467973043618
2024,47245,El Banco,Magdalena,NACIONAL,2411.5810400204837,moderada,6,5,27243172
2024,15693,Santa Rosa de Viterbo,Boyacá,NACIONAL,2403.2509755132614,moderada,13,12,345595845
2024,05150,Carolina,Antioquia,TERRITORIAL,2400.217460995051,moderada,405,215,10963548878
2024,76400,La Unión,Valle del Cauca,OTRO,2387.1167716049995,moderada,27,27,3288996334
2024,19455,Miranda,Cauca,TERRITORIAL,2386.823388998326,moderada,6,6,135158670
2024,05837,Turbo,Antioquia,TERRITORIAL,2337.8877037316292,moderada,334,215,209154123713
2024,05034,Andes,Antioquia,OTRO,2302.0707848952993,moderada,5,5,61474000
2024,05197,Cocorná,Antioquia,TERRITORIAL,2289.848943725475,moderada,6,6,40100000
2024,05440,Marinilla,Antioquia,TERRITORIAL,2253.2368148882997,moderada,149,115,31398869682
2024,19573,Puerto Tejada,Cauca,NACIONAL,2249.423797296537,moderada,12,5,59228905
2024,27495,Nuquí,Chocó,TERRITORIAL,2243.7172970889396,moderada,228,145,24181336607
2024,19809,Timbiquí,Cauca,TERRITORIAL,2223.814943016735,moderada,13,11,2858172389
2024,05034,Andes,Antioquia,NACIONAL,2208.2305698863793,moderada,14,8,227314170
2024,76364,Jamundí,Valle del Cauca,NACIONAL,2189.6722341955033,moderada,24,18,4245506724
2024,05887,Yarumal,Antioquia,NACIONAL,2186.675615795355,moderada,12,8,315253697
2024,97001,Mitú,Vaupés,NACIONAL,2183.841715936655,moderada,163,110,16322203068
2024,44855,Urumita,La Guajira,TERRITORIAL,2178.404831539285,moderada,220,140,17530442795
2024,85250,Paz de Ariporo,Casanare,NACIONAL,2137.61695228989,moderada,8,8,143895300
2024,05282,Fredonia,Antioquia,TERRITORIAL,2136.8705501250306,moderada,260,180,18270066050
2024,05318,Guarne,Antioquia,TERRITORIAL,2125.406419131392,moderada,1030,767,89062586741
2024,50573,Puerto López,Meta,OTRO,2114.6613834135355,moderada,6,6,72097400
2024,05890,Yolombó,Antioquia,TERRITORIAL,2114.154558732847,moderada,644,389,56191445587
2024,76736,Sevilla,Valle del Cauca,NACIONAL,2114.1230000301634,moderada,10,8,84779910
2024,86885,Villagarzón,Putumayo,NACIONAL,2111.85511348444,moderada,20,19,774742863
2024,15455,Miraflores,Boyacá,TERRITORIAL,2109.092753825758,moderada,39,28,1133527229
2024,73024,Alpujarra,Tolima,NACIONAL,2093.0165128843055,moderada,9,8,67845755
2024,44650,San Juan del Cesar,La Guajira,TERRITORIAL,2078.789363518082,moderada,59,43,9910489676
2024,05321,Guatapé,Antioquia,NACIONAL,2078.547822456713,moderada,62,48,2464482541
2024,52427,Magüi,Nariño,TERRITORIAL,2077.4574618207885,moderada,472,254,28547812781
2024,13212,Córdoba,Bolívar,TERRITORIAL,2064.098710411265,moderada,233,123,14000877753
2024,19110,Buenos Aires,Cauca,OTRO,2063.1082641962826,moderada,154,82,14339819244
2024,15322,Guateque,Boyacá,NACIONAL,2033.6889480212747,moderada,9,9,87852342
2024,47660,Sabanas de San Angel,Magdalena,TERRITORIAL,2020.5392891581703,moderada,496,309,23044319699
2024,05093,Betulia,Antioquia,TERRITORIAL,2007.933344586232,moderada,271,156,17422990464
2024,52540,Policarpa,Nariño,TERRITORIAL,1999.602030755145,moderada,551,210,12785303138
2024,52480,Nariño,Nariño,TERRITORIAL,1997.6399346102323,moderada,422,197,12247660156
2024,13657,San Juan Nepomuceno,Bolívar,TERRITORIAL,1996.4547580277408,moderada,443,218,15495542788
2024,86569,Puerto Caicedo,Putumayo,TERRITORIAL,1995.1790486936197,moderada,610,340,14565859977
2024,44560,Manaure,La Guajira,TERRITORIAL,1982.4597562001038,moderada,276,168,63748617205
2024,44078,Barrancas,La Guajira,TERRITORIAL,1977.7702307476475,moderada,242,192,64020182628
2024,41668,San Agustín,Huila,TERRITORIAL,1957.3964799633798,moderada,802,493,51141560676
2024,25339,Gutiérrez,Cundinamarca,TERRITORIAL,1949.4940704434528,moderada,202,113,7800025411
2024,13042,Arenal,Bolívar,TERRITORIAL,1948.008510404945,moderada,37,26,1111273276
2024,50689,San Martín,Meta,TERRITORIAL,1927.391066489878,moderada,290,160,24761744488
2024,15183,Chita,Boyacá,TERRITORIAL,1925.5670006810635,moderada,90,69,3002387099
2024,15632,Saboyá,Boyacá,TERRITORIAL,1923.444463273963,moderada,221,139,6707962990
2024,54673,San Cayetano,Norte de Santander,TERRITORIAL,1919.7023007051757,moderada,353,199,16716985536
2024,50313,Granada,Meta,NACIONAL,1918.0396483264983,moderada,9,8,163121798
2024,08001,Barranquilla,Atlántico,NACIONAL,1914.888519041944,moderada,3837,3140,2100307174463
2024,70215,Corozal,Sucre,NACIONAL,1903.890032520611,moderada,44,37,8326300070
2024,68655,Sabana de Torres,Santander,TERRITORIAL,1898.8353309952013,moderada,547,250,24843395839
2024,70204,Coloso,Sucre,TERRITORIAL,1892.9165798290696,moderada,435,261,20219517279
2024,81736,Saravena,Arauca,TERRITORIAL,1887.20427526627,moderada,330,192,35144460981
2024,15839,Tutazá,Boyacá,TERRITORIAL,1870.8357867083018,moderada,106,74,5585724594
2024,05686,Santa Rosa de Osos,Antioquia,TERRITORIAL,1869.2794897108977,moderada,497,302,45255739502
2024,05679,Santa Bárbara,Antioquia,TERRITORIAL,1858.7315720363995,moderada,49,27,1102993874
2024,13667,San Martín de Loba,Bolívar,TERRITORIAL,1850.015909100791,moderada,254,187,21954291214
2024,15755,Socotá,Boyacá,TERRITORIAL,1839.5423575237446,moderada,13,9,106583841
2024,13780,Talaigua Nuevo,Bolívar,TERRITORIAL,1832.6453742843732,moderada,31,25,486333290
2024,50313,Granada,Meta,TERRITORIAL,1820.4497263681126,moderada,679,387,35697604600
2024,47205,Concordia,Magdalena,TERRITORIAL,1813.2255734979806,moderada,190,97,9728309531
2024,15897,Zetaquira,Boyacá,NACIONAL,1795.4326855591758,moderada,12,9,100527700
2024,76318,Guacarí,Valle del Cauca,OTRO,1784.045908549957,moderada,17,10,145400000
2024,52573,Puerres,Nariño,TERRITORIAL,1779.3386870112272,moderada,834,363,14728627096
2024,08675,Santa Lucía,Atlántico,NACIONAL,1773.0365845639653,moderada,13,9,66223626
2024,76020,Alcalá,Valle del Cauca,TERRITORIAL,1741.977469955601,moderada,274,173,15260013721
2024,08433,Malambo,Atlántico,NACIONAL,1739.7145266694044,moderada,28,25,961466498
2024,15469,Moniquirá,Boyacá,NACIONAL,1732.4539155085056,moderada,9,7,69367559
2024,54128,Cachirá,Norte de Santander,TERRITORIAL,1730.7257634238422,moderada,206,150,12057244466
2024,54498,Ocaña,Norte de Santander,NACIONAL,1722.529584333646,moderada,34,18,450228962
2024,76109,Buenaventura,Valle del Cauca,OTRO,1702.8971001972907,moderada,28,7,8352450000
2024,15051,Arcabuco,Boyacá,TERRITORIAL,1693.5943986376312,moderada,14,12,71705447
2024,54206,Convención,Norte de Santander,TERRITORIAL,1673.5709643741272,moderada,246,134,7576439670
2024,66687,Santuario,Risaralda,TERRITORIAL,1656.5070879416548,moderada,31,17,264229889
2024,27050,Atrato,Chocó,TERRITORIAL,1642.4618452195307,moderada,200,69,10547744343
2024,13810,Tiquisio,Bolívar,TERRITORIAL,1641.3331006361336,moderada,56,54,5288491650
2024,52390,La Tola,Nariño,TERRITORIAL,1636.0835925686174,moderada,615,305,19630066182
2024,19364,Jambaló,Cauca,TERRITORIAL,1624.8247253945522,moderada,122,89,13141602628
2024,54520,Pamplonita,Norte de Santander,TERRITORIAL,1624.520451406656,moderada,264,137,11738368274
2024,25279,Fomeque,Cundinamarca,TERRITORIAL,1617.1896792041773,moderada,327,196,9589048551
2024,41799,Tello,Huila,TERRITORIAL,1597.7717656629404,moderada,156,92,4890014529
2024,54599,Ragonvalia,Norte de Santander,TERRITORIAL,1596.021612591427,moderada,136,96,5963048301
2024,41132,Campoalegre,Huila,TERRITORIAL,1590.0626698127874,moderada,295,160,8718697654
2024,25368,Jerusalén,Cundinamarca,TERRITORIAL,1585.655705777385,moderada,113,90,4905014217
2024,18150,Cartagena del Chairá,Caquetá,TERRITORIAL,1578.043507047919,moderada,316,191,22299266387
2024,94001,Inírida,Guainía,OTRO,1572.8016823006842,moderada,255,178,11740462246
2024,81591,Puerto Rondón,Arauca,TERRITORIAL,1567.7589924245578,moderada,141,83,9953452793
2024,25736,Sesquilé,Cundinamarca,TERRITORIAL,1556.4497688767542,moderada,523,348,26671650908
2024,76377,La Cumbre,Valle del Cauca,TERRITORIAL,1540.4618237439047,moderada,55,26,1446742122
2024,73678,San Luis,Tolima,TERRITORIAL,1522.1567133293267,moderada,229,149,13987907690
2024,13188,Cicuco,Bolívar,TERRITORIAL,1514.026455488592,moderada,9,9,160500000
2024,05690,Santo Domingo,Antioquia,TERRITORIAL,1513.4745862892808,moderada,248,144,12242336236
2024,81736,Saravena,Arauca,NACIONAL,1511.4146049328488,moderada,16,14,1254861848
2024,05631,Sabaneta,Antioquia,TERRITORIAL,1500.4035008681644,moderada,2982,1454,267209346047
2024,47555,Plato,Magdalena,TERRITORIAL,1496.0402634721356,baja,509,220,25081380664
2024,15723,Sativasur,Boyacá,TERRITORIAL,1493.2124615232194,baja,72,57,2887622162
2024,68051,Aratoca,Santander,TERRITORIAL,1483.1724198557074,baja,200,123,10202422739
2024,05591,Puerto Triunfo,Antioquia,NACIONAL,1480.2411608656826,baja,17,14,1420577165
2024,68307,Girón,Santander,TERRITORIAL,1469.9392785504283,baja,1063,947,127536824718
2024,86749,Sibundoy,Putumayo,TERRITORIAL,1468.1058915298827,baja,446,201,12658265793
2024,66170,Dosquebradas,Risaralda,NACIONAL,1461.071099113517,baja,17,14,420954486
2024,68276,Floridablanca,Santander,NACIONAL,1442.730553140921,baja,523,273,47775811817
2024,76318,Guacarí,Valle del Cauca,TERRITORIAL,1437.0873035001582,baja,374,254,21376950544
2024,05501,Olaya,Antioquia,TERRITORIAL,1433.5321855769862,baja,35,28,1208602548
2024,27160,Cértegui,Chocó,TERRITORIAL,1429.7763372250374,baja,75,47,26236878122
2024,05125,Caicedo,Antioquia,TERRITORIAL,1428.2578652536963,baja,266,142,10207506007
2024,23189,Ciénaga de Oro,Córdoba,TERRITORIAL,1426.3361025435265,baja,495,339,55020236216
2024,73443,Mariquita,Tolima,NACIONAL,1414.0217228275567,baja,22,20,1089359503
2024,73352,Icononzo,Tolima,NACIONAL,1413.0429296955767,baja,15,11,85511846
2024,05360,Itagui,Antioquia,OTRO,1388.876597812394,baja,178,161,422891861143
2024,47268,El Retén,Magdalena,TERRITORIAL,1385.859148676986,baja,277,131,15628781578
2024,70221,Coveñas,Sucre,NACIONAL,1370.1725573042415,baja,72,63,8273976322
2024,27600,Río Quito,Chocó,TERRITORIAL,1362.8606592308445,baja,20,19,930063000
2024,13894,Zambrano,Bolívar,TERRITORIAL,1357.4857282958797,baja,612,277,24193980022
2024,47053,Aracataca,Magdalena,TERRITORIAL,1345.4156569130296,baja,327,167,22866865704
2024,47675,Salamina,Magdalena,TERRITORIAL,1337.4618978317262,baja,261,101,9173096424
2024,15377,Labranzagrande,Boyacá,TERRITORIAL,1336.7527576621887,baja,118,86,1913132487
2024,44874,Villanueva,La Guajira,TERRITORIAL,1336.260424852713,baja,301,158,10193440921
2024,05495,Nechí,Antioquia,TERRITORIAL,1331.1119714299218,baja,470,304,40065573289
2024,73483,Natagaima,Tolima,TERRITORIAL,1330.2880919381805,baja,374,184,9579716242
2024,68307,Girón,Santander,NACIONAL,1328.313540412241,baja,48,21,1978091153
2024,23417,Lorica,Córdoba,TERRITORIAL,1324.8489817873824,baja,306,258,36201782628
2024,41298,Garzón,Huila,TERRITORIAL,1321.1547937897872,baja,609,352,36927640261
2024,15380,La Capilla,Boyacá,TERRITORIAL,1311.9423107060968,baja,14,12,68618078
2024,05480,Mutatá,Antioquia,TERRITORIAL,1310.9536435846153,baja,291,189,16757075401
2024,52356,Ipiales,Nariño,NO_DEFINIDO,1308.1000480997468,baja,37,30,639258609
2024,25183,Chocontá,Cundinamarca,NACIONAL,1292.648699353516,baja,26,23,666705174
2024,73686,Santa Isabel,Tolima,TERRITORIAL,1291.371533524994,baja,235,126,5502401271
2024,08421,Luruaco,Atlántico,TERRITORIAL,1288.6938153753313,baja,179,111,8235312338
2024,23168,Chimá,Córdoba,TERRITORIAL,1287.9844952018227,baja,217,135,14446617309
2024,17541,Pensilvania,Caldas,NACIONAL,1281.4803877781515,baja,14,12,98468422
2024,15522,Panqueba,Boyacá,TERRITORIAL,1267.4671040749538,baja,164,85,6548107187
2024,05674,San Vicente,Antioquia,TERRITORIAL,1263.5698071332795,baja,201,126,15916095784
2024,63594,Quimbaya,Quindío,TERRITORIAL,1261.7036801757256,baja,489,284,13674591283
2024,25154,Carmen de Carupa,Cundinamarca,TERRITORIAL,1259.8239024086442,baja,61,38,2404431018
2024,86757,San Miguel,Putumayo,TERRITORIAL,1258.1910647218565,baja,372,177,19679214686
2024,13001,Cartagena,Bolívar,OTRO,1252.6958253021246,baja,198,182,140036147732
2024,05172,Chigorodó,Antioquia,TERRITORIAL,1244.5082096044669,baja,272,203,28212995170
2024,23419,Los Córdobas,Córdoba,TERRITORIAL,1242.483025040128,baja,103,64,12369644704
2024,99524,La Primavera,Vichada,TERRITORIAL,1235.9008483475623,baja,348,167,13507611477
2024,15778,Sutatenza,Boyacá,TERRITORIAL,1235.1497900176205,baja,206,112,11044628262
2024,15047,Aquitania,Boyacá,TERRITORIAL,1232.9642783690088,baja,196,131,8967794117
2024,05790,Tarazá,Antioquia,TERRITORIAL,1229.7305488476402,baja,276,154,9400325441
2024,05034,Andes,Antioquia,TERRITORIAL,1223.2751727514142,baja,347,216,33131854741
2024,17050,Aranzazu,Caldas,TERRITORIAL,1211.4352870726484,baja,278,158,9174698256
2024,13760,Soplaviento,Bolívar,TERRITORIAL,1210.6039891202931,baja,167,104,4176228960
2024,47980,Zona Bananera,Magdalena,TERRITORIAL,1201.5988586006038,baja,257,156,27851399771
2024,19548,Piendamó,Cauca,TERRITORIAL,1196.1804407460834,baja,886,523,32247590339
2024,52585,Pupiales,Nariño,TERRITORIAL,1184.4168030718747,baja,297,160,11553197516
2024,97001,Mitú,Vaupés,TERRITORIAL,1182.4888134417033,baja,1747,1025,279888741883
2024,15114,Busbanzá,Boyacá,TERRITORIAL,1180.1382489862976,baja,11,11,58907950
2024,05021,Alejandría,Antioquia,TERRITORIAL,1179.908449553935,baja,235,121,11155560803
2024,15087,Belén,Boyacá,TERRITORIAL,1177.84462457704,baja,154,106,6838252351
2024,41349,Hobo,Huila,TERRITORIAL,1173.0320710361284,baja,276,166,6458984752
2024,27810,Unión Panamericana,Chocó,TERRITORIAL,1172.3542036335205,baja,150,89,8737963216
2024,05360,Itagui,Antioquia,TERRITORIAL,1165.9941674264744,baja,443,316,744835420657
2024,27073,Bagadó,Chocó,TERRITORIAL,1161.2315030227953,baja,175,78,6253222788
2024,05659,San Juan de Urabá,Antioquia,TERRITORIAL,1155.436146581526,baja,248,149,32448390811
2024,73563,Prado,Tolima,TERRITORIAL,1152.197547882982,baja,150,85,2619549032
2024,05440,Marinilla,Antioquia,NACIONAL,1145.4740071372858,baja,359,272,51843924884
2024,70001,Sincelejo,Sucre,TERRITORIAL,1141.0214200097562,baja,3664,2416,886979840471
2024,27745,Sipí,Chocó,TERRITORIAL,1136.34254589616,baja,41,26,2797412470
2024,05040,Anorí,Antioquia,TERRITORIAL,1133.0022982260573,baja,246,152,13008707007
2024,05120,Cáceres,Antioquia,TERRITORIAL,1132.4904521575436,baja,219,165,12452114838
2024,15822,Tota,Boyacá,TERRITORIAL,1127.4611734853634,baja,197,125,5219631162
2024,27660,San José del Palmar,Chocó,TERRITORIAL,1121.4047794406988,baja,245,114,8326925369
2024,05250,El Bagre,Antioquia,TERRITORIAL,1112.8130626056695,baja,157,59,25948263034
2024,25658,San Francisco,Cundinamarca,NACIONAL,1110.7982209699326,baja,22,16,229982332
2024,05234,Dabeiba,Antioquia,TERRITORIAL,1105.1506623488422,baja,485,248,35754038548
2024,25817,Tocancipá,Cundinamarca,TERRITORIAL,1104.8924532418039,baja,826,787,83482265081
2024,81220,Cravo Norte,Arauca,TERRITORIAL,1098.2170594884508,baja,203,85,7623927818
2024,20400,La Jagua de Ibirico,Cesar,NACIONAL,1097.5362530664215,baja,277,175,12183585680
2024,81794,Tame,Arauca,NACIONAL,1096.7414123687472,baja,20,15,1058545696
2024,44090,Dibulla,La Guajira,TERRITORIAL,1095.8447301723838,baja,256,159,21378840451
2024,13430,Magangué,Bolívar,NACIONAL,1094.0674116666862,baja,1024,652,71815924994
2024,15572,Puerto Boyacá,Boyacá,TERRITORIAL,1093.410364180691,baja,841,422,164895972895
2024,19397,La Vega,Cauca,TERRITORIAL,1092.805730417318,baja,171,116,9895771496
2024,15469,Moniquirá,Boyacá,TERRITORIAL,1087.1039558277373,baja,353,205,25728723043
2024,23686,San Pelayo,Córdoba,TERRITORIAL,1083.5092791229195,baja,253,164,23586316764
2024,05490,Necoclí,Antioquia,TERRITORIAL,1082.9753458247862,baja,449,283,125758482445
2024,15189,Ciénega,Boyacá,TERRITORIAL,1077.211453600773,baja,99,78,3946355359
2024,05893,Yondó,Antioquia,TERRITORIAL,1074.8835312932188,baja,656,429,32236474027
2024,23570,Pueblo Nuevo,Córdoba,TERRITORIAL,1067.6787916723752,baja,156,106,28509223358
2024,08634,Sabanagrande,Atlántico,TERRITORIAL,1065.263175318884,baja,109,71,1325450572
2024,13006,Achí,Bolívar,TERRITORIAL,1060.8592344257315,baja,214,122,3888124768
2024,73622,Roncesvalles,Tolima,TERRITORIAL,1054.9975399591267,baja,278,158,7735670384
2024,18756,Solano,Caquetá,TERRITORIAL,1054.0143924988113,baja,176,131,10166034998
2024,44378,Hatonuevo,La Guajira,TERRITORIAL,1050.2231587798335,baja,112,82,13324443869
2024,68209,Confines,Santander,TERRITORIAL,1048.4098094019778,baja,105,66,3330449237
2024,15776,Sutamarchán,Boyacá,TERRITORIAL,1037.2230142669453,baja,117,83,4831444007
2024,54245,El Carmen,Norte de Santander,TERRITORIAL,1035.069976409333,baja,552,370,27587246324
2024,15740,Siachoque,Boyacá,TERRITORIAL,1034.044234087767,baja,160,104,7497338978
2024,44035,Albania,La Guajira,TERRITORIAL,1030.8448889933861,baja,246,159,29947105434
2024,54174,Chitagá,Norte de Santander,TERRITORIAL,1030.7205866410293,baja,348,187,12655977546
2024,08758,Soledad,Atlántico,NACIONAL,1029.7193613470426,baja,344,215,75750468456
2024,68271,Florián,Santander,TERRITORIAL,1028.8187740310673,baja,250,167,17536436972
2024,25843,Villa de San Diego de Ubate,Cundinamarca,NACIONAL,1028.0485683161362,baja,19,14,271122151
2024,05001,Medellín,Antioquia,OTRO,1027.7982411935316,baja,317,257,95791081684
2024,86001,Mocoa,Putumayo,NACIONAL,1027.1031477107476,baja,779,559,28843798050
2024,08436,Manatí,Atlántico,TERRITORIAL,1014.4897875309408,baja,314,182,11314392090
2024,70230,Chalán,Sucre,TERRITORIAL,1014.2978519893845,baja,151,112,12946737552
2024,68573,Puerto Parra,Santander,TERRITORIAL,1006.5051176492318,baja,165,101,8439620456
2024,25290,Fusagasugá,Cundinamarca,NACIONAL,1004.3295689891576,baja,250,184,9293829653
2024,52835,San Andrés de Tumaco,Nariño,TERRITORIAL,1001.7308316256964,baja,3521,2107,39040806551
2024,68327,Güepsa,Santander,TERRITORIAL,998.8434716189724,baja,124,89,4035762604
2024,15764,Soracá,Boyacá,TERRITORIAL,996.4346216049966,baja,149,114,6447696886
2024,05212,Copacabana,Antioquia,TERRITORIAL,996.0979202833981,baja,771,545,75411589746
2024,23855,Valencia,Córdoba,TERRITORIAL,995.144880123863,baja,189,157,14687210434
2024,95200,Miraflores,Guaviare,NACIONAL,992.8695471471091,baja,116,75,3763123851
2024,15686,Santana,Boyacá,TERRITORIAL,992.547974522178,baja,208,87,5307244209
2024,44001,Riohacha,La Guajira,OTRO,989.9408653918701,baja,132,108,28060846379
2024,25430,Madrid,Cundinamarca,NACIONAL,983.2046606072835,baja,83,79,7745795052
2024,13650,San Fernando,Bolívar,TERRITORIAL,978.1713038237209,baja,69,53,4167504701
2024,20614,Río de Oro,Cesar,TERRITORIAL,977.0961524218733,baja,118,97,5228960314
2024,47460,Nueva Granada,Magdalena,TERRITORIAL,972.204855370603,baja,370,182,35437861833
2024,25269,Facatativá,Cundinamarca,NACIONAL,966.769739214823,baja,208,159,109217755964
2024,13873,Villanueva,Bolívar,NACIONAL,965.7828970240056,baja,82,57,2534993347
2024,23300,Cotorra,Córdoba,TERRITORIAL,965.4063214574089,baja,73,65,3284057508
2024,08606,Repelón,Atlántico,TERRITORIAL,964.7383673291997,baja,124,115,3840438077
2024,08549,Piojó,Atlántico,TERRITORIAL,959.3292108586013,baja,142,116,1736834148
2024,50450,Puerto Concordia,Meta,TERRITORIAL,958.4271049453308,baja,323,190,14495722128
2024,23079,Buenavista,Córdoba,TERRITORIAL,955.3677933004584,baja,274,149,17346553160
2024,08001,Barranquilla,Atlántico,TERRITORIAL,954.968207148395,baja,12548,9125,5229648830769
2024,41872,Villavieja,Huila,TERRITORIAL,954.9042715771006,baja,76,61,1622527543
2024,05308,Girardota,Antioquia,TERRITORIAL,951.848497114242,baja,649,483,48243226478
2024,13430,Magangué,Bolívar,TERRITORIAL,949.9719271804083,baja,65,33,466920894
2024,68468,Molagavita,Santander,TERRITORIAL,943.3666242301725,baja,130,88,5631746802
2024,05842,Uramita,Antioquia,TERRITORIAL,940.9108356327787,baja,244,128,6711036688
2024,13873,Villanueva,Bolívar,TERRITORIAL,940.8414433167928,baja,26,15,226560755
2024,19256,El Tambo,Cauca,TERRITORIAL,937.2184278644228,baja,352,215,16530968679
2024,27430,Medio Baudó,Chocó,TERRITORIAL,935.8487122644121,baja,36,21,2013334837
2024,15296,Gameza,Boyacá,TERRITORIAL,933.7572432873741,baja,176,100,6507815560
2024,15466,Monguí,Boyacá,TERRITORIAL,930.968401037968,baja,128,76,3012416374
2024,52378,La Cruz,Nariño,TERRITORIAL,930.5765937630604,baja,537,225,15066790219
2024,41026,Altamira,Huila,TERRITORIAL,925.3622865796948,baja,194,101,4612110236
2024,05761,Sopetrán,Antioquia,TERRITORIAL,923.1812934049992,baja,25,24,207017916
2024,25320,Guaduas,Cundinamarca,NACIONAL,922.2801628419912,baja,34,24,2898005481
2024,19807,Timbío,Cauca,TERRITORIAL,920.759398861802,baja,442,279,16390126347
2024,54498,Ocaña,Norte de Santander,TERRITORIAL,918.8803053638715,baja,1981,1045,148677780819
2024,15244,El Cocuy,Boyacá,TERRITORIAL,918.8759664750784,baja,155,91,5520286301
2024,19290,Florencia,Cauca,TERRITORIAL,916.5420656385911,baja,177,77,3721982031
2024,15537,Paz de Río,Boyacá,TERRITORIAL,915.9196614924568,baja,105,79,2445920859
2024,54518,Pamplona,Norte de Santander,TERRITORIAL,908.3120194925706,baja,169,111,14533694507
2024,19022,Almaguer,Cauca,TERRITORIAL,907.1208497782962,baja,244,146,8784015479
2024,05400,La Unión,Antioquia,TERRITORIAL,907.1017484040391,baja,128,91,4221733962
2024,05885,Yalí,Antioquia,TERRITORIAL,902.1504549241838,baja,227,113,5449356861
2024,70418,Los Palmitos,Sucre,TERRITORIAL,901.6446732710239,baja,322,187,20405710542
2024,41078,Baraya,Huila,TERRITORIAL,901.1723300409028,baja,243,152,8550224825
2024,05475,Murindó,Antioquia,TERRITORIAL,897.5857267642032,baja,351,205,19558197523
2024,15600,Ráquira,Boyacá,TERRITORIAL,888.8371423438206,baja,143,99,5117652877
2024,19001,Popayán,Cauca,OTRO,885.3949344319013,baja,30,25,672121876
2024,85136,La Salina,Casanare,TERRITORIAL,880.8223779395822,baja,216,113,4716578361
2024,05321,Guatapé,Antioquia,TERRITORIAL,880.1042900303063,baja,724,345,109741044862
2024,05045,Apartadó,Antioquia,TERRITORIAL,878.9063400225332,baja,1079,812,176023332556
2024,18094,Belén de los Andaquies,Caquetá,TERRITORIAL,876.6835068593132,baja,178,111,8709222527
2024,27205,Condoto,Chocó,TERRITORIAL,874.5003974972,baja,115,66,38543677425
2024,15162,Cerinza,Boyacá,TERRITORIAL,871.828698137674,baja,120,88,2647826501
2024,05736,Segovia,Antioquia,TERRITORIAL,870.9526441430545,baja,220,140,9646353721
2024,23162,Cereté,Córdoba,TERRITORIAL,867.5758481245751,baja,297,218,42734297514
2024,15693,Santa Rosa de Viterbo,Boyacá,TERRITORIAL,864.8046437098869,baja,153,98,6008301923
2024,70473,Morroa,Sucre,TERRITORIAL,861.1274595516862,baja,250,152,9754037906
2024,23580,Puerto Libertador,Córdoba,TERRITORIAL,860.1728127121254,baja,72,61,20537362457
2024,76845,Ulloa,Valle del Cauca,TERRITORIAL,858.3805421934018,baja,52,42,1442446182
2024,27615,Riosucio,Chocó,TERRITORIAL,858.041053688433,baja,275,184,33254112561
2024,25530,Paratebueno,Cundinamarca,TERRITORIAL,856.0635814221736,baja,243,167,9338238509
2024,05647,San Andrés de Cuerquía,Antioquia,TERRITORIAL,851.5914347801134,baja,190,109,6709942491
2024,68673,San Benito,Santander,TERRITORIAL,848.8826508559905,baja,106,78,4022406574
2024,70265,Guaranda,Sucre,TERRITORIAL,848.4252267502761,baja,158,95,8392765991
2024,20013,Agustín Codazzi,Cesar,TERRITORIAL,842.8437312251255,baja,715,434,48017391949
2024,15109,Buenavista,Boyacá,TERRITORIAL,842.1275525556171,baja,160,95,4826120438
2024,52022,Aldana,Nariño,TERRITORIAL,842.0534136527378,baja,630,289,12242241784
2024,68500,Oiba,Santander,TERRITORIAL,840.0515757606954,baja,200,162,5754448383
2024,54871,Villa Caro,Norte de Santander,TERRITORIAL,838.9074539905934,baja,181,109,6710307132
2024,54250,El Tarra,Norte de Santander,TERRITORIAL,838.0758662627791,baja,292,195,30193190652
2024,05147,Carepa,Antioquia,NACIONAL,837.4024838358367,baja,37,32,2034036139
2024,41801,Teruel,Huila,TERRITORIAL,837.2762293177376,baja,208,110,4581953923
2024,86573,Leguízamo,Putumayo,NACIONAL,824.9707631419536,baja,56,46,13008858257
2024,13580,Regidor,Bolívar,TERRITORIAL,823.0439890089123,baja,131,109,4594929209
2024,94001,Inírida,Guainía,TERRITORIAL,822.1223311120519,baja,2569,1479,263758611388
2024,05679,Santa Bárbara,Antioquia,NACIONAL,821.7962938365846,baja,209,144,7774773430
2024,27245,El Carmen de Atrato,Chocó,TERRITORIAL,819.200995994973,baja,233,136,9729719345
2024,15790,Tasco,Boyacá,TERRITORIAL,816.3900945651018,baja,170,105,6091649343
2024,15835,Turmequé,Boyacá,TERRITORIAL,814.9395773488786,baja,179,119,4369201403
2024,95015,Calamar,Guaviare,TERRITORIAL,814.0583496227897,baja,382,233,11634392637
2024,27372,Juradó,Chocó,TERRITORIAL,812.8456038513641,baja,47,30,3609767522
2024,54518,Pamplona,Norte de Santander,NACIONAL,806.590330952047,baja,476,264,13979161020
2024,70233,El Roble,Sucre,TERRITORIAL,805.7935192464829,baja,176,143,9418706885
2024,76622,Roldanillo,Valle del Cauca,TERRITORIAL,804.277971505678,baja,147,77,3027464673
2024,18785,Solita,Caquetá,TERRITORIAL,801.565072571017,baja,150,97,6712395543
2024,68524,Palmas del Socorro,Santander,TERRITORIAL,800.110237662828,baja,87,66,2927181866
2024,25785,Tabio,Cundinamarca,TERRITORIAL,798.3087204709881,baja,519,387,15075520358
2024,25372,Junín,Cundinamarca,TERRITORIAL,790.3815563264544,baja,313,192,10034097486
2024,15218,Covarachía,Boyacá,TERRITORIAL,789.8065167955813,baja,137,82,5027197237
2024,05665,San Pedro de Uraba,Antioquia,TERRITORIAL,785.5231050791461,baja,433,226,19678145757
2024,47245,El Banco,Magdalena,TERRITORIAL,785.5209457470795,baja,487,259,11795832932
2024,73283,Fresno,Tolima,TERRITORIAL,782.509637323252,baja,254,189,8859014371
2024,91001,Leticia,Amazonas,TERRITORIAL,779.5038531112164,baja,3651,2240,235172698015
2024,15660,San Eduardo,Boyacá,TERRITORIAL,776.9358758170654,baja,137,89,3249983279
2024,70670,Sampués,Sucre,TERRITORIAL,774.0438135058242,baja,825,375,33772013306
2024,08770,Suan,Atlántico,TERRITORIAL,773.0715989054906,baja,159,116,1745895210
2024,85250,Paz de Ariporo,Casanare,TERRITORIAL,773.0364694006644,baja,432,278,26776256185
2024,68276,Floridablanca,Santander,TERRITORIAL,765.6474511056763,baja,3313,2068,259029042876
2024,47798,Tenerife,Magdalena,TERRITORIAL,762.42345905218,baja,300,137,11529575120
2024,15533,Paya,Boyacá,TERRITORIAL,758.7682199917325,baja,210,145,10041478813
2024,44650,San Juan del Cesar,La Guajira,NACIONAL,756.7491725276938,baja,302,141,13737311682
2024,25295,Gachancipá,Cundinamarca,TERRITORIAL,755.7441868662273,baja,269,185,12078265726
2024,05660,San Luis,Antioquia,TERRITORIAL,753.8325547092279,baja,237,139,8679732229
2024,86865,Valle del Guamuez,Putumayo,TERRITORIAL,753.5522201122473,baja,36,33,439955056
2024,05376,La Ceja,Antioquia,TERRITORIAL,752.6394660947356,baja,985,679,125402408926
2024,20011,Aguachica,Cesar,TERRITORIAL,752.4990995587303,baja,407,249,27444028848
2024,73200,Coello,Tolima,TERRITORIAL,750.6686907602688,baja,315,221,8137128305
2024,25407,Lenguazaque,Cundinamarca,TERRITORIAL,750.1109161519284,baja,240,150,11677967677
2024,50683,San Juan de Arama,Meta,TERRITORIAL,749.1558375810089,baja,218,125,6963024483
2024,05051,Arboletes,Antioquia,TERRITORIAL,748.1868387209688,baja,318,193,17972500545
2024,15176,Chiquinquirá,Boyacá,TERRITORIAL,747.276781128007,baja,574,353,32216287612
2024,05042,Santafé de Antioquia,Antioquia,TERRITORIAL,745.9722578774558,baja,140,93,9264755833
2024,23807,Tierralta,Córdoba,TERRITORIAL,742.7145840146537,baja,297,180,34654728188
2024,54261,El Zulia,Norte de Santander,TERRITORIAL,742.4814512977251,baja,405,185,9217138300
2024,13440,Margarita,Bolívar,TERRITORIAL,741.4935448582489,baja,147,95,6517897232
2024,68264,Encino,Santander,TERRITORIAL,741.2356870068205,baja,118,75,3886436247
2024,54385,La Esperanza,Norte de Santander,TERRITORIAL,741.0837905841682,baja,376,186,8736037112
2024,27787,Tadó,Chocó,TERRITORIAL,739.6861209512302,baja,157,113,7638909581
2024,25224,Cucunubá,Cundinamarca,NACIONAL,738.9102423950405,baja,22,19,286643813
2024,15097,Boavita,Boyacá,TERRITORIAL,738.8468564689662,baja,149,102,4888552723
2024,15646,Samacá,Boyacá,TERRITORIAL,738.3288098740661,baja,490,328,24388859444
2024,41306,Gigante,Huila,TERRITORIAL,735.8424132017136,baja,335,163,9214494707
2024,97666,Taraira,Vaupés,TERRITORIAL,731.1160168814234,baja,161,83,12835125811
2024,54743,Silos,Norte de Santander,TERRITORIAL,730.721726014781,baja,166,102,7023237104
2024,25175,Chía,Cundinamarca,TERRITORIAL,725.1680833926849,baja,1759,1199,334237898160
2024,25178,Chipaque,Cundinamarca,TERRITORIAL,722.2785604245546,baja,298,177,6675167660
2024,05895,Zaragoza,Antioquia,TERRITORIAL,722.2583141190803,baja,432,229,17893347592
2024,05148,El Carmen de Viboral,Antioquia,TERRITORIAL,716.4471184231948,baja,381,292,63443861762
2024,05819,Toledo,Antioquia,TERRITORIAL,716.4247590134888,baja,206,121,8906286640
2024,19821,Toribio,Cauca,TERRITORIAL,716.3229424315216,baja,311,170,17467337489
2024,15092,Betéitiva,Boyacá,TERRITORIAL,715.185221279404,baja,116,82,2124594594
2024,73449,Melgar,Tolima,NACIONAL,714.2432444777758,baja,90,83,10387149361
2024,15808,Tinjacá,Boyacá,TERRITORIAL,713.161368974238,baja,31,21,246748000
2024,94001,Inírida,Guainía,NACIONAL,712.3711047370663,baja,367,280,30675165690
2024,70124,Caimito,Sucre,TERRITORIAL,710.2769349411024,baja,172,110,5990288496
2024,20045,Becerril,Cesar,TERRITORIAL,708.44203787436,baja,218,187,36446850982
2024,15491,Nobsa,Boyacá,TERRITORIAL,708.4332104207263,baja,347,239,23168100880
2024,15135,Campohermoso,Boyacá,TERRITORIAL,707.0705862058388,baja,185,112,6356677059
2024,15293,Gachantivá,Boyacá,TERRITORIAL,707.0593820455467,baja,181,112,4647366449
2024,25745,Simijaca,Cundinamarca,TERRITORIAL,706.5136066793243,baja,309,197,7663853930
2024,52612,Ricaurte,Nariño,TERRITORIAL,703.8135266754961,baja,748,349,35108152068
2024,63190,Circasia,Quindío,TERRITORIAL,703.6159734698252,baja,560,361,12440437966
2024,25483,Nariño,Cundinamarca,TERRITORIAL,702.2788659362678,baja,198,119,4017121514
2024,23670,San Andrés Sotavento,Córdoba,TERRITORIAL,700.211331724564,baja,256,163,12172506697
2024,18205,Curillo,Caquetá,TERRITORIAL,699.9618302901949,baja,166,104,5863322810
2024,73270,Falan,Tolima,TERRITORIAL,699.534797609107,baja,252,145,6986175462
2024,18001,Florencia,Caquetá,TERRITORIAL,698.7164450493917,baja,915,714,65721511745
2024,19355,Inzá,Cauca,TERRITORIAL,697.9047836564661,baja,250,144,10171502065
2024,05652,San Francisco,Antioquia,TERRITORIAL,697.6511806930984,baja,367,212,12209392735
2024,05628,Sabanalarga,Antioquia,TERRITORIAL,694.7890858081178,baja,290,144,11128717479
2024,76834,Tuluá,Valle del Cauca,TERRITORIAL,694.0318658929287,baja,1096,816,96253742624
2024,17388,La Merced,Caldas,TERRITORIAL,693.86858848382,baja,149,79,3721989083
2024,15753,Soatá,Boyacá,TERRITORIAL,693.1176335462336,baja,209,119,5288752999
2024,15172,Chinavita,Boyacá,TERRITORIAL,691.8595519876045,baja,144,85,4507884373
2024,15090,Berbeo,Boyacá,TERRITORIAL,691.3400169804935,baja,156,108,4514986778
2024,23068,Ayapel,Córdoba,TERRITORIAL,689.433101242476,baja,188,111,20290038830
2024,86001,Mocoa,Putumayo,TERRITORIAL,688.6433088945702,baja,2490,1377,196011263180
2024,47707,Santa Ana,Magdalena,TERRITORIAL,688.5469419185948,baja,283,153,7399921034
2024,15599,Ramiriquí,Boyacá,TERRITORIAL,686.0896737455363,baja,227,143,11258144176
2024,52240,Chachagüí,Nariño,TERRITORIAL,682.3005043817354,baja,570,226,9407826109
2024,17873,Villamaría,Caldas,TERRITORIAL,681.7337829675771,baja,1409,678,30331044076
2024,76895,Zarzal,Valle del Cauca,TERRITORIAL,681.2683248217484,baja,178,80,2893825661
2024,25293,Gachala,Cundinamarca,TERRITORIAL,679.2726379307636,baja,387,201,12334169588
2024,05209,Concordia,Antioquia,TERRITORIAL,677.172884129825,baja,201,109,10277875448
2024,15676,San Miguel de Sema,Boyacá,TERRITORIAL,676.6238222512059,baja,135,80,3720672678
2024,52885,Yacuanquer,Nariño,TERRITORIAL,674.6617566111959,baja,359,176,6917273583
2024,05284,Frontino,Antioquia,NACIONAL,672.8362956880306,baja,61,36,898697902
2024,05576,Pueblorrico,Antioquia,TERRITORIAL,672.7598554610965,baja,231,136,6449741991
2024,13433,Mahates,Bolívar,TERRITORIAL,670.2172590970049,baja,162,99,8206115212
2024,68322,Guapotá,Santander,TERRITORIAL,669.1802336513074,baja,93,65,3991074982
2024,76233,Dagua,Valle del Cauca,TERRITORIAL,669.1468980499096,baja,491,363,25539624428
2024,05002,Abejorral,Antioquia,TERRITORIAL,668.444166055723,baja,344,170,9296685976
2024,13836,Turbaco,Bolívar,TERRITORIAL,666.9204086931061,baja,3746,3126,837815826649
2024,15442,Maripí,Boyacá,TERRITORIAL,665.6579037900909,baja,157,114,7831178441
2024,68418,Los Santos,Santander,TERRITORIAL,664.2002789101896,baja,151,110,5828185453
2024,05147,Carepa,Antioquia,TERRITORIAL,664.1104208165128,baja,319,212,43163702227
2024,68425,Macaravita,Santander,TERRITORIAL,663.3465083728994,baja,108,65,3512445354
2024,41013,Agrado,Huila,TERRITORIAL,662.5794068573638,baja,218,118,5230240865
2024,15500,Oicatá,Boyacá,TERRITORIAL,662.3753505352217,baja,76,59,1871049389
2024,50573,Puerto López,Meta,TERRITORIAL,661.0110795198069,baja,424,269,33006867835
2024,08520,Palmar de Varela,Atlántico,TERRITORIAL,660.032064550715,baja,387,210,17414717260
2024,27150,Carmen del Darien,Chocó,TERRITORIAL,657.4964301568975,baja,207,116,11580431944
2024,85315,Sácama,Casanare,TERRITORIAL,654.0910086897786,baja,206,111,5511424348
2024,05467,Montebello,Antioquia,TERRITORIAL,653.6865991221858,baja,230,109,4619571985
2024,86320,Orito,Putumayo,TERRITORIAL,653.111458497582,baja,533,267,20785709787
2024,19212,Corinto,Cauca,TERRITORIAL,653.0821254422582,baja,286,162,8956359499
2024,15673,San Mateo,Boyacá,TERRITORIAL,652.0613597537382,baja,91,69,3761239511
2024,41524,Palermo,Huila,TERRITORIAL,650.8565856438534,baja,683,373,39517417538
2024,13430,Magangué,Bolívar,OTRO,650.0971692187646,baja,170,93,3231428731
2024,44430,Maicao,La Guajira,TERRITORIAL,648.6242870936326,baja,672,554,131775394182
2024,25126,Cajicá,Cundinamarca,TERRITORIAL,645.7994478627916,baja,1255,1065,141172891664
2024,81001,Arauca,Arauca,TERRITORIAL,644.3231500675304,baja,1310,788,311518024468
2024,70702,San Juan de Betulia,Sucre,TERRITORIAL,642.1907802855837,baja,132,71,4267379004
2024,15755,Socotá,Boyacá,NACIONAL,641.1858893708509,baja,187,122,7386897935
2024,05697,El Santuario,Antioquia,NACIONAL,641.0155287929578,baja,335,173,96626951365
2024,15362,Iza,Boyacá,TERRITORIAL,639.6617375442681,baja,135,90,3292585904
2024,47189,Ciénaga,Magdalena,TERRITORIAL,638.682397660856,baja,1101,646,154286535390
2024,13688,Santa Rosa del Sur,Bolívar,TERRITORIAL,636.3953380337289,baja,272,161,19849098733
2024,15022,Almeida,Boyacá,TERRITORIAL,635.4399641544408,baja,123,75,2900690815
2024,05264,Entrerrios,Antioquia,TERRITORIAL,635.3292733642362,baja,179,137,11249401570
2024,08137,Campo de la Cruz,Atlántico,TERRITORIAL,633.9412134347613,baja,266,162,7735608995
2024,15664,San José de Pare,Boyacá,TERRITORIAL,633.5196599660073,baja,145,93,3756405331
2024,70717,San Pedro,Sucre,TERRITORIAL,633.1011504479857,baja,201,112,10133351139
2024,25758,Sopó,Cundinamarca,TERRITORIAL,632.9597068811582,baja,546,493,38010874346
2024,15531,Pauna,Boyacá,TERRITORIAL,630.8672600639347,baja,191,110,7506868817
2024,20400,La Jagua de Ibirico,Cesar,TERRITORIAL,627.6923102649247,baja,367,228,22164886505
2024,81065,Arauquita,Arauca,TERRITORIAL,624.7956586715876,baja,378,188,20532938206
2024,41791,Tarqui,Huila,TERRITORIAL,624.2570438537168,baja,172,107,6573285417
2024,85230,Orocué,Casanare,TERRITORIAL,624.1521915646159,baja,417,252,21842630534
2024,50400,Lejanías,Meta,TERRITORIAL,623.8996909376607,baja,230,136,7646922093
2024,41503,Oporapa,Huila,TERRITORIAL,622.8725257156694,baja,216,136,5072575781
2024,15511,Pachavita,Boyacá,TERRITORIAL,621.0408161765871,baja,120,80,2947011464
2024,11001,Bogotá D.C.,Bogotá,OTRO,620.2523924092595,baja,87,86,17590815402
2024,18029,Albania,Caquetá,TERRITORIAL,618.1968941702764,baja,155,91,5369938067
2024,25599,Apulo,Cundinamarca,TERRITORIAL,617.3419807180197,baja,248,155,6558418146
2024,17495,Norcasia,Caldas,TERRITORIAL,616.6437586628136,baja,373,204,8430011107
2024,05656,San Jerónimo,Antioquia,TERRITORIAL,615.7661371131755,baja,359,197,20126368068
2024,15104,Boyacá,Boyacá,NACIONAL,614.8138233471674,baja,131,119,3401052747
2024,05475,Murindó,Antioquia,NACIONAL,612.6039349220282,baja,33,29,406408638
2024,63401,La Tebaida,Quindío,TERRITORIAL,610.9444293209282,baja,563,314,9675614562
2024,73443,Mariquita,Tolima,TERRITORIAL,610.7835424709367,baja,236,169,14948676354
2024,68755,Socorro,Santander,TERRITORIAL,610.2341687235025,baja,359,214,14483220057
2024,05607,Retiro,Antioquia,TERRITORIAL,609.9123703271772,baja,589,473,56308355556
2024,19142,Caloto,Cauca,TERRITORIAL,609.0385659904259,baja,203,169,12233007058
2024,25377,La Calera,Cundinamarca,TERRITORIAL,607.310918709682,baja,637,436,26717650048
2024,44420,La Jagua del Pilar,La Guajira,TERRITORIAL,606.6315400441893,baja,247,142,5347229441
2024,13468,Mompós,Bolívar,TERRITORIAL,601.4886879705375,baja,337,158,10020462442
2024,25488,Nilo,Cundinamarca,TERRITORIAL,600.7442154704004,baja,213,155,14087610559
2024,41016,Aipe,Huila,TERRITORIAL,599.3007273192793,baja,572,306,11393596985
2024,05792,Tarso,Antioquia,TERRITORIAL,598.3194295986814,baja,215,113,4512851029
2024,52001,Pasto,Nariño,OTRO,596.7499069019498,baja,738,499,29690094258
2024,76520,Palmira,Valle del Cauca,TERRITORIAL,596.4223666621082,baja,2692,1620,208471562223
2024,50110,Barranca de Upía,Meta,TERRITORIAL,594.44578541124,baja,284,176,9435527112
2024,23672,San Antero,Córdoba,TERRITORIAL,592.0116643534199,baja,281,173,20314854949
2024,15763,Sotaquirá,Boyacá,TERRITORIAL,591.2906823969848,baja,189,127,9056708309
2024,41885,Yaguará,Huila,TERRITORIAL,590.5005562230994,baja,448,204,9003896667
2024,68615,Rionegro,Santander,TERRITORIAL,590.4905686300426,baja,394,224,12309723006
2024,54003,Abrego,Norte de Santander,TERRITORIAL,590.2176270981632,baja,1226,584,28856827432
2024,19050,Argelia,Cauca,TERRITORIAL,587.2680215793448,baja,403,201,12573456806
2024,68320,Guadalupe,Santander,TERRITORIAL,586.9111859538128,baja,152,101,5785938296
2024,76036,Andalucía,Valle del Cauca,TERRITORIAL,585.4800933854613,baja,260,166,6215531407
2024,68250,El Peñón,Santander,TERRITORIAL,583.0174039199177,baja,151,94,6064416970
2024,41357,Iquira,Huila,TERRITORIAL,582.5454526879812,baja,204,153,8872584364
2024,68855,Valle de San José,Santander,TERRITORIAL,582.3951083890216,baja,130,77,4117355234
2024,05347,Heliconia,Antioquia,TERRITORIAL,581.5141247060371,baja,110,89,3673442227
2024,68682,San Joaquín,Santander,TERRITORIAL,581.3847709554313,baja,110,73,2717202136
2024,15621,Rondón,Boyacá,TERRITORIAL,579.78094935749,baja,127,75,2445948159
2024,15272,Firavitoba,Boyacá,TERRITORIAL,578.1256747040195,baja,159,101,5053413190
2024,15681,San Pablo de Borbur,Boyacá,NACIONAL,577.1418551659008,baja,146,106,7575643042
2024,05856,Valparaíso,Antioquia,TERRITORIAL,576.5129798691238,baja,140,69,3407849925
2024,73408,Lérida,Tolima,TERRITORIAL,575.8892502061921,baja,683,333,21801548101
2024,05044,Anza,Antioquia,TERRITORIAL,573.7928572565486,baja,221,102,4112680710
2024,52687,San Lorenzo,Nariño,TERRITORIAL,573.3703027720139,baja,365,194,6887693892
2024,15550,Pisba,Boyacá,TERRITORIAL,572.8269485355778,baja,181,117,8944981017
2024,70400,La Unión,Sucre,TERRITORIAL,571.2388280881343,baja,263,200,12958767659
2024,20250,El Paso,Cesar,TERRITORIAL,568.5828997574243,baja,242,188,22856663603
2024,73319,Guamo,Tolima,TERRITORIAL,568.2094672149752,baja,212,159,10053992275
2024,54001,Cúcuta,Norte de Santander,OTRO,566.9341457131247,baja,447,398,26490882280
2024,50226,Cumaral,Meta,TERRITORIAL,566.8892982809756,baja,376,272,22097786638
2024,15761,Somondoco,Boyacá,TERRITORIAL,566.6938903642822,baja,158,82,3712311746
2024,05686,Santa Rosa de Osos,Antioquia,NACIONAL,565.0922114106114,baja,123,91,42125451464
2024,41206,Colombia,Huila,TERRITORIAL,564.7074977627516,baja,181,106,6420127699
2024,25899,Zipaquirá,Cundinamarca,TERRITORIAL,564.178804605665,baja,1556,954,135428641633
2024,68092,Betulia,Santander,TERRITORIAL,563.1523740649135,baja,278,176,16445203907
2024,13458,Montecristo,Bolívar,TERRITORIAL,562.7086747615608,baja,461,230,13751730315
2024,70523,Palmito,Sucre,TERRITORIAL,561.3351629667461,baja,186,111,9615427534
2024,68547,Piedecuesta,Santander,TERRITORIAL,560.5475573516962,baja,2194,1264,152346975511
2024,63001,Armenia,Quindío,TERRITORIAL,559.5208460764565,baja,8005,4518,368027127810
2024,41676,Santa María,Huila,TERRITORIAL,559.182981463949,baja,224,140,8006677799
2024,27250,El Litoral del San Juan,Chocó,TERRITORIAL,559.0126717000174,baja,81,48,12763118660
2024,15299,Garagoa,Boyacá,TERRITORIAL,557.4449695684714,baja,206,147,7875911905
2024,68255,El Playón,Santander,TERRITORIAL,557.021817635586,baja,522,318,16543066643
2024,70235,Galeras,Sucre,TERRITORIAL,556.5285931378286,baja,261,140,10695878407
2024,05315,Guadalupe,Antioquia,TERRITORIAL,556.2996254982232,baja,161,103,8120297405
2024,13030,Altos del Rosario,Bolívar,TERRITORIAL,556.1661205288923,baja,360,200,8663522698
2024,19743,Silvia,Cauca,TERRITORIAL,555.1743043356253,baja,317,188,11203728577
2024,70429,Majagual,Sucre,TERRITORIAL,554.6011725699581,baja,322,185,16172843059
2024,54377,Labateca,Norte de Santander,TERRITORIAL,553.7199033137865,baja,242,127,5299286495
2024,54347,Herrán,Norte de Santander,TERRITORIAL,553.5227130550445,baja,202,110,5850974540
2024,13074,Barranco de Loba,Bolívar,TERRITORIAL,551.9645679912212,baja,185,108,12393754798
2024,63111,Buenavista,Quindío,TERRITORIAL,551.4472859189407,baja,169,96,2456431790
2024,05154,Caucasia,Antioquia,TERRITORIAL,551.2701461426964,baja,807,371,58434920016
2024,25286,Funza,Cundinamarca,NACIONAL,550.5267131909964,baja,41,38,978049798
2024,05789,Támesis,Antioquia,TERRITORIAL,550.3915855967244,baja,428,238,19877059270
2024,47541,Pedraza,Magdalena,TERRITORIAL,550.0809384312313,baja,117,62,3222207823
2024,05642,Salgar,Antioquia,TERRITORIAL,549.8271575360079,baja,249,171,13156729124
2024,41001,Neiva,Huila,NO_DEFINIDO,548.8495315191981,baja,524,306,6610221412
2024,91001,Leticia,Amazonas,NO_DEFINIDO,548.426593945949,baja,147,69,148172396
2024,19110,Buenos Aires,Cauca,TERRITORIAL,548.1315914887425,baja,276,184,10959631582
2024,15403,La Uvita,Boyacá,TERRITORIAL,547.7397156403974,baja,187,86,3472096397
2024,15325,Guayatá,Boyacá,TERRITORIAL,547.5645256439328,baja,120,66,2346780372
2024,25322,Guasca,Cundinamarca,TERRITORIAL,546.8009292664254,baja,386,234,13795820465
2024,68121,Cabrera,Santander,TERRITORIAL,544.4722495887611,baja,123,69,3613005739
2024,76670,San Pedro,Valle del Cauca,TERRITORIAL,539.7742476360238,baja,319,173,9166098922
2024,70678,San Benito Abad,Sucre,TERRITORIAL,538.6500532309578,baja,224,165,10904345090
2024,23466,Montelíbano,Córdoba,TERRITORIAL,538.0949004469334,baja,420,295,46498247074
2024,76111,Guadalajara de Buga,Valle del Cauca,TERRITORIAL,537.9780090129105,baja,2353,1593,70958888716
2024,05649,San Carlos,Antioquia,TERRITORIAL,536.5316787989138,baja,401,212,24431228540
2024,18592,Puerto Rico,Caquetá,TERRITORIAL,536.356163079674,baja,258,129,15100014625
2024,08675,Santa Lucía,Atlántico,TERRITORIAL,536.1665044631293,baja,323,236,6687403087
2024,20517,Pailitas,Cesar,TERRITORIAL,535.8358115496045,baja,188,131,7558761339
2024,19137,Caldono,Cauca,TERRITORIAL,535.1641283766822,baja,258,148,13233587402
2024,86219,Colón,Putumayo,TERRITORIAL,534.4111635921444,baja,202,107,2758158620
2024,23815,Tuchín,Córdoba,TERRITORIAL,533.0595272565168,baja,150,126,20927921185
2024,50124,Cabuyaro,Meta,TERRITORIAL,531.6738470160763,baja,468,306,18823849326
2024,05284,Frontino,Antioquia,TERRITORIAL,529.4547124325629,baja,319,175,12966628641
2024,25653,San Cayetano,Cundinamarca,TERRITORIAL,529.3032913984302,baja,158,78,2136421763
2024,15322,Guateque,Boyacá,TERRITORIAL,528.2945580275422,baja,281,161,10557880573
2024,52381,La Florida,Nariño,TERRITORIAL,528.0578859214454,baja,469,256,7038458564
2024,15236,Chivor,Boyacá,TERRITORIAL,527.9902518378973,baja,162,96,5818483948
2024,17446,Marulanda,Caldas,TERRITORIAL,527.8535952321068,baja,137,85,3232458979
2024,19785,Sucre,Cauca,TERRITORIAL,527.7853231691292,baja,221,132,8121930496
2024,86571,Puerto Guzmán,Putumayo,TERRITORIAL,527.2516531826315,baja,277,155,13915214965
2024,68549,Pinchote,Santander,TERRITORIAL,526.5870208628612,baja,176,86,5232820754
2024,23586,Purísima,Córdoba,TERRITORIAL,526.0192717604243,baja,168,109,8255640018
2024,50245,El Calvario,Meta,TERRITORIAL,525.5240428881804,baja,93,68,2069040790
2024,41660,Saladoblanco,Huila,TERRITORIAL,525.1114657921714,baja,271,123,5274733023
2024,20383,La Gloria,Cesar,TERRITORIAL,523.5957712793239,baja,236,159,7140901837
2024,20570,Pueblo Bello,Cesar,TERRITORIAL,522.2103985337206,baja,273,223,17403249100
2024,76041,Ansermanuevo,Valle del Cauca,TERRITORIAL,521.6860659191361,baja,316,138,7958794113
2024,66594,Quinchía,Risaralda,TERRITORIAL,521.6757400115999,baja,291,195,9816803532
2024,05543,Peque,Antioquia,TERRITORIAL,520.9126540473342,baja,272,171,14170306168
2024,50350,La Macarena,Meta,TERRITORIAL,520.9081712728464,baja,328,204,16782041798
2024,68502,Onzaga,Santander,TERRITORIAL,520.681637189988,baja,137,87,3979900251
2024,15212,Coper,Boyacá,TERRITORIAL,519.5882916366774,baja,171,77,4231734840
2024,13052,Arjona,Bolívar,TERRITORIAL,519.2769999590676,baja,465,276,12832693104
2024,05142,Caracolí,Antioquia,TERRITORIAL,516.460440446726,baja,186,116,3872500882
2024,68235,El Carmen de Chucurí,Santander,TERRITORIAL,515.611700198426,baja,263,157,13079550084
2024,05088,Bello,Antioquia,TERRITORIAL,515.4841726403489,baja,2851,1802,247949842994
2024,23675,San Bernardo del Viento,Córdoba,TERRITORIAL,515.0084429377121,baja,130,98,7510796720
2024,15757,Socha,Boyacá,TERRITORIAL,514.7765812310247,baja,261,176,10638878541
2024,05591,Puerto Triunfo,Antioquia,TERRITORIAL,513.603244323002,baja,384,176,15237911752
2024,18256,El Paujil,Caquetá,TERRITORIAL,512.152392696854,baja,254,152,11504142407
2024,05390,La Pintada,Antioquia,TERRITORIAL,511.91850278029557,baja,221,124,8670982799
2024,23555,Planeta Rica,Córdoba,TERRITORIAL,510.8491495377621,baja,118,88,18467608517
2024,15816,Togüí,Boyacá,TERRITORIAL,509.92321710064675,baja,164,109,5455610449
2024,68266,Enciso,Santander,TERRITORIAL,509.81999622501627,baja,134,89,3437775085
2024,68895,Zapatoca,Santander,TERRITORIAL,509.2400885446146,baja,126,86,3178594678
2024,47030,Algarrobo,Magdalena,TERRITORIAL,508.98026717028984,baja,359,178,10522481978
2024,25293,Gachala,Cundinamarca,NACIONAL,508.67502501013394,baja,91,78,19104720199
2024,15494,Nuevo Colón,Boyacá,TERRITORIAL,508.3027844380008,baja,271,178,6780262655
2024,25839,Ubalá,Cundinamarca,TERRITORIAL,507.87532366813116,baja,324,178,11834295752
2024,25035,Anapoima,Cundinamarca,TERRITORIAL,507.48473765528007,baja,99,84,1870279369
2024,54125,Cácota,Norte de Santander,TERRITORIAL,506.61510678836953,baja,198,109,4167666286
2024,15808,Tinjacá,Boyacá,NACIONAL,505.4890303582648,baja,78,56,2478688846
2024,41244,Elías,Huila,TERRITORIAL,504.4734011615358,baja,140,75,2623439989
2024,15131,Caldas,Boyacá,TERRITORIAL,502.83818049966834,baja,111,72,3778590418
2024,68464,Mogotes,Santander,TERRITORIAL,502.09807089844486,baja,212,125,6822838157
2024,52399,La Unión,Nariño,TERRITORIAL,501.2099785646094,baja,435,198,9782963993
2024,15837,Tuta,Boyacá,TERRITORIAL,500.7317613327811,baja,270,167,11723938523
2024,05887,Yarumal,Antioquia,TERRITORIAL,500.3439574222994,baja,590,313,35782934957
2024,76246,El Cairo,Valle del Cauca,TERRITORIAL,499.9843878022849,baja,169,92,3455964793
2024,15224,Cucaita,Boyacá,TERRITORIAL,498.38378146116514,baja,173,118,5345854838
2024,52385,La Llanada,Nariño,TERRITORIAL,495.46695832384484,baja,264,155,5157988705
2024,05086,Belmira,Antioquia,TERRITORIAL,495.37274041792466,baja,292,167,7431504111
2024,05313,Granada,Antioquia,TERRITORIAL,495.31760567139486,baja,200,145,7574467715
2024,68324,Guavatá,Santander,TERRITORIAL,495.2018752559934,baja,136,86,3692409307
2024,73268,Espinal,Tolima,TERRITORIAL,494.9575332300035,baja,1732,1037,117085392259
2024,85225,Nunchía,Casanare,TERRITORIAL,492.72534980605514,baja,275,167,7387216873
2024,15425,Macanal,Boyacá,TERRITORIAL,491.9268851895513,baja,185,106,9261812395
2024,52565,Providencia,Nariño,TERRITORIAL,488.55977649602863,baja,392,192,5073678182
2024,52203,Colón,Nariño,TERRITORIAL,488.51008474898254,baja,272,124,4229395010
2024,68679,San Gil,Santander,TERRITORIAL,488.0882622284395,baja,774,463,18940454564
2024,25596,Quipile,Cundinamarca,TERRITORIAL,487.70544837818704,baja,173,108,3707091448
2024,70508,Ovejas,Sucre,TERRITORIAL,487.69089405491684,baja,404,206,17981385544
2024,15106,Briceño,Boyacá,TERRITORIAL,487.07432026344003,baja,138,84,3590007786
2024,99773,Cumaribo,Vichada,TERRITORIAL,486.3509040702015,baja,442,254,26143313248
2024,13244,El Carmen de Bolívar,Bolívar,TERRITORIAL,485.18241804265875,baja,656,375,24647682798
2024,52227,Cumbal,Nariño,TERRITORIAL,484.20741767603346,baja,538,236,23148622249
2024,66318,Guática,Risaralda,TERRITORIAL,483.5789331089247,baja,207,160,6956756600
2024,15897,Zetaquira,Boyacá,TERRITORIAL,483.3530920499052,baja,311,175,8955273234
2024,68684,San José de Miranda,Santander,TERRITORIAL,483.1838105841507,baja,154,92,6336671931
2024,52317,Guachucal,Nariño,TERRITORIAL,479.5979561701976,baja,290,164,7734973132
2024,05585,Puerto Nare,Antioquia,TERRITORIAL,479.568795457146,baja,657,291,15999191557
2024,05030,Amagá,Antioquia,TERRITORIAL,479.3248132017009,baja,281,207,17430437252
2024,68368,Jesús María,Santander,TERRITORIAL,479.2502430389702,baja,136,87,3055120674
2024,15820,Tópaga,Boyacá,TERRITORIAL,478.6203545785851,baja,165,108,4832656473
2024,76243,El Águila,Valle del Cauca,TERRITORIAL,478.3963195859612,baja,170,87,4044403190
2024,17442,Marmato,Caldas,TERRITORIAL,478.3731514770791,baja,413,237,12255663738
2024,18460,Milán,Caquetá,TERRITORIAL,477.8254038490841,baja,204,141,17146835955
2024,17665,San José,Caldas,TERRITORIAL,477.1329871441048,baja,174,108,4187949946
2024,25779,Susa,Cundinamarca,TERRITORIAL,477.108790305092,baja,185,122,4497545431
2024,76828,Trujillo,Valle del Cauca,TERRITORIAL,477.0467278161573,baja,171,114,7937873727
2024,23678,San Carlos,Córdoba,TERRITORIAL,475.8882435595561,baja,111,85,5320994522
2024,25269,Facatativá,Cundinamarca,TERRITORIAL,475.70447899549526,baja,1353,897,109732218933
2024,73124,Cajamarca,Tolima,TERRITORIAL,474.85076659130897,baja,421,241,7952322700
2024,76306,Ginebra,Valle del Cauca,TERRITORIAL,474.4879203745641,baja,245,128,6777994647
2024,05190,Cisneros,Antioquia,TERRITORIAL,474.11209308444603,baja,253,156,11345040278
2024,15720,Sativanorte,Boyacá,TERRITORIAL,473.7098351363814,baja,121,82,5188925495
2024,19532,Patía,Cauca,TERRITORIAL,473.69776657303265,baja,291,179,10307072076
2024,20550,Pelaya,Cesar,TERRITORIAL,473.1027865530071,baja,209,136,7506548469
2024,66400,La Virginia,Risaralda,TERRITORIAL,472.2952059122862,baja,417,259,21361994611
2024,50686,San Juanito,Meta,TERRITORIAL,472.1241021293895,baja,103,59,2044330777
2024,17174,Chinchiná,Caldas,TERRITORIAL,471.82532457958416,baja,1056,471,29306880575
2024,15774,Susacón,Boyacá,TERRITORIAL,471.6685249520887,baja,105,72,2732129313
2024,73067,Ataco,Tolima,TERRITORIAL,470.59814233206595,baja,420,187,16742948359
2024,05854,Valdivia,Antioquia,TERRITORIAL,469.737592391336,baja,289,171,12406033873
2024,25799,Tenjo,Cundinamarca,TERRITORIAL,469.7153137368263,baja,946,617,88225724102
2024,05756,Sonson,Antioquia,TERRITORIAL,469.66716416732515,baja,643,410,35565704833
2024,25592,Quebradanegra,Cundinamarca,TERRITORIAL,468.52957969182836,baja,234,132,5001167227
2024,19513,Padilla,Cauca,TERRITORIAL,467.69374277242105,baja,225,129,3851889735
2024,05615,Rionegro,Antioquia,TERRITORIAL,467.6009754613226,baja,1616,1020,348911965175
2024,15180,Chiscas,Boyacá,TERRITORIAL,467.4042993327564,baja,156,95,5508783667
2024,05055,Argelia,Antioquia,TERRITORIAL,466.86466053134797,baja,222,122,6040469915
2024,05361,Ituango,Antioquia,TERRITORIAL,466.345096355496,baja,459,271,17967757032
2024,19533,Piamonte,Cauca,TERRITORIAL,466.1868158678704,baja,300,190,9847866946
2024,15814,Toca,Boyacá,TERRITORIAL,465.9596593329511,baja,113,83,4372700749
2024,50577,Puerto Lleras,Meta,TERRITORIAL,465.7374818253945,baja,259,147,9448213382
2024,05240,Ebéjico,Antioquia,TERRITORIAL,465.1768513353156,baja,149,95,4699088953
2024,08849,Usiacurí,Atlántico,TERRITORIAL,465.0561151562207,baja,237,115,5754448654
2024,15185,Chitaraque,Boyacá,TERRITORIAL,464.7683950813335,baja,181,117,5177712787
2024,63302,Génova,Quindío,TERRITORIAL,464.3984871110467,baja,273,127,3466119381
2024,25436,Manta,Cundinamarca,TERRITORIAL,462.96223631042403,baja,126,66,1838529449
2024,23090,Canalete,Córdoba,TERRITORIAL,461.5969848764919,baja,299,168,15656496423
2024,19622,Rosas,Cauca,TERRITORIAL,460.3831812800178,baja,141,95,1931486390
2024,05138,Cañasgordas,Antioquia,TERRITORIAL,460.2268876313529,baja,396,187,14972723160
2024,15215,Corrales,Boyacá,TERRITORIAL,458.33795151057603,baja,181,104,4702304072
2024,13268,El Peñón,Bolívar,TERRITORIAL,458.24839325503126,baja,190,135,6011908757
2024,41020,Algeciras,Huila,TERRITORIAL,457.06768433565026,baja,429,218,7522567309
2024,25258,El Peñón,Cundinamarca,TERRITORIAL,456.94378959887405,baja,168,102,4813506760
2024,54820,Toledo,Norte de Santander,TERRITORIAL,456.79859698943375,baja,400,235,13680336265
2024,52694,San Pedro de Cartago,Nariño,TERRITORIAL,456.7483665402692,baja,323,146,5524764606
2024,73268,Espinal,Tolima,NACIONAL,456.5772262729028,baja,385,243,17137696308
2024,73236,Dolores,Tolima,TERRITORIAL,456.07625394786487,baja,151,94,3623618145
2024,25898,Zipacón,Cundinamarca,TERRITORIAL,455.5698588327669,baja,140,98,2397586779
2024,05079,Barbosa,Antioquia,TERRITORIAL,455.1593097840469,baja,919,403,30620205444
2024,15464,Mongua,Boyacá,TERRITORIAL,455.1278969992535,baja,171,110,5929167622
2024,17616,Risaralda,Caldas,NACIONAL,455.10456464091754,baja,396,312,178137622656
2024,68397,La Paz,Santander,TERRITORIAL,454.9418010313521,baja,107,77,3170955323
2024,05237,Don Matías,Antioquia,TERRITORIAL,453.69297007290436,baja,253,171,14953951456
2024,50325,Mapiripán,Meta,TERRITORIAL,453.683134939411,baja,319,186,15688842258
2024,18860,Valparaíso,Caquetá,TERRITORIAL,452.3455372045741,baja,253,157,10064497844
2024,54810,Tibú,Norte de Santander,TERRITORIAL,451.79948204129573,baja,1632,717,70298635797
2024,25524,Pandi,Cundinamarca,TERRITORIAL,451.6223607123249,baja,125,67,2310906347
2024,17541,Pensilvania,Caldas,TERRITORIAL,450.4014313385352,baja,490,307,13417483566
2024,25328,Guayabal de Siquima,Cundinamarca,TERRITORIAL,448.8855168660145,baja,181,110,4478901976
2024,15542,Pesca,Boyacá,TERRITORIAL,448.81694704021197,baja,233,173,7838021524
2024,68533,Páramo,Santander,TERRITORIAL,447.9467443569158,baja,173,92,4481588982
2024,63548,Pijao,Quindío,TERRITORIAL,447.7271414759301,baja,170,120,3344352151
2024,68179,Chipatá,Santander,TERRITORIAL,447.3498572951436,baja,150,101,3418815325
2024,68229,Curití,Santander,TERRITORIAL,447.138737558861,baja,254,128,6008504711
2024,68522,Palmar,Santander,TERRITORIAL,446.8040796528095,baja,186,115,4561406467
2024,05004,Abriaquí,Antioquia,TERRITORIAL,446.7012455875739,baja,139,76,3202917514
2024,76863,Versalles,Valle del Cauca,TERRITORIAL,445.81515325991825,baja,124,82,2230932058
2024,25040,Anolaima,Cundinamarca,TERRITORIAL,445.04638826067463,baja,196,135,5415212474
2024,05847,Urrao,Antioquia,TERRITORIAL,444.8300795865106,baja,540,327,17292451823
2024,52323,Gualmatán,Nariño,TERRITORIAL,443.5388927214339,baja,388,161,4913304640
2024,13442,María la Baja,Bolívar,TERRITORIAL,443.2993775418161,baja,143,128,12786487224
2024,68318,Guaca,Santander,TERRITORIAL,441.95783023575973,baja,168,104,4028429862
2024,05670,San Roque,Antioquia,TERRITORIAL,440.9475828498259,baja,387,181,13169490444
2024,50568,Puerto Gaitán,Meta,TERRITORIAL,440.14867888643084,baja,1501,733,135418877150
2024,15204,Cómbita,Boyacá,TERRITORIAL,439.6188848198932,baja,203,134,8820282698
2024,15476,Motavita,Boyacá,TERRITORIAL,438.75127243945633,baja,159,129,6730942773
2024,25299,Gama,Cundinamarca,TERRITORIAL,438.3290116107036,baja,149,113,3386373254
2024,13600,Río Viejo,Bolívar,TERRITORIAL,436.66062577127275,baja,194,153,8348113776
2024,15798,Tenza,Boyacá,TERRITORIAL,436.42452548661004,baja,135,77,3117603463
2024,70820,Santiago de Tolú,Sucre,TERRITORIAL,435.6814773061971,baja,253,125,14584297557
2024,47745,Sitionuevo,Magdalena,TERRITORIAL,434.8381309172974,baja,288,123,1697705091
2024,68160,Cepitá,Santander,TERRITORIAL,434.63690670011556,baja,120,79,2675396527
2024,73275,Flandes,Tolima,TERRITORIAL,434.1393982710935,baja,365,240,9249311833
2024,86755,San Francisco,Putumayo,TERRITORIAL,432.99544379164297,baja,213,118,3220286854
2024,85162,Monterrey,Casanare,TERRITORIAL,431.84963434772874,baja,691,411,25758880152
2024,76126,Calima,Valle del Cauca,TERRITORIAL,430.87265510247965,baja,288,174,7173453004
2024,13248,El Guamo,Bolívar,TERRITORIAL,430.35764021343573,baja,117,99,4619926977
2024,13654,San Jacinto,Bolívar,TERRITORIAL,428.5856345885677,baja,292,203,10116613997
2024,19845,Villa Rica,Cauca,TERRITORIAL,428.383514862534,baja,363,265,15766358946
2024,73168,Chaparral,Tolima,TERRITORIAL,428.163674769539,baja,560,303,25641956780
2024,50330,Mesetas,Meta,TERRITORIAL,427.15216661535925,baja,445,211,11682917719
2024,95001,San José del Guaviare,Guaviare,NACIONAL,425.74043545569737,baja,516,408,38281541621
2024,54670,San Calixto,Norte de Santander,TERRITORIAL,425.52615321260237,baja,303,196,8716080745
2024,05664,San Pedro,Antioquia,TERRITORIAL,424.7480941488066,baja,110,95,3778733536
2024,73671,Saldaña,Tolima,TERRITORIAL,424.3692874372335,baja,744,451,16540028038
2024,05364,Jardín,Antioquia,TERRITORIAL,424.19093102810746,baja,336,205,11723191184
2024,27491,Nóvita,Chocó,TERRITORIAL,424.1724600761949,baja,174,97,7378573782
2024,05483,Nariño,Antioquia,TERRITORIAL,422.7673281737694,baja,227,121,6043857310
2024,15104,Boyacá,Boyacá,TERRITORIAL,422.7206106088708,baja,191,148,5864534607
2024,47161,Cerro San Antonio,Magdalena,TERRITORIAL,420.73914855773427,baja,355,176,3561172975
2024,05038,Angostura,Antioquia,TERRITORIAL,420.5556959125973,baja,250,153,11101174788
2024,08296,Galapa,Atlántico,TERRITORIAL,419.4987334485934,baja,851,396,31847987695
2024,05306,Giraldo,Antioquia,TERRITORIAL,417.5151163192698,baja,241,113,5847782704
2024,68245,El Guacamayo,Santander,TERRITORIAL,417.0336325082129,baja,225,107,3794020939
2024,68020,Albania,Santander,TERRITORIAL,416.6870144217639,baja,113,85,4604343303
2024,41551,Pitalito,Huila,TERRITORIAL,415.9370414146115,baja,1572,796,146202629355
2024,25086,Beltrán,Cundinamarca,TERRITORIAL,415.6350510647351,baja,203,134,4778283407
2024,20175,Chimichagua,Cesar,TERRITORIAL,415.5068282542112,baja,308,196,8727329720
2024,23464,Momil,Córdoba,TERRITORIAL,414.9730002251849,baja,105,74,6082601074
2024,47745,Sitionuevo,Magdalena,NACIONAL,414.87187600305134,baja,695,331,24445666036
2024,15690,Santa María,Boyacá,TERRITORIAL,413.9878549021365,baja,140,97,6617091313
2024,05873,Vigía del Fuerte,Antioquia,TERRITORIAL,413.8254144324182,baja,360,239,16171352249
2024,05667,San Rafael,Antioquia,NACIONAL,412.3258647020523,baja,412,219,12163380259
2024,50251,El Castillo,Meta,TERRITORIAL,411.1457287228056,baja,208,116,5533764563
2024,20310,González,Cesar,OTRO,411.0928051169703,baja,116,74,1194353154
2024,85410,Tauramena,Casanare,TERRITORIAL,410.69033105932454,baja,702,380,46669691718
2024,05411,Liborina,Antioquia,TERRITORIAL,410.51655560205865,baja,198,106,5059383837
2024,54800,Teorama,Norte de Santander,TERRITORIAL,408.8635857197202,baja,161,126,11512945517
2024,08001,Barranquilla,Atlántico,OTRO,407.36707699023293,baja,490,340,62293621683
2024,73055,Armero,Tolima,TERRITORIAL,407.2177023786828,baja,327,204,8112750031
2024,17272,Filadelfia,Caldas,TERRITORIAL,407.05618178536395,baja,233,112,3759519497
2024,73226,Cunday,Tolima,TERRITORIAL,406.80142300356806,baja,91,55,2321821272
2024,15810,Tipacoque,Boyacá,TERRITORIAL,406.73843291216826,baja,147,104,4057904938
2024,15879,Viracachá,Boyacá,TERRITORIAL,405.20600946725915,baja,130,85,3312112795
2024,76497,Obando,Valle del Cauca,TERRITORIAL,404.24855261184666,baja,268,133,6553560605
2024,85400,Támara,Casanare,TERRITORIAL,403.629043052252,baja,205,125,5910038921
2024,25845,Une,Cundinamarca,TERRITORIAL,403.6114184514185,baja,214,129,3529529294
2024,68207,Concepción,Santander,TERRITORIAL,401.66637446305396,baja,146,86,3885495742
2024,25580,Pulí,Cundinamarca,TERRITORIAL,401.0181106866545,baja,146,94,2925684465
2024,68720,Santa Helena del Opón,Santander,TERRITORIAL,400.3097749038888,baja,152,87,4009073480
2024,15667,San Luis de Gaceno,Boyacá,TERRITORIAL,399.19782189023556,baja,261,135,6089620028
2024,15226,Cuítiva,Boyacá,TERRITORIAL,399.13136919293606,baja,246,128,4656487792
2024,76736,Sevilla,Valle del Cauca,TERRITORIAL,398.41500486088,baja,427,248,10003854323
2024,17614,Riosucio,Caldas,TERRITORIAL,398.1373704476239,baja,629,427,36307726582
2024,47258,El Piñon,Magdalena,TERRITORIAL,397.12402609473963,baja,367,179,7570106944
2024,15580,Quípama,Boyacá,TERRITORIAL,396.9812540620173,baja,202,129,8733105207
2024,52079,Barbacoas,Nariño,TERRITORIAL,396.8100446740921,baja,1423,413,24417038012
2024,05036,Angelópolis,Antioquia,TERRITORIAL,395.4769961559801,baja,180,120,5141595577
2024,18756,Solano,Caquetá,NACIONAL,394.2542060893904,baja,182,161,21437907740
2024,23350,La Apartada,Córdoba,TERRITORIAL,394.1967430157485,baja,216,112,9600208944
2024,68745,Simacota,Santander,TERRITORIAL,394.04734723995006,baja,239,133,7910343755
2024,19780,Suárez,Cauca,TERRITORIAL,393.3492257131526,baja,186,148,8487475732
2024,52051,Arboleda,Nariño,TERRITORIAL,393.29689647233226,baja,298,165,7682845489
2024,50606,Restrepo,Meta,TERRITORIAL,393.2078199740892,baja,379,260,16212901362
2024,05266,Envigado,Antioquia,NACIONAL,392.7019047024013,baja,1894,1557,437585144679
2024,52405,Leiva,Nariño,TERRITORIAL,390.9211789262731,baja,525,199,9144911496
2024,66682,Santa Rosa de Cabal,Risaralda,NO_DEFINIDO,390.7082272133959,baja,235,126,226486808
2024,73861,Venadillo,Tolima,TERRITORIAL,390.0413447783825,baja,288,192,7411721237
2024,20228,Curumaní,Cesar,TERRITORIAL,389.65705955351774,baja,428,252,20566778933
2024,50006,Acacías,Meta,TERRITORIAL,389.0044649522276,baja,1821,1008,113160161433
2024,54313,Gramalote,Norte de Santander,TERRITORIAL,387.5151571679255,baja,306,130,5642142913
2024,41359,Isnos,Huila,TERRITORIAL,387.3862268476176,baja,534,296,17703680772
2024,18410,La Montañita,Caquetá,TERRITORIAL,386.9428336559316,baja,241,143,10498282447
2024,52352,Iles,Nariño,TERRITORIAL,386.8140977039056,baja,450,191,8334491842
2024,70215,Corozal,Sucre,TERRITORIAL,386.8099237752863,baja,292,183,11819630252
2024,05861,Venecia,Antioquia,TERRITORIAL,386.42142877378706,baja,328,194,12279785960
2024,20310,González,Cesar,TERRITORIAL,385.30203843114936,baja,174,119,2929980107
2024,66682,Santa Rosa de Cabal,Risaralda,TERRITORIAL,384.4898887707233,baja,847,559,27103720691
2024,85139,Maní,Casanare,TERRITORIAL,384.36664249031264,baja,388,242,11763709722
2024,15276,Floresta,Boyacá,TERRITORIAL,384.26771461068694,baja,151,89,4920117438
2024,52473,Mosquera,Nariño,TERRITORIAL,384.22923315968916,baja,507,274,14327079407
2024,15696,Santa Sofía,Boyacá,TERRITORIAL,384.1735983493108,baja,241,156,5776694531
2024,25286,Funza,Cundinamarca,TERRITORIAL,383.2295440795645,baja,1906,1338,177741777709
2024,18001,Florencia,Caquetá,NACIONAL,382.9345425407027,baja,744,546,144630471219
2024,41797,Tesalia,Huila,TERRITORIAL,382.89113464822844,baja,318,145,4241984990
2024,52256,El Rosario,Nariño,TERRITORIAL,382.62950447961083,baja,291,184,8303232291
2024,05579,Puerto Berrío,Antioquia,TERRITORIAL,382.4529075248081,baja,437,213,5420576293
2024,76520,Palmira,Valle del Cauca,NACIONAL,381.81743849427846,baja,399,365,24285420062
2024,76823,Toro,Valle del Cauca,TERRITORIAL,381.13450427893576,baja,200,92,3577627876
2024,15368,Jericó,Boyacá,TERRITORIAL,379.4140123612312,baja,140,90,3491903850
2024,70221,Coveñas,Sucre,TERRITORIAL,378.41157731790673,baja,438,283,106279506159
2024,68669,San Andrés,Santander,TERRITORIAL,377.68056431924686,baja,191,99,3682368765
2024,99001,Puerto Carreño,Vichada,NACIONAL,377.4140677578903,baja,497,371,41275730944
2024,25402,La Vega,Cundinamarca,TERRITORIAL,377.10475127939964,baja,380,294,18162773771
2024,13670,San Pablo,Bolívar,TERRITORIAL,376.82609926584274,baja,152,102,4854207211
2024,25805,Tibacuy,Cundinamarca,TERRITORIAL,376.74678804010733,baja,273,127,3209980599
2024,70708,San Marcos,Sucre,TERRITORIAL,376.65471777094666,baja,216,157,12129868857
2024,15842,Umbita,Boyacá,TERRITORIAL,376.05020546165525,baja,257,179,6287244117
2024,54344,Hacarí,Norte de Santander,TERRITORIAL,375.23665507943144,baja,249,157,10691971667
2024,17042,Anserma,Caldas,TERRITORIAL,374.9881447875229,baja,470,255,17346519933
2024,25867,Vianí,Cundinamarca,TERRITORIAL,374.8271276037948,baja,171,100,2578066253
2024,54418,Lourdes,Norte de Santander,TERRITORIAL,374.6008491717972,baja,212,137,4838321105
2024,17444,Marquetalia,Caldas,TERRITORIAL,373.4296652675726,baja,408,183,9282159320
2024,85263,Pore,Casanare,TERRITORIAL,372.8558367393184,baja,338,174,16199907113
2024,68344,Hato,Santander,TERRITORIAL,372.46509991291214,baja,161,98,4409873747
2024,25572,Puerto Salgar,Cundinamarca,TERRITORIAL,372.02952403231745,baja,456,290,16215058219
2024,47318,Guamal,Magdalena,TERRITORIAL,371.90825873613636,baja,347,154,8934530896
2024,41396,La Plata,Huila,TERRITORIAL,371.8330029418755,baja,728,410,25568449338
2024,25326,Guatavita,Cundinamarca,TERRITORIAL,371.77739984694654,baja,250,150,4710198165
2024,27099,Bojaya,Chocó,TERRITORIAL,370.2877416333142,baja,303,144,10136426380
2024,25168,Chaguaní,Cundinamarca,TERRITORIAL,369.9000876977411,baja,177,119,3650113554
2024,66440,Marsella,Risaralda,TERRITORIAL,369.4001132561436,baja,259,183,4682707365
2024,15806,Tibasosa,Boyacá,TERRITORIAL,369.38234561552815,baja,403,246,18720811992
2024,66572,Pueblo Rico,Risaralda,TERRITORIAL,369.0678160959414,baja,328,222,15193873191
2024,66088,Belén de Umbría,Risaralda,TERRITORIAL,368.5073252133408,baja,367,241,12346576218
2024,68101,Bolívar,Santander,TERRITORIAL,368.30177217533077,baja,144,100,5289214793
2024,68705,Santa Bárbara,Santander,TERRITORIAL,367.29967556517784,baja,130,88,3268281189
2024,15762,Sora,Boyacá,NACIONAL,367.10282244978225,baja,151,97,5649441222
2024,66045,Apía,Risaralda,TERRITORIAL,366.82547438037676,baja,191,144,7748191395
2024,05697,El Santuario,Antioquia,TERRITORIAL,366.7520422340361,baja,371,254,13896277530
2024,25430,Madrid,Cundinamarca,TERRITORIAL,366.6649244128483,baja,1362,935,55186271400
2024,05145,Caramanta,Antioquia,TERRITORIAL,366.3490178718318,baja,130,83,2915805473
2024,05107,Briceño,Antioquia,TERRITORIAL,365.350052964182,baja,278,158,10631779719
2024,25473,Mosquera,Cundinamarca,TERRITORIAL,363.8518388603657,baja,1971,1266,119355574634
2024,41319,Guadalupe,Huila,TERRITORIAL,363.57828939144736,baja,322,161,6820467239
2024,27006,Acandí,Chocó,TERRITORIAL,362.8135032921095,baja,114,73,3971792737
2024,73555,Planadas,Tolima,TERRITORIAL,362.5336885712361,baja,332,195,9775102927
2024,68013,Aguada,Santander,TERRITORIAL,361.797011205992,baja,280,151,4535675216
2024,52036,Ancuyá,Nariño,TERRITORIAL,361.69395008863796,baja,242,102,2817876002
2024,68211,Contratación,Santander,TERRITORIAL,360.92062884584135,baja,87,63,1825703606
2024,05206,Concepción,Antioquia,TERRITORIAL,360.8459597841681,baja,284,160,6884601994
2024,15407,Villa de Leyva,Boyacá,TERRITORIAL,360.6469587179766,baja,279,212,15533256630
2024,25001,Agua de Dios,Cundinamarca,TERRITORIAL,360.09842674577277,baja,400,241,6133071674
2024,68385,Landázuri,Santander,TERRITORIAL,359.19229845721554,baja,158,92,3313999671
2024,13673,Santa Catalina,Bolívar,TERRITORIAL,358.9096614846564,baja,302,184,11337492194
2024,81794,Tame,Arauca,TERRITORIAL,357.7579435586666,baja,413,253,21597828115
2024,52260,El Tambo,Nariño,TERRITORIAL,357.48423801885417,baja,487,179,4415372027
2024,13473,Morales,Bolívar,TERRITORIAL,355.13323322224954,baja,448,325,27579838413
2024,68370,Jordán,Santander,TERRITORIAL,354.59645914655164,baja,123,82,2994851795
2024,76890,Yotoco,Valle del Cauca,TERRITORIAL,353.26663248124294,baja,656,376,18208187191
2024,19824,Totoró,Cauca,TERRITORIAL,353.08837041958583,baja,232,160,8841266483
2024,68498,Ocamonte,Santander,TERRITORIAL,352.71747244557116,baja,142,89,3229508113
2024,13683,Santa Rosa,Bolívar,TERRITORIAL,352.43586138580457,baja,459,219,22182259164
2024,19760,Sotara,Cauca,TERRITORIAL,351.9246195413898,baja,208,147,6588506352
2024,73461,Murillo,Tolima,TERRITORIAL,351.485157310639,baja,217,145,3735488890
2024,81001,Arauca,Arauca,NACIONAL,351.10106712641374,baja,822,602,91825512680
2024,15804,Tibaná,Boyacá,TERRITORIAL,350.6697867298939,baja,178,111,3908301325
2024,47720,Santa Bárbara de Pinto,Magdalena,TERRITORIAL,350.45069726255747,baja,500,214,5108450047
2024,97161,Caruru,Vaupés,TERRITORIAL,350.34156397123576,baja,218,127,8117061710
2024,25214,Cota,Cundinamarca,TERRITORIAL,350.2952974510264,baja,2245,1505,154997360800
2024,05001,Medellín,Antioquia,TERRITORIAL,350.07038326947395,baja,20650,10588,8733916113710
2024,68296,Galán,Santander,TERRITORIAL,350.0292587046722,baja,169,103,5398617088
2024,52696,Santa Bárbara,Nariño,TERRITORIAL,349.8983693896972,baja,419,238,16092517359
2024,19698,Santander de Quilichao,Cauca,TERRITORIAL,349.66538596885,baja,1013,624,49493705096
2024,18753,San Vicente del Caguán,Caquetá,TERRITORIAL,349.6575802931568,baja,593,312,24032390144
2024,05113,Buriticá,Antioquia,TERRITORIAL,349.48393568834194,baja,349,213,23698590355
2024,66170,Dosquebradas,Risaralda,TERRITORIAL,349.14154464538007,baja,2462,1623,115907355580
2024,76109,Buenaventura,Valle del Cauca,TERRITORIAL,349.1097211396633,baja,2460,1652,133957881832
2024,52435,Mallama,Nariño,TERRITORIAL,348.5525409896918,baja,336,141,6566185759
2024,13620,San Cristóbal,Bolívar,TERRITORIAL,348.3254415812374,baja,163,110,4340092010
2024,20001,Valledupar,Cesar,TERRITORIAL,347.7253980155125,baja,3095,2288,400474751319
2024,20710,San Alberto,Cesar,TERRITORIAL,347.4479017255497,baja,303,180,12559961869
2024,27135,El Cantón del San Pablo,Chocó,TERRITORIAL,347.24437683082994,baja,135,91,6127121468
2024,76054,Argelia,Valle del Cauca,TERRITORIAL,347.1178797648273,baja,163,95,2901977891
2024,13160,Cantagallo,Bolívar,TERRITORIAL,347.09412701284145,baja,750,365,20431505132
2024,25394,La Palma,Cundinamarca,TERRITORIAL,346.77255108895923,baja,222,136,3606014397
2024,25612,Ricaurte,Cundinamarca,TERRITORIAL,346.2994109031242,baja,731,418,26149249506
2024,50006,Acacías,Meta,NACIONAL,346.29052299898217,baja,217,111,7192759369
2024,54001,Cúcuta,Norte de Santander,TERRITORIAL,345.8839481573749,baja,10257,6351,967456409178
2024,76250,El Dovio,Valle del Cauca,TERRITORIAL,345.68535799976627,baja,256,113,4262411752
2024,68077,Barbosa,Santander,TERRITORIAL,345.631846605503,baja,194,126,9028102319
2024,25095,Bituima,Cundinamarca,TERRITORIAL,345.1166169007814,baja,140,93,3283317639
2024,05353,Hispania,Antioquia,TERRITORIAL,344.3547135721769,baja,118,80,3451494752
2024,52233,Cumbitara,Nariño,TERRITORIAL,344.26306218188904,baja,283,154,5604844569
2024,05310,Gómez Plata,Antioquia,TERRITORIAL,344.0119256992971,baja,317,179,9326261846
2024,85279,Recetor,Casanare,TERRITORIAL,343.5008686335547,baja,230,152,5440566602
2024,66075,Balboa,Risaralda,TERRITORIAL,342.9073756923754,baja,311,198,10497650214
2024,25718,Sasaima,Cundinamarca,TERRITORIAL,342.71346919745486,baja,336,248,7891691170
2024,76001,Cali,Valle del Cauca,OTRO,342.5947139184702,baja,158,114,5588582691
2024,63690,Salento,Quindío,TERRITORIAL,342.3994709163919,baja,294,182,6236066092
2024,68689,San Vicente de Chucurí,Santander,TERRITORIAL,341.35684993454043,baja,508,258,19213613428
2024,73152,Casabianca,Tolima,TERRITORIAL,341.0653481134081,baja,270,139,6656130304
2024,54480,Mutiscua,Norte de Santander,TERRITORIAL,340.85321867226526,baja,210,113,3257419123
2024,99001,Puerto Carreño,Vichada,TERRITORIAL,340.84682197352276,baja,2127,1118,181323956174
2024,41807,Timaná,Huila,TERRITORIAL,340.5101633892666,baja,306,171,7008879041
2024,25740,Sibaté,Cundinamarca,TERRITORIAL,340.47630224663015,baja,517,431,24390699612
2024,85440,Villanueva,Casanare,TERRITORIAL,339.9601860708974,baja,591,332,37963168128
2024,95001,San José del Guaviare,Guaviare,NO_DEFINIDO,339.84117094714094,baja,169,89,480818997
2024,41770,Suaza,Huila,TERRITORIAL,339.1931409504031,baja,356,206,6725896572
2024,99624,Santa Rosalía,Vichada,TERRITORIAL,338.54816366736424,baja,305,175,6249982119
2024,47545,Pijiño del Carmen,Magdalena,NACIONAL,337.9811715353516,baja,124,53,456275814
2024,25148,Caparrapí,Cundinamarca,TERRITORIAL,337.77185192521137,baja,242,143,5084794475
2024,15480,Muzo,Boyacá,TERRITORIAL,337.1424835176104,baja,279,142,7420391048
2024,17616,Risaralda,Caldas,TERRITORIAL,336.8628228922764,baja,527,285,10490027531
2024,20770,San Martín,Cesar,TERRITORIAL,336.4901062228002,baja,478,298,23614817950
2024,25183,Chocontá,Cundinamarca,TERRITORIAL,336.25899656812715,baja,467,286,10467018435
2024,68190,Cimitarra,Santander,TERRITORIAL,335.1081569453872,baja,896,483,20176916752
2024,41001,Neiva,Huila,TERRITORIAL,334.5395427029116,baja,3199,2076,190960134755
2024,73870,Villahermosa,Tolima,TERRITORIAL,333.5253603953769,baja,265,150,4337817851
2024,52699,Santacruz,Nariño,TERRITORIAL,333.5005806889219,baja,466,238,9112411870
2024,15832,Tununguá,Boyacá,TERRITORIAL,333.46216245039693,baja,111,81,3285140345
2024,85430,Trinidad,Casanare,TERRITORIAL,333.1548681141912,baja,324,186,9953192154
2024,47545,Pijiño del Carmen,Magdalena,TERRITORIAL,331.97351950224834,baja,261,160,3863790739
2024,08436,Manatí,Atlántico,NACIONAL,331.81661421111056,baja,98,85,1087536160
2024,15638,Sáchica,Boyacá,TERRITORIAL,331.7870569804514,baja,199,130,6035502542
2024,52210,Contadero,Nariño,TERRITORIAL,331.77206386371915,baja,597,223,7345975346
2024,68686,San Miguel,Santander,TERRITORIAL,331.63492503290956,baja,146,75,3284371827
2024,47551,Pivijay,Magdalena,TERRITORIAL,329.3609548247484,baja,292,116,4739881794
2024,68861,Vélez,Santander,NACIONAL,329.1419880911666,baja,408,348,16029266026
2024,68861,Vélez,Santander,TERRITORIAL,328.81740056869495,baja,375,246,9296539933
2024,25513,Pacho,Cundinamarca,TERRITORIAL,328.6929921493053,baja,548,303,14908015054
2024,54239,Durania,Norte de Santander,TERRITORIAL,327.68868232349615,baja,301,165,4990624621
2024,47960,Zapayán,Magdalena,TERRITORIAL,327.11070581232315,baja,392,161,13194661068
2024,25001,Agua de Dios,Cundinamarca,NACIONAL,327.0160292803237,baja,623,413,17515175705
2024,63212,Córdoba,Quindío,TERRITORIAL,326.82948396298883,baja,281,142,3666450018
2024,23660,Sahagún,Córdoba,TERRITORIAL,326.71875470568415,baja,364,281,30195017776
2024,85015,Chameza,Casanare,TERRITORIAL,326.2309018867477,baja,152,93,2761620852
2024,13655,San Jacinto del Cauca,Bolívar,TERRITORIAL,325.3414711191533,baja,369,209,13829066747
2024,20787,Tamalameque,Cesar,TERRITORIAL,325.2639183845235,baja,256,162,7261208788
2024,47703,San Zenón,Magdalena,TERRITORIAL,325.1385486694878,baja,205,131,5801723510
2024,68217,Coromoro,Santander,TERRITORIAL,324.77402975894023,baja,170,104,3776263148
2024,25224,Cucunubá,Cundinamarca,TERRITORIAL,324.68223598656874,baja,254,176,7386673458
2024,52258,El Tablón de Gómez,Nariño,TERRITORIAL,323.75345772453073,baja,269,155,5706987918
2024,68162,Cerrito,Santander,TERRITORIAL,323.64618648061264,baja,189,109,3840879850
2024,17380,La Dorada,Caldas,TERRITORIAL,323.43505005797084,baja,1255,679,32115154793
2024,76248,El Cerrito,Valle del Cauca,TERRITORIAL,323.4130913347987,baja,567,363,24953438761
2024,52411,Linares,Nariño,TERRITORIAL,322.8345287436896,baja,307,164,7023619491
2024,70771,Sucre,Sucre,TERRITORIAL,322.16884387508674,baja,647,277,12519836945
2024,19130,Cajibío,Cauca,TERRITORIAL,321.61738952846594,baja,341,244,12022696653
2024,68169,Charta,Santander,TERRITORIAL,320.950784662838,baja,152,102,3083111337
2024,76563,Pradera,Valle del Cauca,TERRITORIAL,320.8653273246958,baja,1083,513,16613040443
2024,25823,Topaipí,Cundinamarca,TERRITORIAL,320.29301712422625,baja,202,115,3828092788
2024,05134,Campamento,Antioquia,TERRITORIAL,319.89527058993144,baja,336,191,7183004320
2024,68298,Gambita,Santander,TERRITORIAL,318.97290383751476,baja,185,130,4593415738
2024,50270,El Dorado,Meta,TERRITORIAL,318.12096493335247,baja,203,110,3831797099
2024,68079,Barichara,Santander,TERRITORIAL,317.34819147998473,baja,298,148,7789750644
2024,19392,La Sierra,Cauca,TERRITORIAL,315.46005900248184,baja,212,129,4285268238
2024,17486,Neira,Caldas,TERRITORIAL,314.8163802548331,baja,341,223,11116679436
2024,44847,Uribia,La Guajira,TERRITORIAL,314.3434157994794,baja,478,319,301472242745
2024,15861,Ventaquemada,Boyacá,TERRITORIAL,313.25327087926183,baja,265,145,5031577764
2024,25645,San Antonio del Tequendama,Cundinamarca,TERRITORIAL,313.08103166562665,baja,408,239,7387666282
2024,25335,Guayabetal,Cundinamarca,TERRITORIAL,311.76287043295815,baja,166,110,2827057682
2024,15187,Chivatá,Boyacá,TERRITORIAL,311.6524971345347,baja,141,99,5445873772
2024,17662,Samaná,Caldas,TERRITORIAL,310.78157725095963,baja,671,439,14005810239
2024,15514,Páez,Boyacá,TERRITORIAL,309.3803208389958,baja,275,156,8135004384
2024,05091,Betania,Antioquia,TERRITORIAL,309.12316654883284,baja,253,171,7653322580
2024,41518,Paicol,Huila,TERRITORIAL,308.70322665751996,baja,198,116,4106563737
2024,41615,Rivera,Huila,TERRITORIAL,307.2960170172645,baja,890,476,20824913295
2024,15238,Duitama,Boyacá,TERRITORIAL,306.44773502424636,baja,967,682,58643307538
2024,25658,San Francisco,Cundinamarca,TERRITORIAL,306.41247637698797,baja,193,130,4536480913
2024,52001,Pasto,Nariño,TERRITORIAL,306.2844018606436,baja,7390,4608,539958948368
2024,54680,Santiago,Norte de Santander,TERRITORIAL,304.42791375808014,baja,283,152,4205848207
2024,52320,Guaitarilla,Nariño,TERRITORIAL,304.2365361073256,baja,347,174,6784889297
2024,70823,Tolú Viejo,Sucre,NACIONAL,304.1698949259426,baja,156,107,2158889449
2024,18247,El Doncello,Caquetá,TERRITORIAL,303.8692956198372,baja,269,171,8042606622
2024,76622,Roldanillo,Valle del Cauca,NACIONAL,303.3740868978737,baja,377,230,14661690868
2024,19075,Balboa,Cauca,TERRITORIAL,302.9952741830631,baja,304,164,7469206363
2024,25491,Nocaima,Cundinamarca,TERRITORIAL,302.00374141086195,baja,275,169,6614030558
2024,68867,Vetas,Santander,TERRITORIAL,301.04932427312036,baja,113,72,1773098747
2024,68572,Puente Nacional,Santander,TERRITORIAL,300.3084262314438,baja,303,194,9003883229
2024,25312,Granada,Cundinamarca,TERRITORIAL,300.2778209802461,baja,259,155,6802960875
2024,68377,La Belleza,Santander,TERRITORIAL,300.16088648629125,baja,145,94,4140131878
2024,70110,Buenavista,Sucre,TERRITORIAL,299.52999844711906,baja,283,147,10146376638
2024,68152,Carcasí,Santander,TERRITORIAL,299.098792775608,baja,135,91,2843382332
2024,13222,Clemencia,Bolívar,TERRITORIAL,299.0550325910887,baja,509,284,18236680722
2024,25307,Girardot,Cundinamarca,TERRITORIAL,297.86065573192104,baja,1666,1003,46599299822
2024,91001,Leticia,Amazonas,NACIONAL,296.4323700964187,baja,557,395,39461926672
2024,25535,Pasca,Cundinamarca,TERRITORIAL,296.16690427453204,baja,237,155,3605495361
2024,68147,Capitanejo,Santander,TERRITORIAL,295.7030094713886,baja,181,94,4047245895
2024,73148,Carmen de Apicalá,Tolima,TERRITORIAL,295.6995817344169,baja,219,195,7348327587
2024,25777,Supatá,Cundinamarca,TERRITORIAL,295.48469893823915,baja,203,121,3871061297
2024,25151,Caqueza,Cundinamarca,TERRITORIAL,292.6774708051881,baja,1066,665,56378614424
2024,52254,El Peñol,Nariño,TERRITORIAL,291.6326593557107,baja,425,172,6141532741
2024,68872,Villanueva,Santander,TERRITORIAL,291.02018820161794,baja,305,124,4964312781
2024,25743,Silvania,Cundinamarca,TERRITORIAL,290.8767075623516,baja,390,243,7900074008
2024,76100,Bolívar,Valle del Cauca,TERRITORIAL,290.4295564198886,baja,435,154,6786237861
2024,25438,Medina,Cundinamarca,TERRITORIAL,290.3799448378017,baja,244,141,4748733696
2024,63130,Calarca,Quindío,TERRITORIAL,290.10819443048405,baja,974,554,22086662840
2024,73520,Palocabildo,Tolima,TERRITORIAL,289.67217335597775,baja,228,130,4712055277
2024,15518,Pajarito,Boyacá,TERRITORIAL,289.28289686638107,baja,147,94,3855757732
2024,23001,Montería,Córdoba,TERRITORIAL,289.20750938073746,baja,4103,2712,1075609015834
2024,86568,Puerto Asís,Putumayo,TERRITORIAL,288.6380760842374,baja,1753,655,30762242479
2024,15401,La Victoria,Boyacá,TERRITORIAL,288.14439127726456,baja,155,94,2968780491
2024,95025,El Retorno,Guaviare,TERRITORIAL,288.07131197525496,baja,456,282,8764775693
2024,08758,Soledad,Atlántico,TERRITORIAL,288.04737344800276,baja,1784,1148,163054560903
2024,25506,Venecia,Cundinamarca,TERRITORIAL,287.81992345062594,baja,145,87,2406556805
2024,25486,Nemocón,Cundinamarca,TERRITORIAL,286.69312208069897,baja,285,181,6127414317
2024,25862,Vergara,Cundinamarca,TERRITORIAL,286.62696485874926,baja,189,157,6814160355
2024,76400,La Unión,Valle del Cauca,TERRITORIAL,284.5645592197972,baja,394,239,9989861059
2024,52683,Sandoná,Nariño,TERRITORIAL,284.1908003962091,baja,587,229,8522112619
2024,17088,Belalcázar,Caldas,TERRITORIAL,283.95417918633535,baja,265,162,7689145045
2024,95001,San José del Guaviare,Guaviare,TERRITORIAL,283.4569536877493,baja,3925,2058,233261693829
2024,41378,La Argentina,Huila,TERRITORIAL,281.0021970729456,baja,329,173,6109370772
2024,15367,Jenesano,Boyacá,TERRITORIAL,279.87264258666437,baja,241,152,11345519167
2024,17777,Supía,Caldas,TERRITORIAL,279.7952234176017,baja,413,236,12199577729
2024,52110,Buesaco,Nariño,TERRITORIAL,279.03855539468685,baja,544,254,7162098790
2024,15332,Güicán,Boyacá,TERRITORIAL,278.6427543479217,baja,212,128,4077566417
2024,73504,Ortega,Tolima,TERRITORIAL,278.58826236445947,baja,702,395,26877697513
2024,85125,Hato Corozal,Casanare,TERRITORIAL,277.06988594046885,baja,201,125,5687139736
2024,73030,Ambalema,Tolima,TERRITORIAL,276.5274009925639,baja,106,90,1397930777
2024,25281,Fosca,Cundinamarca,TERRITORIAL,276.43897944013804,baja,198,114,3449851015
2024,68132,California,Santander,TERRITORIAL,276.18420582496447,baja,105,69,1539774524
2024,68820,Tona,Santander,TERRITORIAL,276.0019789277729,baja,176,108,4306328763
2024,25649,San Bernardo,Cundinamarca,TERRITORIAL,275.2330396784534,baja,211,144,4824488528
2024,20032,Astrea,Cesar,TERRITORIAL,274.31551152015345,baja,923,376,15388926581
2024,25181,Choachí,Cundinamarca,TERRITORIAL,273.10073784361987,baja,289,153,5797501641
2024,17867,Victoria,Caldas,TERRITORIAL,272.8751675980044,baja,447,163,9850660405
2024,25324,Guataquí,Cundinamarca,TERRITORIAL,272.41459715797,baja,238,146,2768718368
2024,08433,Malambo,Atlántico,TERRITORIAL,271.9222668127407,baja,576,519,45019001078
2024,52506,Ospina,Nariño,TERRITORIAL,270.7126237690769,baja,402,167,3561160799
2024,54099,Bochalema,Norte de Santander,TERRITORIAL,270.1073350461168,baja,231,141,4947523058
2024,13744,Simití,Bolívar,TERRITORIAL,268.9910342779559,baja,563,327,27826255823
2024,25781,Sutatausa,Cundinamarca,TERRITORIAL,268.6828339035594,baja,234,165,6158566270
2024,25662,San Juan de Río Seco,Cundinamarca,TERRITORIAL,267.21288801272544,baja,184,111,3381607520
2024,68176,Chima,Santander,TERRITORIAL,266.8768592024216,baja,213,113,3770995968
2024,17013,Aguadas,Caldas,TERRITORIAL,266.86264997375173,baja,489,222,10525459869
2024,73675,San Antonio,Tolima,TERRITORIAL,266.59594968697877,baja,281,178,4728080416
2024,73449,Melgar,Tolima,TERRITORIAL,265.92474439342914,baja,1799,981,54272343516
2024,25398,La Peña,Cundinamarca,TERRITORIAL,265.6416895993473,baja,271,165,7110168989
2024,76606,Restrepo,Valle del Cauca,TERRITORIAL,265.3357176392751,baja,322,190,5112035693
2024,25290,Fusagasugá,Cundinamarca,TERRITORIAL,265.0806822655302,baja,1123,889,97939854756
2024,05541,Peñol,Antioquia,TERRITORIAL,264.9776246733602,baja,720,421,36027465320
2024,52838,Túquerres,Nariño,TERRITORIAL,264.85082675877896,baja,796,356,12776452276
2024,68770,Suaita,Santander,TERRITORIAL,264.2982351414182,baja,288,166,6091857228
2024,50001,Villavicencio,Meta,NACIONAL,263.7040666529305,baja,2278,1477,174637083042
2024,25843,Villa de San Diego de Ubate,Cundinamarca,TERRITORIAL,263.68667813990106,baja,369,334,17567894765
2024,08141,Candelaria,Atlántico,TERRITORIAL,263.59541855114975,baja,264,148,2559343934
2024,25019,Albán,Cundinamarca,NACIONAL,263.42544829108147,baja,197,123,3921163889
2024,54051,Arboledas,Norte de Santander,TERRITORIAL,263.3051285245241,baja,356,187,7124676557
2024,68444,Matanza,Santander,TERRITORIAL,262.4106126044398,baja,145,96,2882360588
2024,47692,San Sebastián de Buenavista,Magdalena,TERRITORIAL,262.13269651713256,baja,543,194,10967565408
2024,66001,Pereira,Risaralda,NACIONAL,261.7139884458861,baja,1681,1415,143436158890
2024,17001,Manizales,Caldas,NACIONAL,261.53891573505257,baja,3599,2836,270177997004
2024,25815,Tocaima,Cundinamarca,TERRITORIAL,260.99620905156837,baja,372,209,8069391076
2024,19573,Puerto Tejada,Cauca,TERRITORIAL,260.8534544009352,baja,408,292,12388780782
2024,19585,Puracé,Cauca,TERRITORIAL,260.5256709378955,baja,351,167,8019189193
2024,08558,Polonuevo,Atlántico,TERRITORIAL,260.2888612150551,baja,449,157,2522120144
2024,73349,Honda,Tolima,TERRITORIAL,260.12050395038716,baja,1366,674,71891870830
2024,05380,La Estrella,Antioquia,TERRITORIAL,259.9831599748309,baja,1719,892,77576000861
2024,52685,San Bernardo,Nariño,TERRITORIAL,259.8487011910176,baja,396,194,3632486747
2024,17524,Palestina,Caldas,TERRITORIAL,259.8148900016338,baja,247,157,7568474278
2024,73854,Valle de San Juan,Tolima,TERRITORIAL,259.76456984432366,baja,397,244,9907559504
2024,25807,Tibirita,Cundinamarca,TERRITORIAL,256.3946891374656,baja,172,109,3219407512
2024,15248,El Espino,Boyacá,TERRITORIAL,255.77127335348638,baja,249,144,3689680618
2024,86568,Puerto Asís,Putumayo,NACIONAL,255.34451547431894,baja,597,463,22902759454
2024,15759,Sogamoso,Boyacá,TERRITORIAL,254.86861407792694,baja,1457,945,97543800047
2024,68081,Barrancabermeja,Santander,TERRITORIAL,253.61994658784874,baja,1324,867,33600245652
2024,68773,Sucre,Santander,TERRITORIAL,253.22357669087506,baja,322,179,7106188717
2024,25123,Cachipay,Cundinamarca,TERRITORIAL,253.14188277703954,baja,229,151,4887428916
2024,73352,Icononzo,Tolima,TERRITORIAL,252.9914464210951,baja,303,139,5072679269
2024,70713,San Onofre,Sucre,TERRITORIAL,252.6040175320087,baja,824,396,15326968086
2024,76869,Vijes,Valle del Cauca,TERRITORIAL,252.36233645900302,baja,355,202,6505964184
2024,27001,Quibdó,Chocó,NACIONAL,252.23470537564395,baja,810,676,59660355547
2024,27413,Lloró,Chocó,TERRITORIAL,251.37294710002845,baja,101,76,4494899033
2024,66456,Mistrató,Risaralda,TERRITORIAL,251.16044827256857,baja,472,319,22286417712
2024,50150,Castilla la Nueva,Meta,TERRITORIAL,250.27808327962532,baja,763,465,24085912511
2024,05858,Vegachí,Antioquia,TERRITORIAL,249.43670971418078,baja,404,243,13422819894
2024,76122,Caicedonia,Valle del Cauca,TERRITORIAL,249.25814571638074,baja,337,193,9446105692
2024,20238,El Copey,Cesar,TERRITORIAL,249.20737568524228,baja,374,243,10753677119
2024,52490,Olaya Herrera,Nariño,TERRITORIAL,248.8961628623161,baja,509,243,14161852659
2024,44001,Riohacha,La Guajira,NACIONAL,248.43227687003602,baja,876,734,55245204209
2024,25269,Facatativá,Cundinamarca,NO_DEFINIDO,247.7811507108037,baja,177,112,4234630140
2024,73547,Piedras,Tolima,TERRITORIAL,246.95830497905413,baja,230,129,5110645599
2024,54223,Cucutilla,Norte de Santander,TERRITORIAL,246.57530281642957,baja,509,275,9692585120
2024,52693,San Pablo,Nariño,TERRITORIAL,246.34396221107295,baja,575,230,7097885488
2024,19701,Santa Rosa,Cauca,TERRITORIAL,246.29795088099794,baja,214,127,5255383254
2024,50680,San Carlos de Guaroa,Meta,TERRITORIAL,245.69559752672396,baja,451,242,18927830169
2024,05031,Amalfi,Antioquia,TERRITORIAL,245.2923589633274,baja,692,324,14718806328
2024,73585,Purificación,Tolima,TERRITORIAL,245.0250757753875,baja,589,375,13608965402
2024,25426,Macheta,Cundinamarca,TERRITORIAL,245.00264897168594,baja,237,140,4466505935
2024,50287,Fuente de Oro,Meta,TERRITORIAL,244.77234333708856,baja,617,283,11378321370
2024,54874,Villa del Rosario,Norte de Santander,TERRITORIAL,244.47164401715386,baja,904,571,27140172566
2024,73873,Villarrica,Tolima,TERRITORIAL,244.227164253581,baja,392,227,7721116674
2024,85300,Sabanalarga,Casanare,TERRITORIAL,244.1020588253533,baja,358,187,6422603367
2024,63272,Filandia,Quindío,TERRITORIAL,242.70556296363733,baja,520,252,6381442787
2024,25320,Guaduas,Cundinamarca,TERRITORIAL,241.1837041066719,baja,352,226,8300346630
2024,47001,Santa Marta,Magdalena,OTRO,241.1627215205842,baja,758,447,38659867369
2024,66383,La Celia,Risaralda,TERRITORIAL,241.06496389030633,baja,207,132,3601796277
2024,44110,El Molino,La Guajira,TERRITORIAL,240.54841226992022,baja,319,122,3834170761
2024,41001,Neiva,Huila,OTRO,239.79366118573202,baja,470,448,38400495306
2024,44001,Riohacha,La Guajira,TERRITORIAL,237.53768970363407,baja,2141,1519,389903156155
2024,54109,Bucarasica,Norte de Santander,TERRITORIAL,237.021923294171,baja,283,181,5272489438
2024,17380,La Dorada,Caldas,OTRO,234.45444295488335,baja,396,246,6763218248
2024,25878,Viotá,Cundinamarca,TERRITORIAL,234.09338143917768,baja,424,317,7224764025
2024,85010,Aguazul,Casanare,TERRITORIAL,233.75931639187604,baja,1810,972,69768695655
2024,19693,San Sebastián,Cauca,TERRITORIAL,233.30013993688794,baja,200,136,3604882653
2024,25288,Fúquene,Cundinamarca,TERRITORIAL,233.10068442431947,baja,190,133,4720846865
2024,19001,Popayán,Cauca,TERRITORIAL,232.91948610166872,baja,9898,5555,901623636941
2024,25875,Villeta,Cundinamarca,TERRITORIAL,232.84067900894283,baja,622,360,20550302564
2024,76892,Yumbo,Valle del Cauca,TERRITORIAL,231.9042472327693,baja,1251,1094,48441795369
2024,85001,Yopal,Casanare,NACIONAL,231.09249849994586,baja,1350,1019,55847273379
2024,66001,Pereira,Risaralda,OTRO,230.9778816130722,baja,820,761,52062457535
2024,27075,Bahía Solano,Chocó,TERRITORIAL,230.87076559468096,baja,225,156,8777906641
2024,76616,Riofrío,Valle del Cauca,TERRITORIAL,230.3930183395431,baja,348,214,8102558748
2024,05809,Titiribí,Antioquia,TERRITORIAL,229.84883516332653,baja,321,181,7575641016
2024,85325,San Luis de Palenque,Casanare,TERRITORIAL,229.76319739245486,baja,309,167,8407483197
2024,68406,Lebríja,Santander,TERRITORIAL,229.50956369196084,baja,561,362,18384067315
2024,68001,Bucaramanga,Santander,TERRITORIAL,229.26979091948454,baja,16233,9147,1534125790841
2024,52678,Samaniego,Nariño,TERRITORIAL,228.7404950914646,baja,563,291,11447966876
2024,76109,Buenaventura,Valle del Cauca,NACIONAL,228.4980665340785,baja,414,353,34911931067
2024,25317,Guachetá,Cundinamarca,TERRITORIAL,227.90205620785923,baja,314,201,10854506096
2024,91540,Puerto Nariño,Amazonas,TERRITORIAL,227.0606632599921,baja,682,283,7736582338
2024,50370,Uribe,Meta,TERRITORIAL,226.99208243152032,baja,408,210,13087556862
2024,86885,Villagarzón,Putumayo,TERRITORIAL,226.90335809381304,baja,523,282,8947181332
2024,52356,Ipiales,Nariño,TERRITORIAL,226.24574519447464,baja,1298,743,56784124535
2024,73024,Alpujarra,Tolima,TERRITORIAL,225.59653564269365,baja,235,151,3274570111
2024,25386,La Mesa,Cundinamarca,TERRITORIAL,225.41881726656638,baja,443,300,16174786011
2024,25797,Tena,Cundinamarca,TERRITORIAL,225.39424652470672,baja,206,132,4255907406
2024,25793,Tausa,Cundinamarca,TERRITORIAL,224.93470066954742,baja,263,171,8420575194
2024,73043,Anzoátegui,Tolima,TERRITORIAL,224.80159962522836,baja,483,250,9632737285
2024,13838,Turbaná,Bolívar,NACIONAL,224.26682395285383,baja,453,246,12501622911
2024,20295,Gamarra,Cesar,TERRITORIAL,222.69475820522567,baja,85,60,1396932358
2024,73770,Suárez,Tolima,TERRITORIAL,221.18957453875325,baja,321,178,7612412610
2024,25120,Cabrera,Cundinamarca,TERRITORIAL,220.4142378046631,baja,158,101,1948625958
2024,73624,Rovira,Tolima,TERRITORIAL,220.3341213150761,baja,362,230,8731242256
2024,85001,Yopal,Casanare,OTRO,217.9210149931392,baja,82,68,1558641189
2024,25260,El Rosal,Cundinamarca,TERRITORIAL,217.86541253928635,baja,256,161,5914370773
2024,17653,Salamina,Caldas,TERRITORIAL,216.8185598746129,baja,265,155,5140020106
2024,52354,Imués,Nariño,NACIONAL,215.5835569671124,baja,483,223,7195921587
2024,52250,El Charco,Nariño,TERRITORIAL,215.0330868604903,baja,995,496,16071573173
2024,17433,Manzanares,Caldas,TERRITORIAL,214.92136663887032,baja,522,240,12209968768
2024,50318,Guamal,Meta,TERRITORIAL,214.3648175897014,baja,700,402,21646313941
2024,47288,Fundación,Magdalena,TERRITORIAL,211.4299297457152,baja,3811,770,45706513033
2024,54172,Chinácota,Norte de Santander,TERRITORIAL,211.2876473425316,baja,1442,494,21844147159
2024,25851,Útica,Cundinamarca,TERRITORIAL,209.80560317786387,baja,255,149,4248054735
2024,19473,Morales,Cauca,TERRITORIAL,209.79619297595247,baja,362,222,12868186925
2024,25841,Ubaque,Cundinamarca,TERRITORIAL,209.65734384209674,baja,210,141,4201073190
2024,05129,Caldas,Antioquia,TERRITORIAL,209.1659284616632,baja,789,523,35578164115
2024,68167,Charalá,Santander,TERRITORIAL,208.87484739330702,baja,281,167,5887065206
2024,76275,Florida,Valle del Cauca,TERRITORIAL,208.86395498283156,baja,1532,683,23281687735
2024,76147,Cartago,Valle del Cauca,NACIONAL,208.40290853433814,baja,264,229,10279048257
2024,50590,Puerto Rico,Meta,TERRITORIAL,208.13057820576486,baja,420,222,12000377210
2024,52520,Francisco Pizarro,Nariño,TERRITORIAL,208.03026250001025,baja,600,286,9130123454
2024,05266,Envigado,Antioquia,TERRITORIAL,208.0279172069923,baja,1318,1144,79670719782
2024,68432,Málaga,Santander,TERRITORIAL,207.12324533060422,baja,370,186,8949937854
2024,25594,Quetame,Cundinamarca,TERRITORIAL,205.72336108984817,baja,230,111,3402927648
2024,50001,Villavicencio,Meta,TERRITORIAL,205.61038959332095,baja,12587,7494,932762735850
2024,50223,Cubarral,Meta,TERRITORIAL,204.931506664203,baja,234,130,3988986502
2024,52720,Sapuyes,Nariño,TERRITORIAL,202.45898630657194,baja,426,195,5912899673
2024,20178,Chiriguaná,Cesar,TERRITORIAL,201.16196350837703,baja,421,298,8244021075
2024,76834,Tuluá,Valle del Cauca,NO_DEFINIDO,199.55071849159765,baja,1114,276,2768537545
2024,13673,Santa Catalina,Bolívar,OTRO,198.13146968391953,baja,215,107,1706099501
2024,15516,Paipa,Boyacá,TERRITORIAL,197.88405622935906,baja,153,101,2327508306
2024,73347,Herveo,Tolima,TERRITORIAL,197.74098085283686,baja,520,302,8267961261
2024,08001,Barranquilla,Atlántico,NO_DEFINIDO,197.37061655269983,baja,1072,471,17647500458
2024,25518,Paime,Cundinamarca,TERRITORIAL,197.11439205955,baja,323,176,6658185396
2024,76248,El Cerrito,Valle del Cauca,NACIONAL,197.09799615471,baja,844,335,7829177768
2024,25873,Villapinzón,Cundinamarca,TERRITORIAL,196.40126363170634,baja,330,251,10157346177
2024,63470,Montenegro,Quindío,TERRITORIAL,192.56606386840102,baja,704,412,11169990795
2024,27425,Medio Atrato,Chocó,TERRITORIAL,192.1564409218484,baja,92,81,2901616654
2024,85001,Yopal,Casanare,TERRITORIAL,191.87079906426223,baja,10382,6108,608376023505
2024,20001,Valledupar,Cesar,NO_DEFINIDO,190.79448852556834,baja,770,340,3047959530
2024,15001,Tunja,Boyacá,TERRITORIAL,189.11708252502066,baja,9356,5792,888182349662
2024,47001,Santa Marta,Magdalena,TERRITORIAL,188.28082274268942,baja,14517,6390,728402143780
2024,68780,Suratá,Santander,TERRITORIAL,188.2551330788431,baja,333,199,5474621701
2024,25099,Bojacá,Cundinamarca,TERRITORIAL,186.8828383893554,baja,367,233,7157893888
2024,13300,Hatillo de Loba,Bolívar,TERRITORIAL,185.01356034321276,baja,667,364,8131427198
2024,54553,Puerto Santander,Norte de Santander,TERRITORIAL,184.95685704688273,baja,280,153,4192749359
2024,13140,Calamar,Bolívar,TERRITORIAL,181.76976052918027,baja,760,334,10136374165
2024,63001,Armenia,Quindío,NACIONAL,179.99718759676884,baja,3035,2310,195755015185
2024,08573,Puerto Colombia,Atlántico,TERRITORIAL,179.49540849779885,baja,1202,946,123033460707
2024,73026,Alvarado,Tolima,TERRITORIAL,177.5444557362514,baja,301,176,4920567342
2024,52418,Los Andes,Nariño,TERRITORIAL,176.4502441089206,baja,592,258,7167748867
2024,05001,Medellín,Antioquia,NACIONAL,174.79961921800827,baja,21378,13605,1963938768089
2024,13062,Arroyohondo,Bolívar,TERRITORIAL,174.50636139701697,baja,475,174,5561673424
2024,41132,Campoalegre,Huila,NACIONAL,174.3230300011882,baja,273,248,13185119047
2024,25200,Cogua,Cundinamarca,TERRITORIAL,172.53039278757115,baja,356,313,16988455622
2024,25488,Nilo,Cundinamarca,NACIONAL,168.36097017674737,baja,279,267,23236337111
2024,17380,La Dorada,Caldas,NACIONAL,167.1316962811572,baja,219,184,7617372369
2024,17001,Manizales,Caldas,TERRITORIAL,166.69770467214548,baja,4350,2707,494400492213
2024,25053,Arbeláez,Cundinamarca,TERRITORIAL,165.66546732626819,baja,305,197,4396860813
2024,25489,Nimaima,Cundinamarca,TERRITORIAL,164.84431211562566,baja,296,185,4189921629
2024,25754,Soacha,Cundinamarca,TERRITORIAL,164.33065847090677,baja,7332,4321,334156934881
2024,54405,Los Patios,Norte de Santander,TERRITORIAL,162.13750840794074,baja,1103,662,24251880248
2024,25297,Gachetá,Cundinamarca,TERRITORIAL,160.0177291234164,baja,694,467,16436516643
2024,41001,Neiva,Huila,NACIONAL,159.79452911515756,baja,1603,1353,127217778719
2024,76364,Jamundí,Valle del Cauca,TERRITORIAL,159.04319503135125,baja,1550,1054,38625093778
2024,13001,Cartagena,Bolívar,TERRITORIAL,156.44822333023754,baja,14464,9238,1491873370303
2024,41530,Palestina,Huila,TERRITORIAL,155.4201441524667,baja,853,324,9584878709
2024,66001,Pereira,Risaralda,TERRITORIAL,150.41582844348372,baja,13852,7184,885494258016
2024,52287,Funes,Nariño,TERRITORIAL,149.51978076124934,baja,842,377,9032881568
2024,05154,Caucasia,Antioquia,NACIONAL,146.1157989476232,baja,229,209,9177697209
2024,52356,Ipiales,Nariño,NACIONAL,145.63758590353345,baja,361,290,10642562749
2024,25871,Villagómez,Cundinamarca,TERRITORIAL,141.32951050852165,baja,216,133,2041149990
2024,73616,Rioblanco,Tolima,TERRITORIAL,139.4272298750908,baja,595,343,16198263300
2024,15001,Tunja,Boyacá,NACIONAL,138.4417061118666,baja,2060,1510,371298285177
2024,20621,La Paz,Cesar,TERRITORIAL,136.45019637980175,baja,1083,480,19167560891
2024,20060,Bosconia,Cesar,TERRITORIAL,134.12848618157656,baja,242,180,3440465094
2024,73001,Ibagué,Tolima,TERRITORIAL,131.26635702234475,baja,7877,5015,500634459419
2024,20001,Valledupar,Cesar,NACIONAL,129.3500682174742,baja,706,457,463300932546
2024,73001,Ibagué,Tolima,NACIONAL,127.7213319199276,baja,3563,2994,502627314723
2024,25245,El Colegio,Cundinamarca,TERRITORIAL,124.24238034493466,baja,990,554,22723198233
2024,05129,Caldas,Antioquia,NACIONAL,123.41890841884516,baja,272,262,11986159067
2024,05579,Puerto Berrío,Antioquia,NACIONAL,123.27162176654642,baja,263,244,10414775775
2024,50689,San Martín,Meta,NACIONAL,120.97166292779539,baja,500,250,6233414727
2024,70001,Sincelejo,Sucre,NACIONAL,117.60240718023411,baja,1295,1041,365655975271
2024,52560,Potosí,Nariño,TERRITORIAL,116.94527357671467,baja,1078,414,9668162311
2024,23001,Montería,Córdoba,NACIONAL,116.50205939102884,baja,1366,914,712342263968
2024,20060,Bosconia,Cesar,NACIONAL,116.17199132787596,baja,520,302,5240960327
2024,25307,Girardot,Cundinamarca,NACIONAL,113.94808232724627,baja,419,359,16775502243
2024,41551,Pitalito,Huila,NACIONAL,110.55720611487568,baja,430,389,18323653925
2024,41006,Acevedo,Huila,TERRITORIAL,109.54504632327267,baja,1176,528,18733150881
2024,68081,Barrancabermeja,Santander,NACIONAL,106.21015551466891,baja,374,317,11712022775
2024,08638,Sabanalarga,Atlántico,NACIONAL,105.26484941139552,baja,397,389,19717570432
2024,54001,Cúcuta,Norte de Santander,NACIONAL,104.39447846345034,baja,2879,2092,474644437732
2024,76130,Candelaria,Valle del Cauca,TERRITORIAL,103.38616382203143,baja,2293,1376,43240160222
2024,47001,Santa Marta,Magdalena,NACIONAL,98.23116612434463,baja,1939,1474,561693752183
2024,41298,Garzón,Huila,NACIONAL,95.41553513968204,baja,235,199,8032561930
2024,19001,Popayán,Cauca,NACIONAL,94.30710488929164,baja,3507,2607,570334601445
2024,05250,El Bagre,Antioquia,NACIONAL,93.40221540299545,baja,143,136,5215761052
2024,68001,Bucaramanga,Santander,NACIONAL,91.02461497823455,baja,5998,4690,570407806398
2024,25473,Mosquera,Cundinamarca,NACIONAL,87.07327036646298,baja,569,530,32070392979
2024,05615,Rionegro,Antioquia,NACIONAL,84.99008990951373,baja,496,463,22127415213
2024,52786,Taminango,Nariño,TERRITORIAL,84.73420007099232,baja,1250,544,13225659924
2024,76111,Guadalajara de Buga,Valle del Cauca,NACIONAL,78.44975978083046,baja,479,389,18400801864
2024,05042,Santafé de Antioquia,Antioquia,NACIONAL,76.61146311709443,baja,238,225,9867015636
2024,05045,Apartadó,Antioquia,NACIONAL,69.27786252440903,baja,506,469,22843447011
2024,41396,La Plata,Huila,NACIONAL,69.2616926152561,baja,215,195,7109288085
2024,15238,Duitama,Boyacá,NACIONAL,69.05950320383356,baja,363,337,16131123867
2024,68432,Málaga,Santander,NACIONAL,65.91996444677078,baja,266,249,9154951810
2024,11001,Bogotá D.C.,Bogotá,NACIONAL,60.83167219627452,baja,109316,83835,28284182185905
2024,76001,Cali,Valle del Cauca,NACIONAL,58.09309144581748,baja,9020,6977,1335029724298
2024,13001,Cartagena,Bolívar,NACIONAL,57.56983587361085,baja,4082,3070,940783574401
2024,76834,Tuluá,Valle del Cauca,NACIONAL,55.558482983754004,baja,320,307,12046744451
2024,76001,Cali,Valle del Cauca,TERRITORIAL,47.89565377728333,baja,49622,23273,2742957713768
2024,68679,San Gil,Santander,NACIONAL,45.522542652766816,baja,1675,1182,38855220592
2024,25175,Chía,Cundinamarca,NACIONAL,43.91132835824296,baja,522,497,23277025263
2024,25754,Soacha,Cundinamarca,NACIONAL,43.385627051616964,baja,539,442,18434671141
2024,25293,Gachala,Cundinamarca,OTRO,43.37526581421642,baja,485,337,8253025939
2024,15759,Sogamoso,Boyacá,NACIONAL,42.61009598171887,baja,815,719,31707578208
2024,11001,Bogotá D.C.,Bogotá,TERRITORIAL,41.256342350254755,baja,60164,40632,6520142451201
2024,25875,Villeta,Cundinamarca,NACIONAL,36.14403019270504,baja,369,349,12773271702
2024,05360,Itagui,Antioquia,NACIONAL,30.184885786582175,baja,578,547,20841356027
2025,05604,Remedios,Antioquia,TERRITORIAL,10000.0,alta,1,1,39424126
2025,05660,San Luis,Antioquia,OTRO,10000.0,alta,1,1,30000000
2025,05790,Tarazá,Antioquia,NACIONAL,10000.0,alta,1,1,24870000
2025,05885,Yalí,Antioquia,NACIONAL,10000.0,alta,1,1,27995463
2025,05887,Yarumal,Antioquia,NACIONAL,10000.0,alta,1,1,4160000
2025,08606,Repelón,Atlántico,NACIONAL,10000.0,alta,1,1,50000000
2025,15232,Chíquiza,Boyacá,TERRITORIAL,10000.0,alta,1,1,46494000
2025,15764,Soracá,Boyacá,OTRO,10000.0,alta,1,1,33838167
2025,17662,Samaná,Caldas,NACIONAL,10000.0,alta,2,1,11644000
2025,18029,Albania,Caquetá,NACIONAL,10000.0,alta,1,1,53507683
2025,19473,Morales,Cauca,NACIONAL,10000.0,alta,1,1,438491588
2025,19532,Patía,Cauca,NACIONAL,10000.0,alta,1,1,37302670
2025,20001,Valledupar,Cesar,OTRO,10000.0,alta,1,1,679739824
2025,20060,Bosconia,Cesar,NACIONAL,10000.0,alta,1,1,15000000
2025,23168,Chimá,Córdoba,NACIONAL,10000.0,alta,1,1,228975528
2025,23678,San Carlos,Córdoba,OTRO,10000.0,alta,2,1,500606978
2025,23855,Valencia,Córdoba,NACIONAL,10000.0,alta,2,1,130000000
2025,25594,Quetame,Cundinamarca,NACIONAL,10000.0,alta,3,1,29208370
2025,25867,Vianí,Cundinamarca,NACIONAL,10000.0,alta,1,1,194424128
2025,27361,Istmina,Chocó,NACIONAL,10000.0,alta,1,1,1675141
2025,41020,Algeciras,Huila,OTRO,10000.0,alta,1,1,5500000
2025,44090,Dibulla,La Guajira,NACIONAL,10000.0,alta,1,1,14286000
2025,44098,Distracción,La Guajira,NACIONAL,10000.0,alta,1,1,2429337824
2025,47053,Aracataca,Magdalena,NACIONAL,10000.0,alta,1,1,781482520
2025,52323,Gualmatán,Nariño,NACIONAL,10000.0,alta,1,1,35500000
2025,54874,Villa del Rosario,Norte de Santander,NACIONAL,10000.0,alta,1,1,980009863
2025,66088,Belén de Umbría,Risaralda,OTRO,10000.0,alta,1,1,8000000
2025,66682,Santa Rosa de Cabal,Risaralda,OTRO,10000.0,alta,1,1,34398226
2025,68770,Suaita,Santander,NACIONAL,10000.0,alta,1,1,13621005
2025,68855,Valle de San José,Santander,NACIONAL,10000.0,alta,1,1,19500000
2025,73217,Coyaima,Tolima,NACIONAL,10000.0,alta,1,1,45406356
2025,76122,Caicedonia,Valle del Cauca,NACIONAL,10000.0,alta,1,1,24297500
2025,81300,Fortul,Arauca,NACIONAL,10000.0,alta,1,1,57090268
2025,86568,Puerto Asís,Putumayo,OTRO,10000.0,alta,1,1,165082169
2025,86571,Puerto Guzmán,Putumayo,NACIONAL,10000.0,alta,1,1,39000000
2025,85015,Chameza,Casanare,TERRITORIAL,9942.035970371076,alta,152,99,2811168401352
2025,05667,San Rafael,Antioquia,TERRITORIAL,9855.216421358797,alta,2,2,1919818135
2025,05021,Alejandría,Antioquia,NACIONAL,9652.0969600674,alta,2,2,2885945905
2025,13873,Villanueva,Bolívar,NACIONAL,9620.483273711794,alta,39,30,257777073083
2025,15776,Sutamarchán,Boyacá,TERRITORIAL,9596.859590845768,alta,152,99,293042703956
2025,50124,Cabuyaro,Meta,NACIONAL,9548.309941936823,alta,2,2,39448089
2025,08832,Tubará,Atlántico,TERRITORIAL,9452.277898480772,alta,19,10,4137219310
2025,63594,Quimbaya,Quindío,TERRITORIAL,9418.52455413416,alta,530,288,589934326641
2025,85136,La Salina,Casanare,TERRITORIAL,9400.39270491804,alta,212,119,185932378347
2025,86885,Villagarzón,Putumayo,NACIONAL,9314.391930973026,alta,2,2,337527576
2025,47745,Sitionuevo,Magdalena,NACIONAL,9279.678687572943,alta,263,196,1036439855152
2025,13549,Pinillos,Bolívar,TERRITORIAL,9223.177017188556,alta,2,2,466900000
2025,19517,Paez,Cauca,TERRITORIAL,9202.450866352956,alta,2,2,614437192
2025,05040,Anorí,Antioquia,TERRITORIAL,9110.052772917446,alta,9,7,2033408666
2025,86865,Valle del Guamuez,Putumayo,NACIONAL,9043.529049862793,alta,2,2,204562360
2025,15293,Gachantivá,Boyacá,NACIONAL,9029.511084277126,alta,2,2,422703674
2025,15466,Monguí,Boyacá,NACIONAL,9027.929107962658,alta,2,2,12612660606
2025,86573,Leguízamo,Putumayo,TERRITORIAL,9021.88741775384,alta,2,2,449026939
2025,68549,Pinchote,Santander,TERRITORIAL,8965.314954016103,alta,162,82,89724128735
2025,66456,Mistrató,Risaralda,TERRITORIAL,8673.29320345818,alta,396,260,278002114943
2025,15476,Motavita,Boyacá,TERRITORIAL,8541.739536758854,alta,145,113,80515554034
2025,76041,Ansermanuevo,Valle del Cauca,TERRITORIAL,8378.73734095473,alta,231,124,101015825597
2025,27430,Medio Baudó,Chocó,TERRITORIAL,8241.319357296497,alta,5,4,3964404318
2025,50325,Mapiripán,Meta,NACIONAL,8238.500641090493,alta,8,8,1534715196
2025,41770,Suaza,Huila,TERRITORIAL,8022.500985631161,alta,365,217,95526928030
2025,50226,Cumaral,Meta,OTRO,7985.820226338743,alta,2,2,12410000
2025,19573,Puerto Tejada,Cauca,TERRITORIAL,7858.129580562384,alta,90,70,135328360132
2025,05059,Armenia,Antioquia,TERRITORIAL,7854.192360492213,alta,3,3,2372398667
2025,15681,San Pablo de Borbur,Boyacá,TERRITORIAL,7712.046437489277,alta,3,3,299053430
2025,86320,Orito,Putumayo,TERRITORIAL,7367.1582120162275,alta,629,301,402010522408
2025,50124,Cabuyaro,Meta,TERRITORIAL,7338.131441288209,alta,569,340,269176467481
2025,25317,Guachetá,Cundinamarca,TERRITORIAL,7284.033045648873,alta,10,9,511080872
2025,52354,Imués,Nariño,TERRITORIAL,7185.990499667205,alta,16,9,615206960
2025,13670,San Pablo,Bolívar,TERRITORIAL,6768.462243826735,alta,68,65,11380046537
2025,44430,Maicao,La Guajira,NACIONAL,6591.40259393635,alta,3,3,1211834486
2025,27001,Quibdó,Chocó,NACIONAL,6450.960687666353,alta,823,668,298925041296
2025,54206,Convención,Norte de Santander,OTRO,6337.624014917655,alta,10,4,2016321800
2025,13268,El Peñón,Bolívar,TERRITORIAL,6316.5023669695465,alta,33,25,6113365492
2025,15550,Pisba,Boyacá,NACIONAL,6256.610700885344,alta,2,2,28074138
2025,76130,Candelaria,Valle del Cauca,OTRO,6195.2117217871355,alta,3,3,476095548
2025,13042,Arenal,Bolívar,TERRITORIAL,6195.140763449773,alta,46,28,17018494857
2025,86865,Valle del Guamuez,Putumayo,OTRO,6094.175994162584,alta,3,2,11273920
2025,15531,Pauna,Boyacá,TERRITORIAL,5543.861773260334,alta,213,124,42785839984
2025,08638,Sabanalarga,Atlántico,TERRITORIAL,5532.092333934089,alta,37,22,2484498450
2025,15097,Boavita,Boyacá,NACIONAL,5484.531094941256,alta,4,3,48886720
2025,41013,Agrado,Huila,OTRO,5410.372534696859,alta,2,2,18500000
2025,05284,Frontino,Antioquia,OTRO,5267.522524560441,alta,3,2,55679172
2025,41396,La Plata,Huila,TERRITORIAL,5263.775505518925,alta,812,395,92983681884
2025,15455,Miraflores,Boyacá,NACIONAL,5188.906993688499,alta,265,145,179489669424
2025,19698,Santander de Quilichao,Cauca,NACIONAL,5173.75419401836,alta,2,2,151029230
2025,73067,Ataco,Tolima,NACIONAL,5136.972994886855,alta,2,2,40542280
2025,76248,El Cerrito,Valle del Cauca,NACIONAL,5118.445904583334,alta,999,394,38199743448
2025,13300,Hatillo de Loba,Bolívar,TERRITORIAL,5061.728395061728,alta,2,2,4500000000
2025,73411,Líbano,Tolima,NACIONAL,5049.877775889674,alta,4,3,62560670
2025,27150,Carmen del Darien,Chocó,TERRITORIAL,5017.380043707033,alta,58,47,9553342216
2025,50573,Puerto López,Meta,NACIONAL,5000.0,alta,3,2,22000000
2025,52224,Cuaspud,Nariño,TERRITORIAL,4987.489646798832,alta,3,3,223924015
2025,05674,San Vicente,Antioquia,TERRITORIAL,4962.578627295388,alta,268,187,75217254265
2025,47720,Santa Bárbara de Pinto,Magdalena,TERRITORIAL,4920.210973774665,alta,443,179,11257797849
2025,76563,Pradera,Valle del Cauca,NACIONAL,4890.580199021757,alta,4,3,61600000
2025,15755,Socotá,Boyacá,TERRITORIAL,4881.013678209078,alta,14,9,451132003
2025,50683,San Juan de Arama,Meta,TERRITORIAL,4875.282882113337,alta,242,129,32111129476
2025,70221,Coveñas,Sucre,TERRITORIAL,4771.244359792137,alta,280,189,144007308184
2025,52019,Albán,Nariño,TERRITORIAL,4741.159670882146,alta,83,68,4697008307
2025,52083,Belén,Nariño,TERRITORIAL,4501.359372031729,alta,219,99,12044824839
2025,27073,Bagadó,Chocó,TERRITORIAL,4442.660119398734,alta,8,6,981260144
2025,25524,Pandi,Cundinamarca,TERRITORIAL,4440.163585391909,alta,7,7,602705966
2025,68867,Vetas,Santander,NACIONAL,4417.874241943905,alta,3,3,320499240
2025,15808,Tinjacá,Boyacá,TERRITORIAL,4414.077821084619,alta,28,22,878146447
2025,52435,Mallama,Nariño,NACIONAL,4412.097840930584,alta,5,3,360670349
2025,15835,Turmequé,Boyacá,TERRITORIAL,4338.911433158551,alta,143,101,20922928138
2025,47058,Ariguaní,Magdalena,TERRITORIAL,4315.063440901363,alta,14,7,3271426850
2025,08675,Santa Lucía,Atlántico,TERRITORIAL,4306.172703016725,alta,169,160,21625129902
2025,15835,Turmequé,Boyacá,NACIONAL,4159.5521624727735,alta,5,4,915690152
2025,54820,Toledo,Norte de Santander,NACIONAL,4155.516938238956,alta,3,3,8999885
2025,20770,San Martín,Cesar,TERRITORIAL,4154.8726199112825,alta,358,273,62278402249
2025,73349,Honda,Tolima,NACIONAL,4120.45031319446,alta,4,4,38234000
2025,25438,Medina,Cundinamarca,NACIONAL,4120.03938447078,alta,8,6,87477265
2025,15533,Paya,Boyacá,NACIONAL,4008.7447194164533,alta,4,4,50446793
2025,19418,López,Cauca,TERRITORIAL,4008.060369556375,alta,3,3,1440468650
2025,27250,El Litoral del San Juan,Chocó,TERRITORIAL,3992.827898453563,alta,3,3,74215288
2025,15480,Muzo,Boyacá,NACIONAL,3989.5718273192633,alta,8,5,2282424938
2025,50711,Vistahermosa,Meta,NACIONAL,3975.574871335226,alta,3,3,58899940
2025,17877,Viterbo,Caldas,TERRITORIAL,3942.960597029546,alta,7,4,222533440
2025,68895,Zapatoca,Santander,TERRITORIAL,3912.6228617263887,alta,151,105,20353126860
2025,73504,Ortega,Tolima,NACIONAL,3843.592247947686,alta,3,3,6221111
2025,68307,Girón,Santander,TERRITORIAL,3833.128988916143,alta,1135,981,314132329419
2025,19075,Balboa,Cauca,TERRITORIAL,3833.0627367315437,alta,219,143,16223261566
2025,15814,Toca,Boyacá,TERRITORIAL,3831.762096106218,alta,16,14,449576063
2025,05761,Sopetrán,Antioquia,TERRITORIAL,3811.7216365391955,alta,6,4,112160635
2025,05400,La Unión,Antioquia,TERRITORIAL,3789.5183427800803,alta,162,105,21784737542
2025,13810,Tiquisio,Bolívar,TERRITORIAL,3775.5116696094537,alta,7,7,2114732990
2025,41615,Rivera,Huila,NACIONAL,3758.4633444955016,alta,19,14,1351216335
2025,13440,Margarita,Bolívar,TERRITORIAL,3751.510454390764,alta,200,119,19565932129
2025,13838,Turbaná,Bolívar,TERRITORIAL,3721.628673663438,alta,16,14,845853868
2025,54398,La Playa,Norte de Santander,TERRITORIAL,3717.4161476663903,alta,18,5,1570450127
2025,18094,Belén de los Andaquies,Caquetá,TERRITORIAL,3706.5703950908164,alta,153,119,26944839708
2025,05145,Caramanta,Antioquia,NACIONAL,3654.0655190828047,alta,142,86,9716300347
2025,25151,Caqueza,Cundinamarca,NACIONAL,3618.840171402154,alta,3,3,25712100
2025,27413,Lloró,Chocó,TERRITORIAL,3601.6624892801674,alta,21,20,2087590218
2025,73461,Murillo,Tolima,TERRITORIAL,3575.484795560585,alta,304,198,16585374557
2025,15001,Tunja,Boyacá,TERRITORIAL,3539.9909815088754,alta,9654,6331,4025527412059
2025,20443,Manaure,Cesar,TERRITORIAL,3529.5178134566204,alta,9,6,1434171222
2025,05190,Cisneros,Antioquia,NACIONAL,3519.701696465326,alta,5,5,92886000
2025,05101,Ciudad Bolívar,Antioquia,TERRITORIAL,3453.8965164509764,alta,6,5,59816906
2025,05475,Murindó,Antioquia,TERRITORIAL,3432.7008759797036,alta,424,214,43042890557
2025,50590,Puerto Rico,Meta,TERRITORIAL,3420.5220219188213,alta,388,212,42525615110
2025,73563,Prado,Tolima,TERRITORIAL,3413.1996858361476,alta,37,27,1298582730
2025,47570,Puebloviejo,Magdalena,TERRITORIAL,3397.750079832703,alta,78,74,2143252085
2025,13580,Regidor,Bolívar,TERRITORIAL,3394.6057588774247,alta,114,100,20331521861
2025,52520,Francisco Pizarro,Nariño,TERRITORIAL,3344.124028465267,alta,935,344,43692115705
2025,76020,Alcalá,Valle del Cauca,NACIONAL,3319.339275174584,alta,8,6,154796869
2025,44098,Distracción,La Guajira,TERRITORIAL,3312.54642319722,alta,45,32,3942138127
2025,23678,San Carlos,Córdoba,TERRITORIAL,3310.6251068859483,alta,106,75,27913287343
2025,13244,El Carmen de Bolívar,Bolívar,TERRITORIAL,3306.4161743569657,alta,432,254,89128367116
2025,52354,Imués,Nariño,NACIONAL,3281.7447397787223,alta,531,219,21293746937
2025,15455,Miraflores,Boyacá,TERRITORIAL,3280.3096113514653,alta,42,30,1552577206
2025,70523,Palmito,Sucre,NACIONAL,3277.2582718105555,alta,20,15,477589866
2025,15403,La Uvita,Boyacá,NACIONAL,3264.6290538839617,alta,6,5,57704460
2025,13212,Córdoba,Bolívar,TERRITORIAL,3224.820895790389,alta,221,122,49398718660
2025,70233,El Roble,Sucre,TERRITORIAL,3221.0189698525865,alta,124,119,8970136303
2025,05145,Caramanta,Antioquia,TERRITORIAL,3213.160197359795,alta,5,5,195499713
2025,15600,Ráquira,Boyacá,NACIONAL,3188.775510204082,alta,4,4,14000000
2025,05147,Carepa,Antioquia,TERRITORIAL,3168.3947898912093,alta,289,141,96909073516
2025,19100,Bolívar,Cauca,NACIONAL,3166.985463662526,alta,21,13,182586481
2025,95200,Miraflores,Guaviare,TERRITORIAL,3134.9697764553557,alta,11,6,119007915
2025,52418,Los Andes,Nariño,TERRITORIAL,3082.1309753888236,alta,539,231,33820354297
2025,23419,Los Córdobas,Córdoba,TERRITORIAL,3054.512738887199,alta,163,118,42500026780
2025,81591,Puerto Rondón,Arauca,TERRITORIAL,3036.953299855703,alta,220,96,21122130860
2025,76364,Jamundí,Valle del Cauca,NACIONAL,3027.8792776948694,alta,22,17,3890551089
2025,52540,Policarpa,Nariño,TERRITORIAL,3026.0458820140852,alta,439,228,27757363166
2025,11001,Bogotá D.C.,Bogotá,OTRO,3019.7199115312,alta,98,96,60894605777
2025,13838,Turbaná,Bolívar,NACIONAL,3017.3168660491974,alta,595,316,58480241153
2025,23675,San Bernardo del Viento,Córdoba,TERRITORIAL,2968.000415755668,alta,219,132,30239977319
2025,23807,Tierralta,Córdoba,NACIONAL,2955.3987677548466,alta,8,6,105457194
2025,15720,Sativanorte,Boyacá,NACIONAL,2902.526209179602,alta,4,4,46773100
2025,68861,Vélez,Santander,TERRITORIAL,2879.0669640962055,alta,352,223,20901798252
2025,08770,Suan,Atlántico,TERRITORIAL,2870.7343770440166,alta,57,39,6533671110
2025,13188,Cicuco,Bolívar,TERRITORIAL,2870.3309984509738,alta,12,11,14164651798
2025,68307,Girón,Santander,NACIONAL,2859.548305272118,alta,38,13,2048466270
2025,76520,Palmira,Valle del Cauca,TERRITORIAL,2851.985352127732,alta,3481,1831,454519278843
2025,52506,Ospina,Nariño,TERRITORIAL,2823.8144907815768,alta,529,185,11603992121
2025,73861,Venadillo,Tolima,NACIONAL,2807.288620155995,alta,13,10,2143821497
2025,47605,Remolino,Magdalena,TERRITORIAL,2728.954900238766,alta,28,18,1368511757
2025,15522,Panqueba,Boyacá,NACIONAL,2724.1433280383094,alta,5,5,29030000
2025,08675,Santa Lucía,Atlántico,NACIONAL,2717.4516079865875,alta,7,5,40500000
2025,25386,La Mesa,Cundinamarca,NACIONAL,2702.6601191304762,alta,4,4,23669530
2025,05308,Girardota,Antioquia,TERRITORIAL,2696.5806326696356,alta,797,592,136553766817
2025,05615,Rionegro,Antioquia,NACIONAL,2690.5178117966893,alta,496,472,71352066969
2025,05658,San José de la Montaña,Antioquia,TERRITORIAL,2667.0794055507076,alta,4,4,35995220
2025,73236,Dolores,Tolima,TERRITORIAL,2661.6152659382046,alta,205,123,18578833756
2025,25407,Lenguazaque,Cundinamarca,NACIONAL,2657.921997762991,alta,4,4,15983000
2025,52036,Ancuyá,Nariño,TERRITORIAL,2586.759255669402,alta,238,105,6899722559
2025,68418,Los Santos,Santander,TERRITORIAL,2582.1012396626975,alta,267,163,26149630636
2025,18029,Albania,Caquetá,TERRITORIAL,2564.293861786528,alta,174,93,17197743504
2025,15762,Sora,Boyacá,TERRITORIAL,2528.555650537284,alta,6,6,47120850
2025,05284,Frontino,Antioquia,NACIONAL,2513.127653516563,alta,34,24,1327899069
2025,05034,Andes,Antioquia,NACIONAL,2506.6911660234096,alta,13,11,315227462
2025,15469,Moniquirá,Boyacá,NACIONAL,2501.283815906216,alta,6,5,48449315
2025,54498,Ocaña,Norte de Santander,NACIONAL,2490.909926364668,moderada,30,16,423668837
2025,44650,San Juan del Cesar,La Guajira,TERRITORIAL,2489.083709947658,moderada,61,46,29302409690
2025,52240,Chachagüí,Nariño,TERRITORIAL,2476.907057380475,moderada,607,254,24802405574
2025,05376,La Ceja,Antioquia,NACIONAL,2458.1605072715174,moderada,6,6,52461095
2025,27361,Istmina,Chocó,TERRITORIAL,2432.697711418845,moderada,40,15,1936575760
2025,13468,Mompós,Bolívar,TERRITORIAL,2423.144129027035,moderada,291,137,17468499568
2025,15693,Santa Rosa de Viterbo,Boyacá,NACIONAL,2419.95278163608,moderada,12,11,422094174
2025,23300,Cotorra,Córdoba,TERRITORIAL,2419.82024254567,moderada,74,66,23012224366
2025,23182,Chinú,Córdoba,TERRITORIAL,2413.413940011873,moderada,190,154,25361469683
2025,05480,Mutatá,Antioquia,TERRITORIAL,2406.1354001588547,moderada,360,216,19561977681
2025,08078,Baranoa,Atlántico,TERRITORIAL,2403.484543462579,moderada,559,359,63224895606
2025,23586,Purísima,Córdoba,TERRITORIAL,2398.81659957974,moderada,198,119,13395945562
2025,15022,Almeida,Boyacá,TERRITORIAL,2380.431490852129,moderada,131,69,8353598086
2025,05034,Andes,Antioquia,TERRITORIAL,2349.0805785760176,moderada,406,193,27823083464
2025,52788,Tangua,Nariño,TERRITORIAL,2343.9322396640096,moderada,814,287,23641113002
2025,25200,Cogua,Cundinamarca,OTRO,2325.2294247139002,moderada,7,7,126461467
2025,25740,Sibaté,Cundinamarca,NACIONAL,2320.4851767232913,moderada,46,46,16727877812
2025,05690,Santo Domingo,Antioquia,TERRITORIAL,2302.1703324598893,moderada,320,178,18881806898
2025,76403,La Victoria,Valle del Cauca,TERRITORIAL,2294.58995729631,moderada,145,85,4337307616
2025,15223,Cubará,Boyacá,TERRITORIAL,2294.276768667406,moderada,16,13,2253286397
2025,15507,Otanche,Boyacá,TERRITORIAL,2284.3622612270674,moderada,6,6,39658400
2025,05686,Santa Rosa de Osos,Antioquia,TERRITORIAL,2277.4677571139,moderada,424,272,65295473673
2025,41799,Tello,Huila,TERRITORIAL,2273.6478178559037,moderada,62,55,5663767064
2025,25214,Cota,Cundinamarca,TERRITORIAL,2259.6078798641506,moderada,1630,1507,329419655204
2025,05034,Andes,Antioquia,OTRO,2248.331055224373,moderada,10,9,141281640
2025,85250,Paz de Ariporo,Casanare,NACIONAL,2242.918314725183,moderada,8,7,106593687
2025,05390,La Pintada,Antioquia,TERRITORIAL,2191.021890737221,moderada,145,82,25881889786
2025,66687,Santuario,Risaralda,TERRITORIAL,2174.0569068175773,moderada,26,20,372247470
2025,54206,Convención,Norte de Santander,TERRITORIAL,2166.5609898846487,moderada,261,149,14585501531
2025,05240,Ebéjico,Antioquia,TERRITORIAL,2153.6980126535595,moderada,179,115,16670837838
2025,13430,Magangué,Bolívar,OTRO,2151.861718151541,moderada,128,74,88130689307
2025,08433,Malambo,Atlántico,NACIONAL,2141.399929205883,moderada,26,22,1260337648
2025,76606,Restrepo,Valle del Cauca,TERRITORIAL,2137.938946966297,moderada,236,151,10750167899
2025,47245,El Banco,Magdalena,NACIONAL,2109.4294358377265,moderada,9,6,41018325
2025,94001,Inírida,Guainía,TERRITORIAL,2096.7972756421345,moderada,2587,1552,687980238385
2025,47001,Santa Marta,Magdalena,TERRITORIAL,2096.5001688322295,moderada,17606,6614,2273807347116
2025,05197,Cocorná,Antioquia,TERRITORIAL,2088.100475921965,moderada,7,5,47728995
2025,50573,Puerto López,Meta,OTRO,2081.01122802062,moderada,6,6,59500000
2025,25438,Medina,Cundinamarca,TERRITORIAL,2077.9759164978263,moderada,236,135,11104135481
2025,23189,Ciénaga de Oro,Córdoba,TERRITORIAL,2072.2409415566885,moderada,498,336,49191125937
2025,05380,La Estrella,Antioquia,TERRITORIAL,2053.6933755887217,moderada,1936,894,185784107553
2025,08433,Malambo,Atlántico,TERRITORIAL,2048.0587384367623,moderada,1110,338,59355903953
2025,13001,Cartagena,Bolívar,OTRO,2035.4666865422757,moderada,181,171,97945089848
2025,05649,San Carlos,Antioquia,TERRITORIAL,2032.3054364015177,moderada,495,279,86039386440
2025,15599,Ramiriquí,Boyacá,TERRITORIAL,2030.4102848520179,moderada,243,161,32103000442
2025,50313,Granada,Meta,NACIONAL,2026.3564927027942,moderada,9,8,119537763
2025,05440,Marinilla,Antioquia,NACIONAL,2022.006387478115,moderada,609,368,85063235283
2025,18247,El Doncello,Caquetá,TERRITORIAL,2011.0123984485222,moderada,62,47,2397974741
2025,76400,La Unión,Valle del Cauca,OTRO,2010.046294205385,moderada,18,15,1092327787
2025,44560,Manaure,La Guajira,TERRITORIAL,1998.6595801530038,moderada,358,237,367798677811
2025,23574,Puerto Escondido,Córdoba,TERRITORIAL,1996.7603269536505,moderada,309,158,48439445855
2025,08372,Juan de Acosta,Atlántico,TERRITORIAL,1993.9220081892254,moderada,419,183,16948687330
2025,20710,San Alberto,Cesar,TERRITORIAL,1987.9547899448835,moderada,281,175,23500949775
2025,23686,San Pelayo,Córdoba,TERRITORIAL,1967.9401837085193,moderada,211,142,45400159727
2025,05854,Valdivia,Antioquia,TERRITORIAL,1967.4976729774392,moderada,282,171,26139663280
2025,27425,Medio Atrato,Chocó,TERRITORIAL,1967.4199397746545,moderada,186,100,23971945789
2025,25095,Bituima,Cundinamarca,TERRITORIAL,1965.9808207903463,moderada,156,89,6288040805
2025,17513,Pácora,Caldas,NACIONAL,1961.8147180703413,moderada,7,6,37907533
2025,52427,Magüi,Nariño,TERRITORIAL,1955.2008392764617,moderada,522,266,41205371995
2025,18756,Solano,Caquetá,TERRITORIAL,1949.1559574794928,moderada,277,174,22028548976
2025,73152,Casabianca,Tolima,TERRITORIAL,1945.4438996872777,moderada,246,119,15203516402
2025,41132,Campoalegre,Huila,TERRITORIAL,1944.4623060142103,moderada,273,157,13583331630
2025,73275,Flandes,Tolima,TERRITORIAL,1941.6118006847025,moderada,390,268,32572528724
2025,19455,Miranda,Cauca,TERRITORIAL,1940.62525779402,moderada,8,6,275536684
2025,97001,Mitú,Vaupés,NACIONAL,1928.3972682138076,moderada,158,104,18301874397
2025,41349,Hobo,Huila,TERRITORIAL,1919.542238795123,moderada,358,193,25848450203
2025,68147,Capitanejo,Santander,TERRITORIAL,1902.4083955368847,moderada,201,104,8309029004
2025,15322,Guateque,Boyacá,NACIONAL,1901.2065408750445,moderada,6,6,38556000
2025,70678,San Benito Abad,Sucre,TERRITORIAL,1880.6010207168092,moderada,211,156,29630458514
2025,05361,Ituango,Antioquia,TERRITORIAL,1879.4383190149608,moderada,470,224,31754926678
2025,54874,Villa del Rosario,Norte de Santander,TERRITORIAL,1860.8127663840617,moderada,949,535,59425452748
2025,68406,Lebríja,Santander,OTRO,1855.3358291173386,moderada,10,7,274513857
2025,25817,Tocancipá,Cundinamarca,TERRITORIAL,1847.607867720711,moderada,979,886,273707071595
2025,52687,San Lorenzo,Nariño,TERRITORIAL,1837.9775846960342,moderada,494,241,23469710787
2025,25718,Sasaima,Cundinamarca,TERRITORIAL,1819.1678718969424,moderada,165,150,12388934996
2025,47980,Zona Bananera,Magdalena,TERRITORIAL,1809.9045680160675,moderada,1029,519,36702010338
2025,05107,Briceño,Antioquia,TERRITORIAL,1797.7983594633888,moderada,266,174,48930132457
2025,44855,Urumita,La Guajira,TERRITORIAL,1769.476885799477,moderada,230,144,20238612917
2025,52381,La Florida,Nariño,TERRITORIAL,1769.1914415945153,moderada,552,283,17681050269
2025,47258,El Piñon,Magdalena,TERRITORIAL,1768.9979055004496,moderada,201,119,14998911565
2025,25320,Guaduas,Cundinamarca,NACIONAL,1765.171279979303,moderada,27,16,2361182292
2025,05697,El Santuario,Antioquia,TERRITORIAL,1761.3939733299126,moderada,436,294,39709451578
2025,05790,Tarazá,Antioquia,TERRITORIAL,1758.0819258579513,moderada,257,168,20527333873
2025,41357,Iquira,Huila,NACIONAL,1741.2765953223357,moderada,29,25,2439079298
2025,50568,Puerto Gaitán,Meta,TERRITORIAL,1733.5785103280195,moderada,1768,852,355411719244
2025,47675,Salamina,Magdalena,TERRITORIAL,1723.0445416590167,moderada,145,71,11298606673
2025,05237,Don Matías,Antioquia,TERRITORIAL,1719.8140274708887,moderada,404,241,45483907167
2025,15051,Arcabuco,Boyacá,TERRITORIAL,1714.5509517817836,moderada,15,12,110028117
2025,05467,Montebello,Antioquia,TERRITORIAL,1713.5505926755927,moderada,259,122,8461105501
2025,25839,Ubalá,Cundinamarca,TERRITORIAL,1713.4027379763193,moderada,351,197,30483181358
2025,73024,Alpujarra,Tolima,NACIONAL,1712.616268383465,moderada,11,10,68670563
2025,05647,San Andrés de Cuerquía,Antioquia,TERRITORIAL,1693.65827710908,moderada,114,91,4821099189
2025,15322,Guateque,Boyacá,TERRITORIAL,1690.3792134233406,moderada,302,166,25241046679
2025,19573,Puerto Tejada,Cauca,NACIONAL,1682.495067644132,moderada,16,12,103677155
2025,47001,Santa Marta,Magdalena,OTRO,1678.1482662062517,moderada,662,393,65938752060
2025,54261,El Zulia,Norte de Santander,TERRITORIAL,1678.0440470236172,moderada,417,192,21166829757
2025,05321,Guatapé,Antioquia,NACIONAL,1677.3184806426527,moderada,50,34,2150848938
2025,15897,Zetaquira,Boyacá,NACIONAL,1670.05757157791,moderada,13,11,98111313
2025,94001,Inírida,Guainía,OTRO,1669.2652946717417,moderada,332,214,18914507020
2025,47703,San Zenón,Magdalena,TERRITORIAL,1661.5922443011848,moderada,118,92,10272438707
2025,05120,Cáceres,Antioquia,TERRITORIAL,1656.7866731253764,moderada,361,202,40605272020
2025,15114,Busbanzá,Boyacá,TERRITORIAL,1637.2374380695228,moderada,11,9,76290759
2025,20295,Gamarra,Cesar,TERRITORIAL,1634.080034072986,moderada,106,83,14168443884
2025,18860,Valparaíso,Caquetá,TERRITORIAL,1631.1059378973134,moderada,195,138,25031008627
2025,13062,Arroyohondo,Bolívar,TERRITORIAL,1623.8473793446733,moderada,593,303,25636699725
2025,05679,Santa Bárbara,Antioquia,TERRITORIAL,1619.8519745933643,moderada,49,25,1228842237
2025,76400,La Unión,Valle del Cauca,TERRITORIAL,1614.4912371937542,moderada,392,240,21837690397
2025,18610,San José del Fragua,Caquetá,TERRITORIAL,1603.3354668592544,moderada,180,123,37200231651
2025,05318,Guarne,Antioquia,TERRITORIAL,1597.4937520952344,moderada,1090,768,88865768807
2025,05212,Copacabana,Antioquia,TERRITORIAL,1595.8170485775397,moderada,880,500,118738864930
2025,52720,Sapuyes,Nariño,TERRITORIAL,1592.8456999290445,moderada,502,230,15761387543
2025,73585,Purificación,Tolima,TERRITORIAL,1589.1737274312982,moderada,85,65,2208399714
2025,41298,Garzón,Huila,TERRITORIAL,1586.9164046610233,moderada,669,381,49683341988
2025,13873,Villanueva,Bolívar,TERRITORIAL,1578.3331044722752,moderada,24,12,255088020
2025,86749,Sibundoy,Putumayo,TERRITORIAL,1567.8358696253895,moderada,499,199,21433474465
2025,13780,Talaigua Nuevo,Bolívar,TERRITORIAL,1561.0700139683072,moderada,18,10,72330000
2025,19142,Caloto,Cauca,TERRITORIAL,1558.1116008287509,moderada,228,168,38737697892
2025,52356,Ipiales,Nariño,NO_DEFINIDO,1557.9249362425942,moderada,27,24,401246739
2025,47660,Sabanas de San Angel,Magdalena,TERRITORIAL,1555.3381090072749,moderada,316,214,22602777764
2025,23500,Moñitos,Córdoba,TERRITORIAL,1553.6513979650344,moderada,383,220,42633997388
2025,05885,Yalí,Antioquia,TERRITORIAL,1551.1328630398266,moderada,147,97,6705313496
2025,27150,Carmen del Darien,Chocó,NACIONAL,1545.6850712726737,moderada,15,15,6280146859
2025,27600,Río Quito,Chocó,TERRITORIAL,1539.5911290834104,moderada,10,10,559424259
2025,70820,Santiago de Tolú,Sucre,TERRITORIAL,1533.5625381384543,moderada,252,136,83190077447
2025,54673,San Cayetano,Norte de Santander,TERRITORIAL,1529.1733411478124,moderada,401,218,25010668544
2025,85250,Paz de Ariporo,Casanare,TERRITORIAL,1528.5386321942312,moderada,521,289,64237255299
2025,05264,Entrerrios,Antioquia,TERRITORIAL,1520.0391574590424,moderada,181,148,29722544574
2025,05501,Olaya,Antioquia,TERRITORIAL,1514.3323833501186,moderada,36,34,1799209014
2025,25200,Cogua,Cundinamarca,TERRITORIAL,1513.400881223275,moderada,396,351,54755205819
2025,41797,Tesalia,Huila,TERRITORIAL,1509.8121042723767,moderada,264,146,6910108149
2025,66170,Dosquebradas,Risaralda,NACIONAL,1509.759321147128,moderada,16,15,278687091
2025,20250,El Paso,Cesar,TERRITORIAL,1499.700208468865,baja,150,103,34274319156
2025,68162,Cerrito,Santander,TERRITORIAL,1495.6402636667672,baja,194,123,9193195477
2025,05679,Santa Bárbara,Antioquia,NACIONAL,1486.5295556886913,baja,209,137,24934174383
2025,52227,Cumbal,Nariño,TERRITORIAL,1477.9226241729787,baja,674,298,65722165980
2025,13657,San Juan Nepomuceno,Bolívar,TERRITORIAL,1476.7531739511305,baja,563,240,24497151076
2025,70215,Corozal,Sucre,NACIONAL,1471.1858163087343,baja,47,42,5155043403
2025,15759,Sogamoso,Boyacá,TERRITORIAL,1469.3260914491636,baja,1352,944,294426896330
2025,44001,Riohacha,La Guajira,OTRO,1467.8820549513212,baja,143,122,17567158286
2025,20550,Pelaya,Cesar,TERRITORIAL,1465.174396689696,baja,215,114,13584784307
2025,27050,Atrato,Chocó,TERRITORIAL,1458.670024110127,baja,170,83,14719164757
2025,05086,Belmira,Antioquia,TERRITORIAL,1456.3904464718903,baja,305,174,18397292166
2025,05001,Medellín,Antioquia,OTRO,1447.353101109493,baja,312,279,157276802034
2025,68160,Cepitá,Santander,TERRITORIAL,1447.3246717781494,baja,132,84,7606460890
2025,25430,Madrid,Cundinamarca,NACIONAL,1446.9448857005927,baja,81,72,16716466696
2025,05591,Puerto Triunfo,Antioquia,NACIONAL,1444.2360388613756,baja,10,10,797418478
2025,08606,Repelón,Atlántico,TERRITORIAL,1440.7718956231245,baja,293,174,20070357149
2025,05266,Envigado,Antioquia,NACIONAL,1419.2701647027416,baja,2181,1800,679845799593
2025,44279,Fonseca,La Guajira,TERRITORIAL,1415.2481994480452,baja,419,232,65306133490
2025,54250,El Tarra,Norte de Santander,TERRITORIAL,1414.6199561379565,baja,413,211,26924864074
2025,15135,Campohermoso,Boyacá,TERRITORIAL,1411.6191723193558,baja,197,124,15846057964
2025,50400,Lejanías,Meta,TERRITORIAL,1409.101392782184,baja,259,157,27391711406
2025,63272,Filandia,Quindío,TERRITORIAL,1409.0105728939197,baja,559,240,23647659968
2025,73148,Carmen de Apicalá,Tolima,TERRITORIAL,1401.5466812419766,baja,357,222,19430381610
2025,52250,El Charco,Nariño,TERRITORIAL,1398.7129394855128,baja,849,489,42014269565
2025,23660,Sahagún,Córdoba,TERRITORIAL,1394.081652024219,baja,350,272,74742406245
2025,27580,Río Iro,Chocó,TERRITORIAL,1390.130109603786,baja,13,8,383069776
2025,05353,Hispania,Antioquia,TERRITORIAL,1378.7774649742646,baja,156,88,10529433833
2025,13683,Santa Rosa,Bolívar,TERRITORIAL,1376.5597899593618,baja,315,215,35427535492
2025,68092,Betulia,Santander,TERRITORIAL,1376.4291338329976,baja,227,177,44368357299
2025,15572,Puerto Boyacá,Boyacá,TERRITORIAL,1375.3206521007346,baja,824,421,174020830242
2025,44874,Villanueva,La Guajira,TERRITORIAL,1372.3943228261937,baja,315,170,20029194755
2025,19809,Timbiquí,Cauca,TERRITORIAL,1372.1236262068467,baja,29,18,5372295097
2025,47707,Santa Ana,Magdalena,TERRITORIAL,1369.3497605468983,baja,332,187,23938073728
2025,19142,Caloto,Cauca,NACIONAL,1367.6173098818763,baja,21,19,2855308021
2025,15646,Samacá,Boyacá,TERRITORIAL,1362.6309866786478,baja,533,327,40688113118
2025,86571,Puerto Guzmán,Putumayo,TERRITORIAL,1357.122209580457,baja,483,263,41807135167
2025,05313,Granada,Antioquia,TERRITORIAL,1355.0727253279028,baja,257,144,23848245868
2025,54680,Santiago,Norte de Santander,TERRITORIAL,1353.4023748392156,baja,327,170,13652355381
2025,68327,Güepsa,Santander,TERRITORIAL,1350.751106331385,baja,134,83,9310866485
2025,05659,San Juan de Urabá,Antioquia,TERRITORIAL,1346.8764148635607,baja,268,171,50567433335
2025,76377,La Cumbre,Valle del Cauca,TERRITORIAL,1339.757370292001,baja,77,31,1643091266
2025,86760,Santiago,Putumayo,TERRITORIAL,1339.350229540164,baja,428,185,12763808103
2025,05628,Sabanalarga,Antioquia,TERRITORIAL,1338.5614548885007,baja,319,160,29409205295
2025,20400,La Jagua de Ibirico,Cesar,NACIONAL,1338.489153013914,baja,244,202,12709834067
2025,18150,Cartagena del Chairá,Caquetá,TERRITORIAL,1336.9831200902674,baja,335,210,28661359977
2025,76001,Cali,Valle del Cauca,OTRO,1334.684758299749,baja,172,124,5478292046
2025,47745,Sitionuevo,Magdalena,TERRITORIAL,1334.1440890696047,baja,27,16,424002629
2025,76318,Guacarí,Valle del Cauca,OTRO,1325.1170638897654,baja,19,14,172657309
2025,73555,Planadas,Tolima,TERRITORIAL,1321.5838387132515,baja,408,250,27969168813
2025,25758,Sopó,Cundinamarca,TERRITORIAL,1317.6406480940486,baja,553,514,49612762818
2025,15106,Briceño,Boyacá,TERRITORIAL,1309.3152525759565,baja,157,93,6952126610
2025,19130,Cajibío,Cauca,TERRITORIAL,1308.7144938816095,baja,349,228,25282461359
2025,25483,Nariño,Cundinamarca,TERRITORIAL,1307.3552555238568,baja,223,117,5940749915
2025,52885,Yacuanquer,Nariño,TERRITORIAL,1303.3597420932458,baja,377,203,36380850260
2025,76736,Sevilla,Valle del Cauca,NACIONAL,1295.8820811722844,baja,17,14,123997058
2025,05360,Itagui,Antioquia,OTRO,1293.6045259233567,baja,214,189,535446486025
2025,70221,Coveñas,Sucre,NACIONAL,1291.6304404568289,baja,71,66,12723321426
2025,27810,Unión Panamericana,Chocó,TERRITORIAL,1291.3642707660242,baja,129,77,9041716657
2025,15368,Jericó,Boyacá,TERRITORIAL,1283.325684353996,baja,155,93,8973232598
2025,23068,Ayapel,Córdoba,TERRITORIAL,1272.903043481127,baja,183,111,35884435986
2025,95025,El Retorno,Guaviare,TERRITORIAL,1266.1931824945066,baja,449,236,12546153720
2025,41872,Villavieja,Huila,TERRITORIAL,1265.5284502834033,baja,177,79,5748844004
2025,05021,Alejandría,Antioquia,TERRITORIAL,1262.4223399440186,baja,220,130,20028152613
2025,15185,Chitaraque,Boyacá,TERRITORIAL,1252.5129447986726,baja,220,126,9874634310
2025,17013,Aguadas,Caldas,TERRITORIAL,1252.4634759972296,baja,19,17,151271545
2025,25154,Carmen de Carupa,Cundinamarca,TERRITORIAL,1250.8425363317526,baja,32,27,1072655863
2025,25653,San Cayetano,Cundinamarca,TERRITORIAL,1247.0854733652382,baja,130,86,7737141895
2025,68255,El Playón,Santander,TERRITORIAL,1245.5638477313569,baja,523,316,24903444200
2025,52256,El Rosario,Nariño,TERRITORIAL,1241.5368486189036,baja,328,202,14850926429
2025,05670,San Roque,Antioquia,TERRITORIAL,1235.6708568397453,baja,52,44,2282583770
2025,05042,Santafé de Antioquia,Antioquia,TERRITORIAL,1228.508304204152,baja,227,127,50335279090
2025,05079,Barbosa,Antioquia,TERRITORIAL,1228.034144782623,baja,1119,427,81983303289
2025,76622,Roldanillo,Valle del Cauca,TERRITORIAL,1224.076888975704,baja,158,68,3542830284
2025,81300,Fortul,Arauca,TERRITORIAL,1216.2967974507947,baja,342,179,43645136463
2025,05656,San Jerónimo,Antioquia,TERRITORIAL,1215.594033838939,baja,378,189,32990737582
2025,47460,Nueva Granada,Magdalena,TERRITORIAL,1212.947746257747,baja,248,126,18869155742
2025,25785,Tabio,Cundinamarca,TERRITORIAL,1211.5529492217233,baja,464,297,25856262013
2025,50245,El Calvario,Meta,TERRITORIAL,1205.2949484371027,baja,91,59,3361451379
2025,19110,Buenos Aires,Cauca,OTRO,1199.9517511835677,baja,458,291,20804459541
2025,15804,Tibaná,Boyacá,TERRITORIAL,1198.784666299662,baja,176,108,6798453037
2025,19364,Jambaló,Cauca,TERRITORIAL,1195.665846505734,baja,129,87,12866779747
2025,05045,Apartadó,Antioquia,OTRO,1189.5715311132212,baja,38,29,1688611603
2025,19450,Mercaderes,Cauca,TERRITORIAL,1188.9281916741902,baja,224,136,8295588786
2025,63111,Buenavista,Quindío,TERRITORIAL,1187.0742769487076,baja,204,111,7467239731
2025,41078,Baraya,Huila,TERRITORIAL,1184.0814359714734,baja,192,127,9546603221
2025,15299,Garagoa,Boyacá,OTRO,1184.022385501445,baja,24,20,596867716
2025,15380,La Capilla,Boyacá,TERRITORIAL,1181.537158159282,baja,16,13,79379928
2025,68266,Enciso,Santander,TERRITORIAL,1180.5954295966499,baja,158,100,6664915264
2025,50150,Castilla la Nueva,Meta,TERRITORIAL,1179.8445713269869,baja,743,454,45103707589
2025,41016,Aipe,Huila,TERRITORIAL,1179.7745698793383,baja,655,414,21825903223
2025,68575,Puerto Wilches,Santander,TERRITORIAL,1173.3721242666365,baja,460,216,44859243804
2025,23855,Valencia,Córdoba,TERRITORIAL,1171.879799915616,baja,408,254,34578137506
2025,68245,El Guacamayo,Santander,TERRITORIAL,1171.7571114481289,baja,278,138,8672618779
2025,63212,Córdoba,Quindío,TERRITORIAL,1171.4435269829191,baja,302,158,10270159656
2025,05360,Itagui,Antioquia,TERRITORIAL,1169.1716887206912,baja,479,324,510467582222
2025,47692,San Sebastián de Buenavista,Magdalena,TERRITORIAL,1165.4403370327127,baja,245,148,33140641579
2025,05030,Amagá,Antioquia,TERRITORIAL,1164.2299687005277,baja,391,234,28773264576
2025,86219,Colón,Putumayo,TERRITORIAL,1162.3362141357863,baja,203,123,7095775398
2025,97161,Caruru,Vaupés,TERRITORIAL,1159.5639596559095,baja,205,113,12570802079
2025,05380,La Estrella,Antioquia,NACIONAL,1155.9505119159153,baja,32,27,2418622833
2025,76364,Jamundí,Valle del Cauca,TERRITORIAL,1153.5849862505593,baja,2067,1176,96818004273
2025,23350,La Apartada,Córdoba,TERRITORIAL,1151.166451273995,baja,158,97,13054277517
2025,52694,San Pedro de Cartago,Nariño,TERRITORIAL,1147.2223492094436,baja,338,145,8073565446
2025,13490,Norosí,Bolívar,TERRITORIAL,1145.8034975480973,baja,49,31,1701898972
2025,25843,Villa de San Diego de Ubate,Cundinamarca,NACIONAL,1143.6391856882456,baja,27,17,369921770
2025,54377,Labateca,Norte de Santander,TERRITORIAL,1143.061946229342,baja,202,124,8564614990
2025,25530,Paratebueno,Cundinamarca,TERRITORIAL,1135.9788277174366,baja,302,170,14538753074
2025,13688,Santa Rosa del Sur,Bolívar,TERRITORIAL,1129.5154550284703,baja,252,183,54140169071
2025,63470,Montenegro,Quindío,TERRITORIAL,1127.1519910354089,baja,775,402,24931375348
2025,05576,Pueblorrico,Antioquia,TERRITORIAL,1126.1227086549222,baja,204,134,10097541230
2025,05425,Maceo,Antioquia,TERRITORIAL,1124.4957492540027,baja,239,132,28898751873
2025,70110,Buenavista,Sucre,TERRITORIAL,1122.273035720612,baja,306,166,25780894657
2025,20060,Bosconia,Cesar,TERRITORIAL,1121.9553278406202,baja,89,75,3033059513
2025,47288,Fundación,Magdalena,TERRITORIAL,1121.5907185459723,baja,3324,724,65609430529
2025,70204,Coloso,Sucre,TERRITORIAL,1121.4535926784365,baja,446,297,40582804353
2025,05736,Segovia,Antioquia,TERRITORIAL,1118.1010828152664,baja,374,196,15359925723
2025,73168,Chaparral,Tolima,NACIONAL,1113.5203503971704,baja,22,16,258932407
2025,15466,Monguí,Boyacá,TERRITORIAL,1113.3668246479308,baja,78,60,5410682717
2025,15832,Tununguá,Boyacá,TERRITORIAL,1109.047652118916,baja,140,91,7225270112
2025,27075,Bahía Solano,Chocó,TERRITORIAL,1099.1863376999843,baja,59,54,5288813815
2025,76109,Buenaventura,Valle del Cauca,OTRO,1095.6192160245346,baja,52,11,18910010000
2025,99624,Santa Rosalía,Vichada,TERRITORIAL,1091.36352514408,baja,383,224,12261043651
2025,52079,Barbacoas,Nariño,TERRITORIAL,1091.1290833674525,baja,1127,502,67877212853
2025,25430,Madrid,Cundinamarca,TERRITORIAL,1083.6766635045474,baja,1221,939,134685139349
2025,52693,San Pablo,Nariño,TERRITORIAL,1081.1526920679041,baja,622,223,13235288594
2025,05172,Chigorodó,Antioquia,TERRITORIAL,1077.2247176747303,baja,286,220,44185047510
2025,85263,Pore,Casanare,TERRITORIAL,1072.1439221698486,baja,354,198,29897669923
2025,20310,González,Cesar,TERRITORIAL,1071.6345438748049,baja,132,84,5590492460
2025,85440,Villanueva,Casanare,TERRITORIAL,1070.9729496597797,baja,533,349,66979844253
2025,76828,Trujillo,Valle del Cauca,TERRITORIAL,1070.9706571271463,baja,228,135,12268969604
2025,25885,Yacopí,Cundinamarca,TERRITORIAL,1070.6814510435886,baja,316,225,34687255637
2025,41524,Palermo,Huila,TERRITORIAL,1065.5831500538045,baja,704,401,36725422514
2025,15377,Labranzagrande,Boyacá,TERRITORIAL,1063.3055323522372,baja,130,96,1511598006
2025,27745,Sipí,Chocó,TERRITORIAL,1062.7544477807828,baja,10,10,450242881
2025,25862,Vergara,Cundinamarca,TERRITORIAL,1058.7815697261135,baja,114,72,8016957848
2025,25269,Facatativá,Cundinamarca,TERRITORIAL,1058.0445187825908,baja,1202,870,198469965486
2025,73504,Ortega,Tolima,TERRITORIAL,1057.161965893262,baja,462,243,34704871914
2025,52838,Túquerres,Nariño,TERRITORIAL,1056.458910460558,baja,679,309,38209700578
2025,05842,Uramita,Antioquia,TERRITORIAL,1054.6711201676624,baja,225,125,8497099849
2025,20570,Pueblo Bello,Cesar,TERRITORIAL,1054.5611184442723,baja,233,206,23240789203
2025,52585,Pupiales,Nariño,TERRITORIAL,1053.4498619414064,baja,259,153,8307508429
2025,05282,Fredonia,Antioquia,TERRITORIAL,1050.078819577944,baja,289,185,18742747714
2025,85001,Yopal,Casanare,NACIONAL,1049.1113726440358,baja,1618,1227,105359631525
2025,05088,Bello,Antioquia,NACIONAL,1048.8004574433583,baja,78,61,7983923825
2025,17380,La Dorada,Caldas,TERRITORIAL,1046.4165031244793,baja,1252,649,71266704301
2025,41503,Oporapa,Huila,TERRITORIAL,1043.2971469825388,baja,330,155,11092251305
2025,73443,Mariquita,Tolima,NACIONAL,1042.634266165431,baja,20,19,1305017360
2025,20517,Pailitas,Cesar,TERRITORIAL,1040.6779350973122,baja,194,139,14896115021
2025,52786,Taminango,Nariño,TERRITORIAL,1039.9892555391014,baja,1474,531,34677589937
2025,76622,Roldanillo,Valle del Cauca,NACIONAL,1037.8538094607277,baja,411,229,35551132660
2025,20750,San Diego,Cesar,TERRITORIAL,1034.1804250091864,baja,298,185,14440946814
2025,05150,Carolina,Antioquia,TERRITORIAL,1028.2842892242977,baja,286,179,12810966295
2025,68324,Guavatá,Santander,TERRITORIAL,1019.3501361220231,baja,163,95,11191193537
2025,23580,Puerto Libertador,Córdoba,TERRITORIAL,1017.3846225443532,baja,101,73,30118431348
2025,15293,Gachantivá,Boyacá,TERRITORIAL,1014.1934628739978,baja,136,81,6173781640
2025,05002,Abejorral,Antioquia,TERRITORIAL,1011.4880451385621,baja,420,247,19959490526
2025,05607,Retiro,Antioquia,TERRITORIAL,1011.3620394868544,baja,943,571,203551348641
2025,05091,Betania,Antioquia,TERRITORIAL,1010.5982505305221,baja,207,134,13061287774
2025,68190,Cimitarra,Santander,NACIONAL,1010.2729637006471,baja,224,161,10224290371
2025,73168,Chaparral,Tolima,TERRITORIAL,1005.9250363471674,baja,537,325,53998230428
2025,25339,Gutiérrez,Cundinamarca,TERRITORIAL,1004.3278550698024,baja,214,125,14197543171
2025,08849,Usiacurí,Atlántico,TERRITORIAL,997.83379708322,baja,238,127,10811238461
2025,73449,Melgar,Tolima,NACIONAL,996.1436892075169,baja,109,100,18115729541
2025,05284,Frontino,Antioquia,TERRITORIAL,994.828349156796,baja,291,186,31645515523
2025,20621,La Paz,Cesar,TERRITORIAL,993.3127973252326,baja,1169,546,41817949097
2025,05887,Yarumal,Antioquia,TERRITORIAL,992.4594335083715,baja,603,369,119692972070
2025,70713,San Onofre,Sucre,TERRITORIAL,990.2665170874828,baja,328,183,28203183245
2025,70265,Guaranda,Sucre,TERRITORIAL,989.52833526511,baja,184,118,14637711036
2025,41020,Algeciras,Huila,TERRITORIAL,986.7295173524185,baja,391,252,18537983475
2025,15299,Garagoa,Boyacá,TERRITORIAL,986.7151080833562,baja,281,164,30363104712
2025,20310,González,Cesar,OTRO,986.3288178364554,baja,192,110,3205333756
2025,13052,Arjona,Bolívar,TERRITORIAL,983.5190996901649,baja,543,277,22811352448
2025,25658,San Francisco,Cundinamarca,NACIONAL,981.0202656767378,baja,19,13,253326273
2025,17541,Pensilvania,Caldas,NACIONAL,977.0858720969007,baja,16,15,130811451
2025,05142,Caracolí,Antioquia,TERRITORIAL,976.387037030786,baja,196,125,7707785703
2025,68013,Aguada,Santander,TERRITORIAL,975.303354480442,baja,325,172,9665307468
2025,25386,La Mesa,Cundinamarca,TERRITORIAL,971.9849908016138,baja,445,294,24949659629
2025,05364,Jardín,Antioquia,TERRITORIAL,968.531714727549,baja,257,184,19671193730
2025,73678,San Luis,Tolima,NACIONAL,966.3018757840252,baja,40,36,4126249771
2025,86757,San Miguel,Putumayo,TERRITORIAL,963.9774215014625,baja,516,219,34492718868
2025,52399,La Unión,Nariño,TERRITORIAL,963.175326014761,baja,534,208,23875704500
2025,05088,Bello,Antioquia,TERRITORIAL,962.0913718866342,baja,3008,2039,352840471131
2025,41801,Teruel,Huila,TERRITORIAL,961.8719536399865,baja,218,133,7623025615
2025,20013,Agustín Codazzi,Cesar,TERRITORIAL,957.6374498643738,baja,519,320,65868800777
2025,20238,El Copey,Cesar,TERRITORIAL,955.2686756790398,baja,649,268,22665526656
2025,05250,El Bagre,Antioquia,TERRITORIAL,952.7744108332025,baja,394,235,67293543871
2025,15790,Tasco,Boyacá,TERRITORIAL,951.0100984686648,baja,170,105,9408401567
2025,15761,Somondoco,Boyacá,TERRITORIAL,949.254138254293,baja,147,86,8203129580
2025,15798,Tenza,Boyacá,TERRITORIAL,948.6376007488215,baja,132,73,6599191753
2025,27787,Tadó,Chocó,TERRITORIAL,948.4015886039598,baja,140,108,10344770255
2025,66001,Pereira,Risaralda,TERRITORIAL,943.8953980744743,baja,12696,7300,2109502060801
2025,15276,Floresta,Boyacá,TERRITORIAL,936.481437430441,baja,139,93,8423112448
2025,20787,Tamalameque,Cesar,TERRITORIAL,935.9929248006498,baja,264,170,35628986066
2025,54480,Mutiscua,Norte de Santander,TERRITORIAL,932.5836220884953,baja,191,116,7338591511
2025,05660,San Luis,Antioquia,TERRITORIAL,927.5131708155567,baja,298,166,17298208529
2025,52001,Pasto,Nariño,OTRO,924.3823854827681,baja,453,407,56641072343
2025,73226,Cunday,Tolima,TERRITORIAL,921.5517477345393,baja,114,68,5219591275
2025,23417,Lorica,Córdoba,TERRITORIAL,920.9033458261289,baja,357,317,55083255840
2025,81794,Tame,Arauca,TERRITORIAL,919.0884615710199,baja,557,317,48449008933
2025,15087,Belén,Boyacá,TERRITORIAL,918.9120694925625,baja,159,102,10249270046
2025,08549,Piojó,Atlántico,TERRITORIAL,917.5581163155132,baja,34,28,338200000
2025,19622,Rosas,Cauca,TERRITORIAL,914.7154375289887,baja,262,129,6212240747
2025,05209,Concordia,Antioquia,TERRITORIAL,912.5658090142618,baja,195,123,12609942934
2025,05591,Puerto Triunfo,Antioquia,TERRITORIAL,911.8249234639078,baja,367,145,21998711502
2025,15189,Ciénega,Boyacá,TERRITORIAL,910.756663964625,baja,120,82,4873741051
2025,68682,San Joaquín,Santander,TERRITORIAL,909.2643696200194,baja,121,67,3424926588
2025,99001,Puerto Carreño,Vichada,NACIONAL,907.6065263978048,baja,478,372,50093628836
2025,13458,Montecristo,Bolívar,TERRITORIAL,907.3210388623348,baja,415,219,25960118101
2025,52215,Córdoba,Nariño,TERRITORIAL,906.4569386977815,baja,644,235,14824748491
2025,68190,Cimitarra,Santander,TERRITORIAL,905.8128184848287,baja,334,231,13564622833
2025,13673,Santa Catalina,Bolívar,TERRITORIAL,900.801906095399,baja,365,219,14926756700
2025,08560,Ponedera,Atlántico,TERRITORIAL,898.8011321940792,baja,137,130,6161901898
2025,47960,Zapayán,Magdalena,TERRITORIAL,898.3231475385481,baja,361,154,15962658652
2025,05266,Envigado,Antioquia,TERRITORIAL,896.1830383547566,baja,1899,1578,290539409855
2025,50689,San Martín,Meta,TERRITORIAL,894.8225753496757,baja,256,187,23699926816
2025,81220,Cravo Norte,Arauca,TERRITORIAL,889.3107831896092,baja,321,101,13924444905
2025,05147,Carepa,Antioquia,NACIONAL,888.9669941040551,baja,42,35,1990001967
2025,05847,Urrao,Antioquia,TERRITORIAL,887.895196578079,baja,524,275,27367931990
2025,25326,Guatavita,Cundinamarca,TERRITORIAL,885.1811219343314,baja,247,190,13801892369
2025,70717,San Pedro,Sucre,TERRITORIAL,884.8801153207298,baja,199,121,16204104013
2025,15325,Guayatá,Boyacá,TERRITORIAL,882.5457041552468,baja,112,74,3906564177
2025,13650,San Fernando,Bolívar,TERRITORIAL,877.812283380626,baja,101,48,3687126503
2025,44650,San Juan del Cesar,La Guajira,NACIONAL,877.1213613556267,baja,290,129,15385059460
2025,41885,Yaguará,Huila,TERRITORIAL,872.330537392633,baja,423,226,18232757726
2025,68673,San Benito,Santander,TERRITORIAL,871.5782277789174,baja,109,82,8802572706
2025,15109,Buenavista,Boyacá,TERRITORIAL,868.7048015543513,baja,149,85,5124341568
2025,15047,Aquitania,Boyacá,TERRITORIAL,868.4962896264939,baja,170,128,12478255964
2025,41206,Colombia,Huila,TERRITORIAL,868.1803547673701,baja,152,113,8296981323
2025,05483,Nariño,Antioquia,TERRITORIAL,862.401876000524,baja,267,124,15912768008
2025,23672,San Antero,Córdoba,TERRITORIAL,862.2034511140878,baja,293,192,30867556360
2025,15822,Tota,Boyacá,TERRITORIAL,861.9371079929887,baja,183,121,8279284434
2025,73352,Icononzo,Tolima,NACIONAL,858.934658142498,baja,20,16,189472580
2025,15753,Soatá,Boyacá,TERRITORIAL,858.2504822859453,baja,185,114,6523087204
2025,13006,Achí,Bolívar,TERRITORIAL,857.6106543841025,baja,157,108,3821236486
2025,05873,Vigía del Fuerte,Antioquia,TERRITORIAL,856.2963519263469,baja,346,215,35093015481
2025,73678,San Luis,Tolima,TERRITORIAL,854.7495761321255,baja,221,142,7486931227
2025,05890,Yolombó,Antioquia,TERRITORIAL,854.3420205199699,baja,1011,546,100889030770
2025,73686,Santa Isabel,Tolima,TERRITORIAL,853.7785927227454,baja,245,137,5792849618
2025,76863,Versalles,Valle del Cauca,TERRITORIAL,852.2179623296236,baja,128,88,4080215328
2025,18785,Solita,Caquetá,TERRITORIAL,851.26917517088,baja,165,96,8150193605
2025,05051,Arboletes,Antioquia,TERRITORIAL,850.0730566587685,baja,446,186,24493155554
2025,41001,Neiva,Huila,OTRO,849.768354035546,baja,501,443,54131739215
2025,68101,Bolívar,Santander,TERRITORIAL,849.7045514446154,baja,156,105,11422401875
2025,73319,Guamo,Tolima,TERRITORIAL,848.2973255289027,baja,420,253,23462087946
2025,54518,Pamplona,Norte de Santander,NACIONAL,847.6811572638788,baja,365,268,32618373250
2025,23168,Chimá,Córdoba,TERRITORIAL,844.7156920979984,baja,217,150,20555958822
2025,15686,Santana,Boyacá,TERRITORIAL,844.3560321979304,baja,191,95,5950161674
2025,15764,Soracá,Boyacá,TERRITORIAL,842.3324313689678,baja,169,127,8358125840
2025,85315,Sácama,Casanare,TERRITORIAL,838.3337667747294,baja,215,128,11031170294
2025,47053,Aracataca,Magdalena,TERRITORIAL,837.223345303635,baja,323,148,15428209898
2025,68755,Socorro,Santander,TERRITORIAL,836.2149634694945,baja,408,246,21896394860
2025,52317,Guachucal,Nariño,TERRITORIAL,836.2042568867824,baja,332,175,13147417748
2025,17388,La Merced,Caldas,TERRITORIAL,834.090221441361,baja,143,76,5463612767
2025,17513,Pácora,Caldas,TERRITORIAL,833.5288911095931,baja,167,132,9251429694
2025,15367,Jenesano,Boyacá,TERRITORIAL,833.0879935381761,baja,264,156,24787059718
2025,76670,San Pedro,Valle del Cauca,TERRITORIAL,832.519778571142,baja,318,174,12795522978
2025,23162,Cereté,Córdoba,TERRITORIAL,831.7842927201218,baja,321,230,61967928167
2025,15762,Sora,Boyacá,NACIONAL,829.4838053414097,baja,124,76,4199294431
2025,05321,Guatapé,Antioquia,TERRITORIAL,827.8103471448082,baja,696,328,94540674610
2025,05044,Anza,Antioquia,TERRITORIAL,826.7307005928636,baja,221,100,8768323233
2025,54599,Ragonvalia,Norte de Santander,TERRITORIAL,824.0737746357669,baja,159,109,5254417405
2025,44078,Barrancas,La Guajira,TERRITORIAL,817.8309881115545,baja,197,145,53569824630
2025,47798,Tenerife,Magdalena,TERRITORIAL,815.4593037755305,baja,51,37,2191500397
2025,05206,Concepción,Antioquia,TERRITORIAL,815.1721316377415,baja,301,171,14284762568
2025,05615,Rionegro,Antioquia,TERRITORIAL,813.8996979061128,baja,2508,1583,673627402541
2025,76834,Tuluá,Valle del Cauca,TERRITORIAL,812.644182675456,baja,1395,1099,230504331253
2025,15676,San Miguel de Sema,Boyacá,TERRITORIAL,812.3546043633385,baja,162,94,7030214550
2025,25183,Chocontá,Cundinamarca,TERRITORIAL,809.3293787397115,baja,46,40,948463978
2025,52258,El Tablón de Gómez,Nariño,TERRITORIAL,806.8191600977411,baja,92,76,2562828523
2025,47205,Concordia,Magdalena,TERRITORIAL,803.9703834936797,baja,638,207,13193411120
2025,05138,Cañasgordas,Antioquia,TERRITORIAL,799.5217588487849,baja,201,164,16674386850
2025,25473,Mosquera,Cundinamarca,TERRITORIAL,798.5973953853824,baja,1512,1273,199573629225
2025,41306,Gigante,Huila,TERRITORIAL,797.833046586508,baja,200,142,9530929188
2025,17042,Anserma,Caldas,TERRITORIAL,794.3205227996064,baja,503,259,27884613953
2025,25295,Gachancipá,Cundinamarca,TERRITORIAL,791.7344680692819,baja,209,165,18641782923
2025,15104,Boyacá,Boyacá,TERRITORIAL,791.261023007304,baja,156,108,10941443347
2025,15491,Nobsa,Boyacá,TERRITORIAL,790.6884863932937,baja,359,278,40750862610
2025,19100,Bolívar,Cauca,TERRITORIAL,789.9391926412162,baja,374,225,12111223600
2025,52835,San Andrés de Tumaco,Nariño,TERRITORIAL,789.0515082861317,baja,4138,2268,80349686946
2025,18410,La Montañita,Caquetá,TERRITORIAL,787.6274656948004,baja,238,143,16887652412
2025,76020,Alcalá,Valle del Cauca,TERRITORIAL,785.6755876334377,baja,195,99,8697228090
2025,52612,Ricaurte,Nariño,TERRITORIAL,783.3051608912743,baja,910,344,43200916452
2025,68179,Chipatá,Santander,TERRITORIAL,783.0926340402465,baja,155,110,6035350137
2025,76895,Zarzal,Valle del Cauca,TERRITORIAL,782.9843994469621,baja,170,98,3197336474
2025,52490,Olaya Herrera,Nariño,TERRITORIAL,782.1314274902056,baja,460,224,30007570433
2025,05148,El Carmen de Viboral,Antioquia,TERRITORIAL,781.7346506732963,baja,442,368,89752784666
2025,15162,Cerinza,Boyacá,TERRITORIAL,781.1290789659853,baja,133,85,3022498909
2025,19548,Piendamó,Cauca,TERRITORIAL,779.8173227055784,baja,1253,752,41896532369
2025,05652,San Francisco,Antioquia,TERRITORIAL,779.5616741567047,baja,453,262,36325402680
2025,76109,Buenaventura,Valle del Cauca,NACIONAL,779.2255531241829,baja,382,323,46254485631
2025,19212,Corinto,Cauca,TERRITORIAL,776.9445915866185,baja,284,152,11593490777
2025,25269,Facatativá,Cundinamarca,NACIONAL,776.3627299623686,baja,195,157,83055572792
2025,25777,Supatá,Cundinamarca,TERRITORIAL,774.6899624133889,baja,207,129,6684599236
2025,05234,Dabeiba,Antioquia,TERRITORIAL,773.4438455520614,baja,560,232,43351917950
2025,47318,Guamal,Magdalena,TERRITORIAL,772.627113736995,baja,352,203,15597805372
2025,05756,Sonson,Antioquia,TERRITORIAL,772.5435868887768,baja,704,433,75663839749
2025,05858,Vegachí,Antioquia,TERRITORIAL,771.3091022600611,baja,455,281,29945961811
2025,50251,El Castillo,Meta,TERRITORIAL,769.5850828858004,baja,240,131,12082069568
2025,76845,Ulloa,Valle del Cauca,TERRITORIAL,768.2733795821014,baja,45,36,986313106
2025,52323,Gualmatán,Nariño,TERRITORIAL,766.6519834366106,baja,643,206,9323943651
2025,25293,Gachala,Cundinamarca,TERRITORIAL,763.9971825513774,baja,373,210,23326147348
2025,54553,Puerto Santander,Norte de Santander,TERRITORIAL,759.1578005956795,baja,255,136,8852792239
2025,44378,Hatonuevo,La Guajira,TERRITORIAL,757.3059884800205,baja,190,139,17104189606
2025,44035,Albania,La Guajira,TERRITORIAL,755.874588569403,baja,304,195,33468017096
2025,13430,Magangué,Bolívar,NACIONAL,752.5349151205352,baja,1086,715,81995931955
2025,41132,Campoalegre,Huila,NACIONAL,751.6155295998518,baja,301,267,22513759504
2025,27160,Cértegui,Chocó,TERRITORIAL,747.6957158099518,baja,220,143,32050437817
2025,76054,Argelia,Valle del Cauca,TERRITORIAL,747.6697542069923,baja,213,99,6521328842
2025,15500,Oicatá,Boyacá,TERRITORIAL,745.8781152282132,baja,93,68,3335476135
2025,13248,El Guamo,Bolívar,TERRITORIAL,745.8102085589849,baja,142,110,9380166916
2025,05837,Turbo,Antioquia,TERRITORIAL,740.7912328266426,baja,387,269,105632643285
2025,91001,Leticia,Amazonas,TERRITORIAL,740.092753056021,baja,3729,2394,321534463716
2025,08758,Soledad,Atlántico,TERRITORIAL,739.9035353802162,baja,2637,1513,334528082423
2025,15842,Umbita,Boyacá,TERRITORIAL,739.1437916206555,baja,210,145,8987508415
2025,15778,Sutatenza,Boyacá,TERRITORIAL,733.8779762242975,baja,229,122,7815129604
2025,86001,Mocoa,Putumayo,TERRITORIAL,733.4776525183008,baja,2513,1700,312808273550
2025,08520,Palmar de Varela,Atlántico,TERRITORIAL,731.7799050671442,baja,441,300,18349331538
2025,15212,Coper,Boyacá,TERRITORIAL,729.0056037961712,baja,164,79,6815784802
2025,50006,Acacías,Meta,TERRITORIAL,728.5765210744398,baja,1702,1013,167515744170
2025,05134,Campamento,Antioquia,TERRITORIAL,726.2856033612177,baja,395,222,11910082730
2025,15816,Togüí,Boyacá,TERRITORIAL,724.3033299911372,baja,177,114,7465527412
2025,68318,Guaca,Santander,TERRITORIAL,724.0147957576147,baja,125,87,4182876112
2025,25867,Vianí,Cundinamarca,TERRITORIAL,721.4536334356484,baja,153,106,6005039493
2025,05541,Peñol,Antioquia,TERRITORIAL,721.1987629527255,baja,834,447,121888121112
2025,15401,La Victoria,Boyacá,TERRITORIAL,719.1408450502646,baja,183,102,4080682700
2025,15224,Cucaita,Boyacá,TERRITORIAL,717.6495937436321,baja,154,120,5945230096
2025,52356,Ipiales,Nariño,TERRITORIAL,717.4786233235341,baja,1143,639,123115244451
2025,15740,Siachoque,Boyacá,TERRITORIAL,714.3306015558954,baja,210,139,9076064613
2025,05125,Caicedo,Antioquia,TERRITORIAL,711.1381135413999,baja,197,119,14671196141
2025,68370,Jordán,Santander,TERRITORIAL,710.1732985745638,baja,118,91,6860846451
2025,15533,Paya,Boyacá,TERRITORIAL,709.8843662624536,baja,172,132,16516220589
2025,05789,Támesis,Antioquia,TERRITORIAL,708.1198730170279,baja,556,271,67657639874
2025,41001,Neiva,Huila,TERRITORIAL,707.9071285453599,baja,4784,3076,557926330845
2025,68077,Barbosa,Santander,TERRITORIAL,706.0544632268661,baja,191,114,11113022682
2025,23670,San Andrés Sotavento,Córdoba,TERRITORIAL,705.9039239540102,baja,372,218,66979865388
2025,15187,Chivatá,Boyacá,TERRITORIAL,704.7887908810093,baja,124,94,7989821073
2025,27372,Juradó,Chocó,TERRITORIAL,700.7610310859458,baja,41,29,3315093472
2025,05665,San Pedro de Uraba,Antioquia,TERRITORIAL,699.6215194728234,baja,436,250,29211737389
2025,52696,Santa Bárbara,Nariño,TERRITORIAL,699.4927216500049,baja,445,233,37285708098
2025,17665,San José,Caldas,TERRITORIAL,699.4111195001999,baja,97,83,6005512473
2025,25398,La Peña,Cundinamarca,TERRITORIAL,698.0246271488099,baja,222,177,13292755835
2025,52435,Mallama,Nariño,TERRITORIAL,697.361026608473,baja,357,138,8678806649
2025,15092,Betéitiva,Boyacá,TERRITORIAL,696.0593324591727,baja,148,89,5266658753
2025,66572,Pueblo Rico,Risaralda,TERRITORIAL,694.2097287440603,baja,468,256,29228730422
2025,70702,San Juan de Betulia,Sucre,TERRITORIAL,694.0128685653126,baja,161,82,10304427741
2025,15403,La Uvita,Boyacá,TERRITORIAL,689.8260557734997,baja,220,92,5384859074
2025,19290,Florencia,Cauca,TERRITORIAL,687.6922734254942,baja,164,88,4727305250
2025,23466,Montelíbano,Córdoba,TERRITORIAL,686.2895323948638,baja,267,176,54255059254
2025,23090,Canalete,Córdoba,TERRITORIAL,683.1767775483975,baja,320,175,20783316240
2025,05315,Guadalupe,Antioquia,TERRITORIAL,682.968366292372,baja,152,105,11168799804
2025,76147,Cartago,Valle del Cauca,TERRITORIAL,682.9351764207952,baja,559,407,65653907488
2025,25807,Tibirita,Cundinamarca,TERRITORIAL,680.6235153851029,baja,142,111,6813648309
2025,25224,Cucunubá,Cundinamarca,NACIONAL,680.5634181474554,baja,23,20,403683945
2025,15226,Cuítiva,Boyacá,TERRITORIAL,680.2500742546147,baja,224,125,4956292943
2025,25572,Puerto Salgar,Cundinamarca,NACIONAL,679.3187541207285,baja,19,19,415999706
2025,05895,Zaragoza,Antioquia,TERRITORIAL,678.7100047059403,baja,449,221,21491938357
2025,68689,San Vicente de Chucurí,Santander,TERRITORIAL,677.7656085368866,baja,610,280,43502351600
2025,68572,Puente Nacional,Santander,TERRITORIAL,676.9941545157867,baja,274,204,18696418944
2025,15720,Sativanorte,Boyacá,TERRITORIAL,675.8499670021517,baja,142,76,5983562694
2025,27205,Condoto,Chocó,TERRITORIAL,675.3752343170327,baja,312,217,23858561675
2025,17272,Filadelfia,Caldas,TERRITORIAL,674.2354957239261,baja,236,131,8806537491
2025,15176,Chiquinquirá,Boyacá,TERRITORIAL,673.7103442588798,baja,574,363,46478363948
2025,05893,Yondó,Antioquia,TERRITORIAL,672.5476980960684,baja,502,345,41495143896
2025,50325,Mapiripán,Meta,TERRITORIAL,670.8107885348883,baja,339,187,17642107881
2025,15897,Zetaquira,Boyacá,TERRITORIAL,665.9843806360992,baja,347,197,13213219683
2025,44090,Dibulla,La Guajira,TERRITORIAL,665.9005716481071,baja,275,167,40353220349
2025,25281,Fosca,Cundinamarca,TERRITORIAL,665.888825681132,baja,200,117,10265610378
2025,68522,Palmar,Santander,TERRITORIAL,665.3395568746076,baja,252,153,7474830358
2025,25815,Tocaima,Cundinamarca,TERRITORIAL,663.548058343736,baja,348,221,25205563752
2025,15097,Boavita,Boyacá,TERRITORIAL,662.2932435657934,baja,195,97,7038731937
2025,54125,Cácota,Norte de Santander,TERRITORIAL,661.6457761173627,baja,194,111,6003958530
2025,15690,Santa María,Boyacá,TERRITORIAL,661.2654661983589,baja,129,87,7324299939
2025,70771,Sucre,Sucre,TERRITORIAL,659.2928387617271,baja,731,296,25805127222
2025,41026,Altamira,Huila,TERRITORIAL,657.7700632488672,baja,187,101,7413189455
2025,54720,Sardinata,Norte de Santander,TERRITORIAL,656.2712821430741,baja,414,255,16669093652
2025,19743,Silvia,Cauca,TERRITORIAL,655.6528281972176,baja,327,193,18276842361
2025,66318,Guática,Risaralda,TERRITORIAL,655.2411973748777,baja,258,186,10581881623
2025,05440,Marinilla,Antioquia,TERRITORIAL,653.4272104704679,baja,270,187,27880685617
2025,66075,Balboa,Risaralda,TERRITORIAL,653.3077557250689,baja,242,169,15224280431
2025,68705,Santa Bárbara,Santander,TERRITORIAL,653.181589962807,baja,135,87,5613714053
2025,95200,Miraflores,Guaviare,NACIONAL,652.4137408672758,baja,211,125,12416272964
2025,05154,Caucasia,Antioquia,TERRITORIAL,651.9445431514381,baja,654,353,65939508852
2025,15693,Santa Rosa de Viterbo,Boyacá,TERRITORIAL,649.8703257970287,baja,168,102,8833238894
2025,81001,Arauca,Arauca,TERRITORIAL,649.7024667762448,baja,1723,951,349845323284
2025,19807,Timbío,Cauca,TERRITORIAL,647.7470502954794,baja,509,310,17836903739
2025,05411,Liborina,Antioquia,TERRITORIAL,647.5358615934848,baja,152,115,10470220336
2025,15272,Firavitoba,Boyacá,TERRITORIAL,646.1600627689977,baja,165,99,6076049425
2025,25328,Guayabal de Siquima,Cundinamarca,TERRITORIAL,646.1588335383691,baja,229,121,9751079044
2025,68368,Jesús María,Santander,TERRITORIAL,645.2894779302471,baja,135,89,8953030916
2025,70429,Majagual,Sucre,TERRITORIAL,640.9042185039435,baja,353,205,32806391099
2025,86885,Villagarzón,Putumayo,TERRITORIAL,640.0681733507226,baja,678,316,23268638248
2025,25372,Junín,Cundinamarca,TERRITORIAL,639.9216017468104,baja,345,215,15737713657
2025,44430,Maicao,La Guajira,TERRITORIAL,639.153224863032,baja,776,663,238987232628
2025,68502,Onzaga,Santander,TERRITORIAL,638.6563368432135,baja,138,89,8435816559
2025,25402,La Vega,Cundinamarca,TERRITORIAL,638.5310144424499,baja,335,256,24773041009
2025,68770,Suaita,Santander,TERRITORIAL,638.4058690403208,baja,225,139,11076501779
2025,05190,Cisneros,Antioquia,TERRITORIAL,638.3651035461672,baja,259,155,15719884879
2025,08634,Sabanagrande,Atlántico,TERRITORIAL,636.9710677369382,baja,169,105,6144970645
2025,13433,Mahates,Bolívar,TERRITORIAL,634.7705838392018,baja,160,109,6972822308
2025,13654,San Jacinto,Bolívar,TERRITORIAL,632.4773119717347,baja,284,179,15173347536
2025,05792,Tarso,Antioquia,TERRITORIAL,632.3647029859836,baja,210,110,7184048596
2025,68152,Carcasí,Santander,TERRITORIAL,632.3517756970383,baja,161,100,4764041059
2025,05856,Valparaíso,Antioquia,TERRITORIAL,631.0161638806696,baja,116,73,4520240386
2025,23815,Tuchín,Córdoba,TERRITORIAL,630.9840998942657,baja,177,132,35744883922
2025,70230,Chalán,Sucre,TERRITORIAL,630.4100918110267,baja,161,111,20941292171
2025,13894,Zambrano,Bolívar,TERRITORIAL,629.2472948127194,baja,473,175,12715077842
2025,15244,El Cocuy,Boyacá,TERRITORIAL,628.3334553127719,baja,175,108,8370335794
2025,47268,El Retén,Magdalena,TERRITORIAL,626.494996796116,baja,313,136,12098069273
2025,05819,Toledo,Antioquia,TERRITORIAL,625.5700770544643,baja,47,40,1680887554
2025,97001,Mitú,Vaupés,TERRITORIAL,625.2709420998704,baja,1763,1165,253004340745
2025,70235,Galeras,Sucre,TERRITORIAL,624.75595436977,baja,278,130,12321204498
2025,19513,Padilla,Cauca,TERRITORIAL,624.0868533761231,baja,253,138,5481768268
2025,20228,Curumaní,Cesar,TERRITORIAL,622.3729601680353,baja,409,229,27837535741
2025,52287,Funes,Nariño,TERRITORIAL,621.2408982154017,baja,920,373,22952513283
2025,19050,Argelia,Cauca,TERRITORIAL,620.8015976933724,baja,383,210,15772159467
2025,27099,Bojaya,Chocó,TERRITORIAL,619.0971697557675,baja,92,56,11815758239
2025,05585,Puerto Nare,Antioquia,TERRITORIAL,619.0326400748976,baja,581,277,17659638076
2025,08421,Luruaco,Atlántico,TERRITORIAL,618.560233869596,baja,359,134,14485398307
2025,25898,Zipacón,Cundinamarca,TERRITORIAL,616.3916596610217,baja,138,94,3812328516
2025,66088,Belén de Umbría,Risaralda,TERRITORIAL,616.3065086221033,baja,337,199,15042263403
2025,19785,Sucre,Cauca,TERRITORIAL,615.7736189436656,baja,332,163,11723358478
2025,99524,La Primavera,Vichada,TERRITORIAL,615.0425293937884,baja,361,208,14608150901
2025,54347,Herrán,Norte de Santander,TERRITORIAL,614.1491402328068,baja,249,110,11640237591
2025,66594,Quinchía,Risaralda,TERRITORIAL,613.9815583821418,baja,332,217,15070461797
2025,15236,Chivor,Boyacá,TERRITORIAL,613.4158722775987,baja,162,93,7523486030
2025,05036,Angelópolis,Antioquia,TERRITORIAL,610.6735661569869,baja,195,118,8032533974
2025,23807,Tierralta,Córdoba,TERRITORIAL,610.069355935397,baja,444,206,104976730478
2025,70523,Palmito,Sucre,TERRITORIAL,609.295960900591,baja,181,121,14393387780
2025,41244,Elías,Huila,TERRITORIAL,608.661263920805,baja,151,78,4550831130
2025,17873,Villamaría,Caldas,TERRITORIAL,608.0927886258492,baja,1490,688,44447931265
2025,50573,Puerto López,Meta,TERRITORIAL,607.53455796265,baja,554,313,44729561990
2025,15522,Panqueba,Boyacá,TERRITORIAL,606.2346738014747,baja,195,78,4059839927
2025,54498,Ocaña,Norte de Santander,TERRITORIAL,606.1905769450835,baja,2327,1290,214919149434
2025,86001,Mocoa,Putumayo,NACIONAL,606.1332558328268,baja,596,368,25722216698
2025,19780,Suárez,Cauca,TERRITORIAL,605.656021706192,baja,268,197,22926726473
2025,15664,San José de Pare,Boyacá,TERRITORIAL,605.2496417017322,baja,131,91,4381002270
2025,15660,San Eduardo,Boyacá,TERRITORIAL,604.8629133114125,baja,115,79,4659846981
2025,85300,Sabanalarga,Casanare,TERRITORIAL,603.1026339561419,baja,425,222,16777954006
2025,08001,Barranquilla,Atlántico,NACIONAL,601.2403830961827,baja,4033,3448,785895853083
2025,25793,Tausa,Cundinamarca,TERRITORIAL,600.9355674918938,baja,205,167,12541833110
2025,63302,Génova,Quindío,TERRITORIAL,597.254619564834,baja,221,129,5326978706
2025,68679,San Gil,Santander,TERRITORIAL,595.5950839149233,baja,965,500,30457413361
2025,25754,Soacha,Cundinamarca,TERRITORIAL,594.7338540832405,baja,5904,4129,706277915937
2025,08758,Soledad,Atlántico,NACIONAL,594.406231493071,baja,257,217,64572372915
2025,68020,Albania,Santander,TERRITORIAL,594.2576219826315,baja,136,96,10027176602
2025,19585,Puracé,Cauca,TERRITORIAL,593.8256795276247,baja,283,171,20093917606
2025,15218,Covarachía,Boyacá,TERRITORIAL,593.2719495356723,baja,144,81,7291157630
2025,27660,San José del Palmar,Chocó,TERRITORIAL,592.8535314796466,baja,268,121,9051698438
2025,73283,Fresno,Tolima,TERRITORIAL,592.478944457528,baja,439,215,14798563815
2025,18756,Solano,Caquetá,NACIONAL,592.1105681677823,baja,204,168,27521850947
2025,52390,La Tola,Nariño,TERRITORIAL,591.9459191797795,baja,825,356,29850103086
2025,19110,Buenos Aires,Cauca,TERRITORIAL,591.6760313238774,baja,238,194,12028517828
2025,17442,Marmato,Caldas,TERRITORIAL,591.5156874784004,baja,202,124,8215361560
2025,15820,Tópaga,Boyacá,TERRITORIAL,591.1220167047412,baja,172,115,5892089862
2025,13667,San Martín de Loba,Bolívar,TERRITORIAL,587.9505973888413,baja,164,122,11041010787
2025,54051,Arboledas,Norte de Santander,TERRITORIAL,585.3917017100914,baja,459,203,16673117463
2025,50711,Vistahermosa,Meta,TERRITORIAL,584.6782312328127,baja,331,220,19908338490
2025,23555,Planeta Rica,Córdoba,TERRITORIAL,583.8326339212634,baja,174,120,38871124179
2025,25513,Pacho,Cundinamarca,TERRITORIAL,582.8875268766203,baja,432,320,18316851212
2025,23464,Momil,Córdoba,TERRITORIAL,582.6317020570198,baja,106,85,9261526372
2025,50680,San Carlos de Guaroa,Meta,TERRITORIAL,581.2156019635861,baja,436,252,26309626416
2025,08141,Candelaria,Atlántico,TERRITORIAL,580.2301387311247,baja,367,182,4687063452
2025,47551,Pivijay,Magdalena,TERRITORIAL,579.6483428500771,baja,172,105,2415124968
2025,25224,Cucunubá,Cundinamarca,TERRITORIAL,579.1749742355694,baja,190,160,11519357675
2025,25368,Jerusalén,Cundinamarca,TERRITORIAL,579.1023994786195,baja,151,112,6772396334
2025,68425,Macaravita,Santander,TERRITORIAL,578.9664280147852,baja,121,72,5979417173
2025,15542,Pesca,Boyacá,TERRITORIAL,578.626804058589,baja,241,155,10614344552
2025,15621,Rondón,Boyacá,TERRITORIAL,578.4769765538605,baja,138,83,3979499975
2025,25040,Anolaima,Cundinamarca,TERRITORIAL,577.4163165005178,baja,212,160,14724652894
2025,52685,San Bernardo,Nariño,TERRITORIAL,577.2041692362279,baja,528,239,6940593137
2025,25823,Topaipí,Cundinamarca,TERRITORIAL,575.5772521811305,baja,256,143,12477421686
2025,68209,Confines,Santander,TERRITORIAL,575.0747011079367,baja,113,71,4082884688
2025,23079,Buenavista,Córdoba,TERRITORIAL,574.7277383047465,baja,259,156,22587944130
2025,05690,Santo Domingo,Antioquia,NACIONAL,573.6036379148319,baja,53,42,674831737
2025,05495,Nechí,Antioquia,TERRITORIAL,572.8805219423157,baja,666,402,38138350457
2025,52480,Nariño,Nariño,TERRITORIAL,572.8376424733309,baja,465,202,13001101879
2025,41357,Iquira,Huila,TERRITORIAL,572.2607502991514,baja,203,152,10635752576
2025,25293,Gachala,Cundinamarca,NACIONAL,569.5926696912562,baja,84,75,28429280733
2025,68211,Contratación,Santander,TERRITORIAL,569.33886426579,baja,97,63,2697986692
2025,05490,Necoclí,Antioquia,TERRITORIAL,569.1994385712895,baja,370,241,96086686717
2025,68867,Vetas,Santander,TERRITORIAL,568.3995825395789,baja,124,79,3073434958
2025,05004,Abriaquí,Antioquia,TERRITORIAL,566.3897312122587,baja,137,70,3448187184
2025,13620,San Cristóbal,Bolívar,TERRITORIAL,564.5445734058662,baja,200,142,6328131745
2025,15494,Nuevo Colón,Boyacá,TERRITORIAL,564.4336582005201,baja,167,107,7853684299
2025,41319,Guadalupe,Huila,TERRITORIAL,564.3243396290976,baja,152,110,6544433067
2025,15090,Berbeo,Boyacá,TERRITORIAL,563.8066215471764,baja,162,105,6166109471
2025,15600,Ráquira,Boyacá,TERRITORIAL,563.0990308125243,baja,168,112,8928528890
2025,68464,Mogotes,Santander,TERRITORIAL,561.1992636063571,baja,211,119,9122377016
2025,20011,Aguachica,Cesar,TERRITORIAL,559.5503221365833,baja,536,319,38739090223
2025,15180,Chiscas,Boyacá,TERRITORIAL,558.6216515849967,baja,158,94,7017021923
2025,05031,Amalfi,Antioquia,TERRITORIAL,557.9800073195646,baja,607,312,26280522103
2025,05055,Argelia,Antioquia,TERRITORIAL,557.2906978515662,baja,224,132,11557171800
2025,25740,Sibaté,Cundinamarca,TERRITORIAL,557.2835369457329,baja,591,521,49157407623
2025,86573,Leguízamo,Putumayo,NACIONAL,556.090420687564,baja,46,40,6894697252
2025,15514,Páez,Boyacá,TERRITORIAL,555.3645859446987,baja,244,146,10735104083
2025,76243,El Águila,Valle del Cauca,TERRITORIAL,554.4734044220729,baja,215,111,6153885169
2025,94001,Inírida,Guainía,NACIONAL,554.1256950620398,baja,389,277,40398875457
2025,27615,Riosucio,Chocó,TERRITORIAL,553.9073629646717,baja,320,213,33271742729
2025,73268,Espinal,Tolima,NACIONAL,552.8277167564471,baja,395,259,15578351388
2025,17486,Neira,Caldas,TERRITORIAL,551.6282296952088,baja,334,202,23551806768
2025,54313,Gramalote,Norte de Santander,TERRITORIAL,550.8319963229836,baja,288,150,11053364545
2025,68250,El Peñón,Santander,TERRITORIAL,549.0456946968321,baja,184,97,9607928672
2025,50577,Puerto Lleras,Meta,TERRITORIAL,547.4921892209356,baja,273,135,12848949216
2025,47161,Cerro San Antonio,Magdalena,TERRITORIAL,546.6584458948226,baja,220,145,4196775360
2025,50006,Acacías,Meta,NACIONAL,543.9967522697318,baja,193,141,13291047450
2025,23570,Pueblo Nuevo,Córdoba,TERRITORIAL,543.7879915073554,baja,180,112,33160649671
2025,50313,Granada,Meta,TERRITORIAL,543.5211826510096,baja,963,449,34651829683
2025,05093,Betulia,Antioquia,TERRITORIAL,543.4480867311963,baja,241,139,9466579667
2025,68533,Páramo,Santander,TERRITORIAL,543.4123852236005,baja,181,87,6204709759
2025,68235,El Carmen de Chucurí,Santander,TERRITORIAL,541.5945144908932,baja,259,182,26028936724
2025,41676,Santa María,Huila,TERRITORIAL,540.9301705299675,baja,119,107,4764149992
2025,05686,Santa Rosa de Osos,Antioquia,NACIONAL,540.4801450287264,baja,131,100,67598959519
2025,27245,El Carmen de Atrato,Chocó,TERRITORIAL,540.1226959584347,baja,246,137,14016056027
2025,63130,Calarca,Quindío,TERRITORIAL,539.3483235594657,baja,1050,613,38616849911
2025,19533,Piamonte,Cauca,TERRITORIAL,539.2317736277354,baja,302,177,9553996105
2025,15425,Macanal,Boyacá,TERRITORIAL,537.3322487500722,baja,212,118,13754305860
2025,97666,Taraira,Vaupés,TERRITORIAL,536.6733576050121,baja,191,103,23377383194
2025,70124,Caimito,Sucre,TERRITORIAL,534.2233987622317,baja,175,115,11001333942
2025,25178,Chipaque,Cundinamarca,TERRITORIAL,530.9864585853097,baja,278,185,11577682390
2025,05347,Heliconia,Antioquia,TERRITORIAL,530.5529899040549,baja,149,100,5798198652
2025,70473,Morroa,Sucre,TERRITORIAL,529.9103638835886,baja,240,142,12549953300
2025,68276,Floridablanca,Santander,TERRITORIAL,528.0716748888925,baja,4073,2418,284262799701
2025,41791,Tarqui,Huila,TERRITORIAL,527.95338432043,baja,194,117,7411063950
2025,13836,Turbaco,Bolívar,TERRITORIAL,527.1358054078678,baja,4397,3393,1043364124563
2025,15774,Susacón,Boyacá,TERRITORIAL,526.1561069103218,baja,125,81,4673713612
2025,05809,Titiribí,Antioquia,TERRITORIAL,524.6532418638125,baja,433,253,14160705330
2025,54001,Cúcuta,Norte de Santander,OTRO,524.606091416074,baja,696,642,44702937146
2025,17495,Norcasia,Caldas,TERRITORIAL,524.3592557499189,baja,324,171,12059408570
2025,15879,Viracachá,Boyacá,TERRITORIAL,523.3382731994668,baja,110,75,3530540774
2025,19137,Caldono,Cauca,TERRITORIAL,523.2547013486686,baja,351,193,22708436216
2025,19001,Popayán,Cauca,OTRO,522.9066030653889,baja,52,45,1035664895
2025,13222,Clemencia,Bolívar,TERRITORIAL,519.9687212549221,baja,551,290,29629088544
2025,13442,María la Baja,Bolívar,TERRITORIAL,518.649883754992,baja,366,219,17088574458
2025,85430,Trinidad,Casanare,TERRITORIAL,517.9089049983403,baja,364,227,15266191011
2025,68132,California,Santander,TERRITORIAL,517.5024041829101,baja,103,68,2854306811
2025,68385,Landázuri,Santander,TERRITORIAL,516.9777409039096,baja,194,96,6257967056
2025,54800,Teorama,Norte de Santander,TERRITORIAL,516.8190693453508,baja,188,151,17906461779
2025,15183,Chita,Boyacá,TERRITORIAL,515.0642302769822,baja,236,126,13791982269
2025,25297,Gachetá,Cundinamarca,TERRITORIAL,514.5716174565695,baja,251,182,10926753784
2025,18592,Puerto Rico,Caquetá,TERRITORIAL,512.6760910119003,baja,240,133,12958535577
2025,15723,Sativasur,Boyacá,TERRITORIAL,512.4618856002578,baja,100,64,2011525891
2025,08436,Manatí,Atlántico,TERRITORIAL,512.0123202323323,baja,297,184,8113838231
2025,20175,Chimichagua,Cesar,TERRITORIAL,511.70233512985516,baja,287,186,13364556647
2025,54405,Los Patios,Norte de Santander,NACIONAL,508.52781610208365,baja,760,400,19968549246
2025,85139,Maní,Casanare,TERRITORIAL,508.4002372737787,baja,388,222,19132691181
2025,15810,Tipacoque,Boyacá,TERRITORIAL,507.7394597653523,baja,179,105,6947110697
2025,85125,Hato Corozal,Casanare,TERRITORIAL,507.3279312754113,baja,263,161,12540858315
2025,76250,El Dovio,Valle del Cauca,TERRITORIAL,507.0818828101734,baja,250,107,6027819815
2025,86865,Valle del Guamuez,Putumayo,TERRITORIAL,506.591048599929,baja,715,297,21311708543
2025,18753,San Vicente del Caguán,Caquetá,TERRITORIAL,504.704490575396,baja,534,295,39158831685
2025,86568,Puerto Asís,Putumayo,NACIONAL,504.0699847825012,baja,649,572,36198070557
2025,25148,Caparrapí,Cundinamarca,TERRITORIAL,502.2004980179554,baja,238,145,9254430655
2025,66400,La Virginia,Risaralda,TERRITORIAL,500.7094654320835,baja,402,275,30301256452
2025,15681,San Pablo de Borbur,Boyacá,NACIONAL,499.46123246635085,baja,209,132,11199341200
2025,73870,Villahermosa,Tolima,TERRITORIAL,499.32555449588654,baja,326,172,7832798744
2025,76520,Palmira,Valle del Cauca,NACIONAL,498.81262053393556,baja,381,364,28300107408
2025,18205,Curillo,Caquetá,TERRITORIAL,498.64873337784275,baja,171,115,7940226379
2025,68615,Rionegro,Santander,TERRITORIAL,497.76285804939374,baja,401,207,15747970862
2025,15861,Ventaquemada,Boyacá,TERRITORIAL,497.44574796611676,baja,227,136,8748420781
2025,76233,Dagua,Valle del Cauca,TERRITORIAL,496.70759602523384,baja,562,407,31877360772
2025,25851,Útica,Cundinamarca,TERRITORIAL,495.7649586552472,baja,383,168,8133378551
2025,25779,Susa,Cundinamarca,TERRITORIAL,495.48887127177363,baja,246,136,7421143104
2025,08573,Puerto Colombia,Atlántico,TERRITORIAL,491.3129744721325,baja,1066,894,157334587258
2025,15839,Tutazá,Boyacá,TERRITORIAL,490.45704145154724,baja,107,78,3345848159
2025,68217,Coromoro,Santander,TERRITORIAL,489.9969911058,baja,206,117,6037724284
2025,08685,Santo Tomás,Atlántico,TERRITORIAL,489.98061842633996,baja,160,124,2864403945
2025,18256,El Paujil,Caquetá,TERRITORIAL,489.47520596542137,baja,262,160,14042677391
2025,13074,Barranco de Loba,Bolívar,TERRITORIAL,489.4553339749905,baja,220,123,13854462264
2025,13430,Magangué,Bolívar,TERRITORIAL,487.4444273021879,baja,50,28,457870541
2025,76275,Florida,Valle del Cauca,TERRITORIAL,486.9723192496601,baja,1606,693,32352104975
2025,68207,Concepción,Santander,TERRITORIAL,485.0240819551112,baja,98,74,2726170232
2025,52405,Leiva,Nariño,TERRITORIAL,484.96725929330853,baja,459,169,9743581215
2025,05310,Gómez Plata,Antioquia,TERRITORIAL,484.65964369315725,baja,359,187,14834121030
2025,76246,El Cairo,Valle del Cauca,TERRITORIAL,484.5511765773195,baja,184,114,4723062248
2025,68344,Hato,Santander,TERRITORIAL,484.3211418195453,baja,174,107,7832214502
2025,73483,Natagaima,Tolima,TERRITORIAL,483.4753473337047,baja,396,171,8411406316
2025,41359,Isnos,Huila,TERRITORIAL,483.33061985903987,baja,401,212,16382937710
2025,73443,Mariquita,Tolima,TERRITORIAL,482.83965042060055,baja,313,213,17854925513
2025,52233,Cumbitara,Nariño,TERRITORIAL,482.7204681621404,baja,348,152,8850280888
2025,25899,Zipaquirá,Cundinamarca,TERRITORIAL,482.7197811589328,baja,1289,1052,160861987845
2025,70418,Los Palmitos,Sucre,TERRITORIAL,482.62499664452946,baja,299,161,15566673448
2025,54670,San Calixto,Norte de Santander,TERRITORIAL,482.07763782740466,baja,367,234,14843800611
2025,25491,Nocaima,Cundinamarca,TERRITORIAL,481.33125940743747,baja,282,195,13957026709
2025,68855,Valle de San José,Santander,TERRITORIAL,480.6149313508274,baja,118,71,4718090263
2025,15442,Maripí,Boyacá,TERRITORIAL,479.8783193537737,baja,224,136,16159861459
2025,25322,Guasca,Cundinamarca,TERRITORIAL,478.6808172313946,baja,154,144,11255858656
2025,68296,Galán,Santander,TERRITORIAL,478.401167263077,baja,142,100,6467222097
2025,15673,San Mateo,Boyacá,TERRITORIAL,477.79297705951427,baja,145,95,5840496856
2025,68573,Puerto Parra,Santander,TERRITORIAL,477.25435724374023,baja,208,119,9478841532
2025,76890,Yotoco,Valle del Cauca,TERRITORIAL,476.85670692190973,baja,604,329,24908376774
2025,73520,Palocabildo,Tolima,TERRITORIAL,476.5696185123651,baja,224,136,8456375938
2025,68121,Cabrera,Santander,TERRITORIAL,475.2964982913403,baja,126,69,5166053533
2025,63401,La Tebaida,Quindío,TERRITORIAL,474.9286417500572,baja,520,326,16575184593
2025,85279,Recetor,Casanare,TERRITORIAL,474.6661736968414,baja,260,170,8519907967
2025,68264,Encino,Santander,TERRITORIAL,471.36964467682856,baja,120,65,4336476381
2025,15696,Santa Sofía,Boyacá,TERRITORIAL,471.11572862444166,baja,219,136,8128367397
2025,15248,El Espino,Boyacá,TERRITORIAL,470.66268969107597,baja,224,138,4292422727
2025,05113,Buriticá,Antioquia,TERRITORIAL,470.2677279335709,baja,318,184,27044427796
2025,41013,Agrado,Huila,TERRITORIAL,470.08872860899027,baja,239,136,8201546224
2025,19824,Totoró,Cauca,TERRITORIAL,468.5682359563434,baja,261,186,18840301808
2025,15104,Boyacá,Boyacá,NACIONAL,467.93542764293545,baja,190,157,9500980150
2025,15238,Duitama,Boyacá,TERRITORIAL,467.5929769156145,baja,1618,931,77348684383
2025,50686,San Juanito,Meta,TERRITORIAL,466.98379259339254,baja,81,55,2687823722
2025,76563,Pradera,Valle del Cauca,TERRITORIAL,465.82836549996483,baja,380,288,13683945346
2025,15763,Sotaquirá,Boyacá,TERRITORIAL,464.75482645360006,baja,245,144,9735389117
2025,15362,Iza,Boyacá,TERRITORIAL,464.7453104628406,baja,199,129,5826121448
2025,68406,Lebríja,Santander,TERRITORIAL,464.6686559981332,baja,561,344,35383455575
2025,19392,La Sierra,Cauca,TERRITORIAL,463.6645520107095,baja,243,162,6819024288
2025,52352,Iles,Nariño,TERRITORIAL,463.02011467735593,baja,507,213,10875376515
2025,50330,Mesetas,Meta,TERRITORIAL,462.9214500044673,baja,490,241,19711073025
2025,15464,Mongua,Boyacá,TERRITORIAL,461.65550038591323,baja,191,128,8702761400
2025,15667,San Luis de Gaceno,Boyacá,TERRITORIAL,461.61036811656555,baja,234,139,9395345509
2025,63001,Armenia,Quindío,TERRITORIAL,460.98995041039893,baja,10787,5397,604278719690
2025,41660,Saladoblanco,Huila,TERRITORIAL,460.9243915957721,baja,288,140,11384225482
2025,47541,Pedraza,Magdalena,TERRITORIAL,460.01993050737866,baja,141,62,2763426875
2025,85230,Orocué,Casanare,TERRITORIAL,459.60427452441724,baja,430,271,21687039736
2025,52378,La Cruz,Nariño,TERRITORIAL,459.5655713447227,baja,509,207,8605482887
2025,76823,Toro,Valle del Cauca,TERRITORIAL,458.9390326548904,baja,205,87,5715481964
2025,25181,Choachí,Cundinamarca,TERRITORIAL,457.63063401868453,baja,167,125,7086879656
2025,15172,Chinavita,Boyacá,TERRITORIAL,456.88890008854963,baja,162,106,7176815752
2025,70508,Ovejas,Sucre,TERRITORIAL,454.69796721474455,baja,582,241,22874561012
2025,68669,San Andrés,Santander,TERRITORIAL,454.67370881335455,baja,185,94,4439998489
2025,68720,Santa Helena del Opón,Santander,TERRITORIAL,454.55812748693836,baja,156,87,5956635937
2025,05306,Giraldo,Antioquia,TERRITORIAL,454.54035008061373,baja,232,91,9634750413
2025,25426,Macheta,Cundinamarca,TERRITORIAL,454.3755831629559,baja,266,158,7613349587
2025,20001,Valledupar,Cesar,TERRITORIAL,454.2828319169575,baja,4984,3400,1142019287019
2025,19845,Villa Rica,Cauca,TERRITORIAL,453.62246729366314,baja,261,231,10651143934
2025,05697,El Santuario,Antioquia,NACIONAL,453.2077708383653,baja,432,204,62690590937
2025,15808,Tinjacá,Boyacá,NACIONAL,453.10819228792826,baja,100,68,4561618388
2025,66682,Santa Rosa de Cabal,Risaralda,TERRITORIAL,453.10046345606986,baja,1033,729,48346613129
2025,05543,Peque,Antioquia,TERRITORIAL,451.58607269689645,baja,338,193,17277151944
2025,54743,Silos,Norte de Santander,TERRITORIAL,449.7350197826826,baja,176,92,6811924200
2025,05667,San Rafael,Antioquia,NACIONAL,448.37211610671505,baja,522,277,28226435199
2025,41668,San Agustín,Huila,TERRITORIAL,448.18496917573816,baja,338,175,14497573623
2025,15537,Paz de Río,Boyacá,TERRITORIAL,446.9709772976158,baja,183,122,4746751119
2025,66045,Apía,Risaralda,TERRITORIAL,446.49279145409645,baja,200,133,9755166102
2025,50450,Puerto Concordia,Meta,TERRITORIAL,445.8795112306794,baja,308,183,13510586478
2025,17050,Aranzazu,Caldas,TERRITORIAL,444.63813073474336,baja,316,150,9898826115
2025,52203,Colón,Nariño,TERRITORIAL,443.6978558046916,baja,289,126,6350065542
2025,68655,Sabana de Torres,Santander,TERRITORIAL,441.0099609967965,baja,637,303,32059667972
2025,68684,San José de Miranda,Santander,TERRITORIAL,440.96698211686754,baja,166,93,5486562062
2025,73408,Lérida,Tolima,TERRITORIAL,440.806027152053,baja,732,366,31889165355
2025,25580,Pulí,Cundinamarca,TERRITORIAL,440.2523332433064,baja,155,103,4474563263
2025,15204,Cómbita,Boyacá,TERRITORIAL,438.6475198188978,baja,215,141,10150501102
2025,15755,Socotá,Boyacá,NACIONAL,437.7117576233567,baja,253,157,13182870711
2025,68524,Palmas del Socorro,Santander,TERRITORIAL,437.1445738878826,baja,73,54,2349575490
2025,73067,Ataco,Tolima,TERRITORIAL,436.9811172005252,baja,526,212,24134703069
2025,99773,Cumaribo,Vichada,TERRITORIAL,435.55558968502856,baja,466,295,50666182435
2025,15215,Corrales,Boyacá,TERRITORIAL,435.02833086336426,baja,195,110,5671359925
2025,13030,Altos del Rosario,Bolívar,TERRITORIAL,434.7849741731199,baja,269,154,12058097462
2025,20045,Becerril,Cesar,TERRITORIAL,433.60027934761536,baja,310,245,68106055125
2025,15511,Pachavita,Boyacá,TERRITORIAL,432.9899211324875,baja,130,83,2784334958
2025,19760,Sotara,Cauca,TERRITORIAL,432.42273592240264,baja,204,166,14105399370
2025,68780,Suratá,Santander,TERRITORIAL,432.3799781578413,baja,341,190,7967261085
2025,85400,Támara,Casanare,TERRITORIAL,431.28544546005116,baja,232,166,11299780457
2025,76497,Obando,Valle del Cauca,TERRITORIAL,430.28906209403084,baja,263,128,8031370181
2025,08001,Barranquilla,Atlántico,OTRO,429.752483389969,baja,362,352,83832218845
2025,68322,Guapotá,Santander,TERRITORIAL,428.7824660932951,baja,123,81,6436312449
2025,27001,Quibdó,Chocó,TERRITORIAL,427.7813117379133,baja,2235,1598,375374047120
2025,91001,Leticia,Amazonas,NO_DEFINIDO,427.5708883849106,baja,161,67,225571976
2025,50350,La Macarena,Meta,TERRITORIAL,426.6601074660802,baja,282,186,11810962747
2025,86755,San Francisco,Putumayo,TERRITORIAL,426.26302657036933,baja,356,169,6229318418
2025,13655,San Jacinto del Cauca,Bolívar,TERRITORIAL,425.00920027423666,baja,316,166,13184315419
2025,68468,Molagavita,Santander,TERRITORIAL,424.0013444819868,baja,124,91,6527102058
2025,68397,La Paz,Santander,TERRITORIAL,423.6146464761017,baja,127,87,5196202854
2025,52260,El Tambo,Nariño,TERRITORIAL,423.4391211362963,baja,462,182,8679391857
2025,20383,La Gloria,Cesar,TERRITORIAL,423.06754951374177,baja,310,224,17655962083
2025,54385,La Esperanza,Norte de Santander,TERRITORIAL,420.3669302502534,baja,411,166,9481730781
2025,15580,Quípama,Boyacá,TERRITORIAL,417.9248416026044,baja,202,120,13891083059
2025,15638,Sáchica,Boyacá,TERRITORIAL,416.0897945137025,baja,178,132,8841319686
2025,17616,Risaralda,Caldas,NACIONAL,415.790135731706,baja,415,263,156095270329
2025,54344,Hacarí,Norte de Santander,TERRITORIAL,415.55883644932226,baja,261,169,15876504504
2025,17541,Pensilvania,Caldas,TERRITORIAL,415.4249290839836,baja,663,379,20727638731
2025,50223,Cubarral,Meta,TERRITORIAL,415.0003569947937,baja,256,143,6495049410
2025,25518,Paime,Cundinamarca,TERRITORIAL,414.2819386751499,baja,309,200,10163744484
2025,18460,Milán,Caquetá,TERRITORIAL,413.6802517115684,baja,219,148,19484900759
2025,73854,Valle de San Juan,Tolima,TERRITORIAL,412.8541764645013,baja,373,226,9966245035
2025,85225,Nunchía,Casanare,TERRITORIAL,412.59118300462336,baja,306,174,15730304548
2025,54003,Abrego,Norte de Santander,TERRITORIAL,412.31580841542933,baja,1040,605,42416044504
2025,05642,Salgar,Antioquia,TERRITORIAL,411.61168875714606,baja,230,158,8233126959
2025,41615,Rivera,Huila,TERRITORIAL,409.650173934352,baja,760,416,26966983017
2025,20400,La Jagua de Ibirico,Cesar,TERRITORIAL,409.3552951756983,baja,497,318,38008339936
2025,05861,Venecia,Antioquia,TERRITORIAL,408.59478373850516,baja,415,209,13679491400
2025,76036,Andalucía,Valle del Cauca,TERRITORIAL,407.4490873093071,baja,380,197,15916481031
2025,70400,La Unión,Sucre,TERRITORIAL,406.72025623891807,baja,346,220,22718135672
2025,52051,Arboleda,Nariño,TERRITORIAL,403.29570678829725,baja,305,153,11125509049
2025,18001,Florencia,Caquetá,TERRITORIAL,402.5941501237461,baja,970,787,90872345827
2025,54418,Lourdes,Norte de Santander,TERRITORIAL,402.5016548045532,baja,215,139,6167820279
2025,19821,Toribio,Cauca,TERRITORIAL,402.4088378138561,baja,378,219,28655965503
2025,25799,Tenjo,Cundinamarca,TERRITORIAL,401.629783613967,baja,762,663,92517664454
2025,05154,Caucasia,Antioquia,NACIONAL,401.1669729429786,baja,256,225,15651958280
2025,20178,Chiriguaná,Cesar,TERRITORIAL,400.26175421000033,baja,393,289,10135488876
2025,19022,Almaguer,Cauca,TERRITORIAL,399.9538153374833,baja,282,171,13591043900
2025,25599,Apulo,Cundinamarca,TERRITORIAL,399.8704171647299,baja,320,195,12856907523
2025,17444,Marquetalia,Caldas,TERRITORIAL,399.7795621696165,baja,389,198,11505352636
2025,25612,Ricaurte,Cundinamarca,TERRITORIAL,399.13901323302497,baja,964,516,43286896204
2025,17446,Marulanda,Caldas,TERRITORIAL,398.06441193632395,baja,169,114,5034309297
2025,50270,El Dorado,Meta,TERRITORIAL,397.648178065796,baja,198,112,5411115254
2025,25596,Quipile,Cundinamarca,TERRITORIAL,397.53986669957004,baja,226,144,6887996330
2025,13600,Río Viejo,Bolívar,TERRITORIAL,396.77108590885155,baja,215,159,9258338393
2025,05376,La Ceja,Antioquia,TERRITORIAL,395.231307780283,baja,878,649,110848888146
2025,68444,Matanza,Santander,TERRITORIAL,394.64204124124046,baja,169,104,5860983986
2025,52683,Sandoná,Nariño,TERRITORIAL,394.4494435831037,baja,600,277,14278841031
2025,68377,La Belleza,Santander,TERRITORIAL,392.0037568296405,baja,148,106,8189587962
2025,52207,Consaca,Nariño,TERRITORIAL,391.6406557378002,baja,347,197,11550958571
2025,52385,La Llanada,Nariño,TERRITORIAL,391.47097631492323,baja,275,158,6509052095
2025,25258,El Peñón,Cundinamarca,TERRITORIAL,391.10547586793206,baja,165,112,8779727241
2025,91001,Leticia,Amazonas,NACIONAL,391.1000776241249,baja,685,506,49829907730
2025,54128,Cachirá,Norte de Santander,TERRITORIAL,390.880162314347,baja,209,157,8123217826
2025,63548,Pijao,Quindío,TERRITORIAL,389.96420992410265,baja,193,126,4719585777
2025,17662,Samaná,Caldas,TERRITORIAL,389.6727869689594,baja,583,271,13885369491
2025,25290,Fusagasugá,Cundinamarca,NACIONAL,389.6661342489144,baja,292,238,10639067156
2025,47545,Pijiño del Carmen,Magdalena,TERRITORIAL,389.53910136843245,baja,253,145,4527966164
2025,17653,Salamina,Caldas,TERRITORIAL,388.5651441362141,baja,277,175,6778878407
2025,54109,Bucarasica,Norte de Santander,TERRITORIAL,388.4703854591503,baja,347,212,11764775161
2025,81065,Arauquita,Arauca,TERRITORIAL,387.76752417430845,baja,400,211,40179671955
2025,25019,Albán,Cundinamarca,NACIONAL,387.38015287067105,baja,212,155,9134106104
2025,13001,Cartagena,Bolívar,TERRITORIAL,386.0651571114923,baja,15088,10252,2486351083376
2025,54245,El Carmen,Norte de Santander,TERRITORIAL,383.15920146460587,baja,519,385,21553141857
2025,41378,La Argentina,Huila,TERRITORIAL,382.6113766359597,baja,305,195,8904256535
2025,70708,San Marcos,Sucre,TERRITORIAL,382.02555428570787,baja,285,187,18578507609
2025,76306,Ginebra,Valle del Cauca,TERRITORIAL,381.9599103502572,baja,308,179,9472487827
2025,81001,Arauca,Arauca,NACIONAL,381.8906112511125,baja,792,559,114953691383
2025,73024,Alpujarra,Tolima,TERRITORIAL,381.79731174999193,baja,240,150,3851369027
2025,44001,Riohacha,La Guajira,NACIONAL,381.5149324926379,baja,1141,1001,74754244122
2025,15407,Villa de Leyva,Boyacá,TERRITORIAL,380.322915676034,baja,369,241,24656554513
2025,25769,Subachoque,Cundinamarca,TERRITORIAL,379.68081434136656,baja,244,202,17121983267
2025,41483,Nátaga,Huila,TERRITORIAL,379.34047369150835,baja,194,119,7047968188
2025,25594,Quetame,Cundinamarca,TERRITORIAL,378.9968393594734,baja,270,137,6085985749
2025,15317,Guacamayas,Boyacá,TERRITORIAL,377.801803186306,baja,146,99,3616482670
2025,66682,Santa Rosa de Cabal,Risaralda,NO_DEFINIDO,376.646769148631,baja,202,103,199139937
2025,52699,Santacruz,Nariño,TERRITORIAL,375.62860175539663,baja,473,300,20931367469
2025,68079,Barichara,Santander,TERRITORIAL,373.26478552832555,baja,255,166,11024642742
2025,15757,Socha,Boyacá,TERRITORIAL,372.28137543618703,baja,366,231,14832151831
2025,76126,Calima,Valle del Cauca,TERRITORIAL,371.33517838375025,baja,352,218,12801996117
2025,25001,Agua de Dios,Cundinamarca,TERRITORIAL,369.97956879099576,baja,466,290,12595105925
2025,76736,Sevilla,Valle del Cauca,TERRITORIAL,369.77226700361194,baja,414,221,11080620145
2025,25488,Nilo,Cundinamarca,TERRITORIAL,369.5611546670354,baja,258,173,12023804132
2025,13673,Santa Catalina,Bolívar,OTRO,368.25266417492975,baja,194,97,1982451064
2025,50689,San Martín,Meta,NACIONAL,368.22293790047945,baja,358,213,8338929948
2025,17088,Belalcázar,Caldas,TERRITORIAL,366.83455589463205,baja,158,126,9002850839
2025,68820,Tona,Santander,TERRITORIAL,365.4504795976729,baja,183,100,5580985773
2025,73352,Icononzo,Tolima,TERRITORIAL,364.2656530628745,baja,335,163,10636790250
2025,25269,Facatativá,Cundinamarca,NO_DEFINIDO,362.79593762248504,baja,215,115,5822230986
2025,25035,Anapoima,Cundinamarca,TERRITORIAL,362.4013659383606,baja,164,83,2759786866
2025,15131,Caldas,Boyacá,TERRITORIAL,361.83676076188766,baja,133,90,7206099864
2025,68498,Ocamonte,Santander,TERRITORIAL,361.25187756720015,baja,169,105,6065427062
2025,68686,San Miguel,Santander,TERRITORIAL,360.77040300532565,baja,181,116,6667331514
2025,25805,Tibacuy,Cundinamarca,TERRITORIAL,359.49977744516326,baja,212,139,5072185614
2025,73217,Coyaima,Tolima,TERRITORIAL,359.3522356084901,baja,432,284,30231944231
2025,66001,Pereira,Risaralda,OTRO,358.0903104397918,baja,980,924,66810009433
2025,52022,Aldana,Nariño,TERRITORIAL,358.03438907154873,baja,576,258,9182499410
2025,05631,Sabaneta,Antioquia,TERRITORIAL,356.16546874508424,baja,2961,1592,209624744118
2025,15806,Tibasosa,Boyacá,TERRITORIAL,355.1639790801043,baja,387,260,27160255233
2025,50226,Cumaral,Meta,TERRITORIAL,355.1281162428157,baja,334,296,23733634951
2025,52110,Buesaco,Nariño,TERRITORIAL,354.89897870733665,baja,610,263,9754895488
2025,25288,Fúquene,Cundinamarca,TERRITORIAL,354.21409261215143,baja,175,135,5628741065
2025,25662,San Juan de Río Seco,Cundinamarca,TERRITORIAL,352.8669530435322,baja,232,135,6928980256
2025,95015,Calamar,Guaviare,TERRITORIAL,352.1442134011313,baja,424,245,14357160390
2025,95001,San José del Guaviare,Guaviare,NACIONAL,351.505434713513,baja,524,390,53485794842
2025,25260,El Rosal,Cundinamarca,TERRITORIAL,351.4417330747343,baja,237,185,9671462622
2025,25845,Une,Cundinamarca,TERRITORIAL,350.3510119277098,baja,199,138,6234410223
2025,54001,Cúcuta,Norte de Santander,TERRITORIAL,350.04011281089595,baja,11826,8237,1512873485827
2025,19698,Santander de Quilichao,Cauca,TERRITORIAL,348.2599084810822,baja,1063,636,53790186619
2025,25394,La Palma,Cundinamarca,TERRITORIAL,348.1742648859158,baja,208,142,6898637150
2025,41548,Pital,Huila,TERRITORIAL,347.4155230928847,baja,279,146,8750899081
2025,27006,Acandí,Chocó,TERRITORIAL,346.9245159672946,baja,194,120,12174121231
2025,17616,Risaralda,Caldas,TERRITORIAL,346.3897905721414,baja,563,287,12249956070
2025,70001,Sincelejo,Sucre,TERRITORIAL,346.30985723851944,baja,3982,2420,424816845649
2025,73547,Piedras,Tolima,TERRITORIAL,346.0229396862495,baja,209,137,7219239415
2025,68051,Aratoca,Santander,TERRITORIAL,345.8948694298286,baja,208,133,9845100366
2025,73055,Armero,Tolima,TERRITORIAL,345.5249821113073,baja,315,189,15227913115
2025,19532,Patía,Cauca,TERRITORIAL,343.4277827298347,baja,405,230,22558830750
2025,19693,San Sebastián,Cauca,TERRITORIAL,341.64500422833765,baja,203,124,6436151756
2025,66440,Marsella,Risaralda,TERRITORIAL,341.622616833669,baja,320,200,8196378345
2025,41518,Paicol,Huila,TERRITORIAL,340.5192053915181,baja,228,126,5869217017
2025,19473,Morales,Cauca,TERRITORIAL,340.4295982192264,baja,362,237,23581140331
2025,05129,Caldas,Antioquia,TERRITORIAL,339.77354202197967,baja,947,535,54467544210
2025,70215,Corozal,Sucre,TERRITORIAL,339.65969164120463,baja,372,205,18393822388
2025,95001,San José del Guaviare,Guaviare,NO_DEFINIDO,339.06587244500724,baja,161,86,388096323
2025,52473,Mosquera,Nariño,TERRITORIAL,338.37575796599697,baja,476,219,27946390886
2025,47245,El Banco,Magdalena,TERRITORIAL,337.6979179685049,baja,2183,677,26115174008
2025,47545,Pijiño del Carmen,Magdalena,NACIONAL,336.6694820762084,baja,144,51,463657649
2025,25436,Manta,Cundinamarca,TERRITORIAL,335.3273434185949,baja,173,99,4299605978
2025,54810,Tibú,Norte de Santander,TERRITORIAL,334.63004687483505,baja,1943,998,117620393628
2025,73624,Rovira,Tolima,TERRITORIAL,333.8178402594515,baja,378,231,13891473320
2025,85410,Tauramena,Casanare,TERRITORIAL,333.5643813034313,baja,717,388,50246241584
2025,17174,Chinchiná,Caldas,TERRITORIAL,332.8030923064064,baja,1200,471,38473458655
2025,44420,La Jagua del Pilar,La Guajira,TERRITORIAL,332.63571720162184,baja,203,178,6831051225
2025,15296,Gameza,Boyacá,TERRITORIAL,332.51704393672776,baja,179,114,4907183303
2025,47030,Algarrobo,Magdalena,TERRITORIAL,332.21668057598447,baja,324,187,12998649954
2025,76100,Bolívar,Valle del Cauca,TERRITORIAL,331.9782467330999,baja,465,164,10063015985
2025,05038,Angostura,Antioquia,TERRITORIAL,331.2420775728462,baja,311,190,11930159092
2025,17001,Manizales,Caldas,NACIONAL,329.614157494237,baja,1946,1457,286132289059
2025,85162,Monterrey,Casanare,TERRITORIAL,329.1851612057332,baja,639,440,49923700199
2025,50318,Guamal,Meta,TERRITORIAL,328.0587788037276,baja,814,444,40067796513
2025,68320,Guadalupe,Santander,TERRITORIAL,327.08768101317645,baja,172,109,6295174085
2025,73268,Espinal,Tolima,TERRITORIAL,326.23111184615095,baja,1313,781,51829683619
2025,47189,Ciénaga,Magdalena,TERRITORIAL,325.95461764020536,baja,5880,1439,167096387013
2025,15632,Saboyá,Boyacá,TERRITORIAL,325.50989266544167,baja,328,161,8538551994
2025,19355,Inzá,Cauca,TERRITORIAL,324.90247889839907,baja,288,184,14249832872
2025,15550,Pisba,Boyacá,TERRITORIAL,324.68154661517383,baja,261,155,8506205399
2025,08137,Campo de la Cruz,Atlántico,TERRITORIAL,323.94301909484386,baja,331,163,4830522048
2025,73124,Cajamarca,Tolima,TERRITORIAL,323.8224815333412,baja,458,278,12625816539
2025,17867,Victoria,Caldas,TERRITORIAL,322.8631644944604,baja,383,157,9821061140
2025,68229,Curití,Santander,TERRITORIAL,322.5973800324204,baja,253,139,8702958244
2025,54099,Bochalema,Norte de Santander,TERRITORIAL,321.85352398128214,baja,255,152,6642873424
2025,44847,Uribia,La Guajira,TERRITORIAL,320.97135359467416,baja,476,345,366210372559
2025,25168,Chaguaní,Cundinamarca,TERRITORIAL,320.3707947485386,baja,160,114,5769759955
2025,52411,Linares,Nariño,TERRITORIAL,319.68249223743044,baja,340,175,7223569078
2025,50110,Barranca de Upía,Meta,TERRITORIAL,318.6930883627134,baja,330,195,13429021974
2025,76616,Riofrío,Valle del Cauca,TERRITORIAL,317.48723141933885,baja,256,189,10022899765
2025,68745,Simacota,Santander,TERRITORIAL,316.75869795024744,baja,241,150,9505355950
2025,25120,Cabrera,Cundinamarca,TERRITORIAL,316.4056635560233,baja,158,110,2892156732
2025,54518,Pamplona,Norte de Santander,TERRITORIAL,315.1757113094397,baja,316,245,15809024940
2025,41001,Neiva,Huila,NACIONAL,314.2872200933712,baja,1661,1359,151787841528
2025,68276,Floridablanca,Santander,NACIONAL,314.0175630471838,baja,581,372,139088469617
2025,15469,Moniquirá,Boyacá,TERRITORIAL,313.60566493698957,baja,570,382,50690220463
2025,05664,San Pedro,Antioquia,TERRITORIAL,313.3439036555639,baja,223,145,5943171838
2025,25324,Guataquí,Cundinamarca,TERRITORIAL,310.68774852721407,baja,290,159,5672920721
2025,68176,Chima,Santander,TERRITORIAL,309.7413355185971,baja,166,115,6497062806
2025,76111,Guadalajara de Buga,Valle del Cauca,TERRITORIAL,309.4230153536077,baja,2223,1519,74367949125
2025,05001,Medellín,Antioquia,TERRITORIAL,309.2916523762705,baja,21200,11249,13547055247283
2025,08296,Galapa,Atlántico,TERRITORIAL,308.12657142514587,baja,1142,405,37933498210
2025,25871,Villagómez,Cundinamarca,TERRITORIAL,307.6669933447702,baja,162,115,4124392163
2025,68167,Charalá,Santander,TERRITORIAL,307.55802923069325,baja,273,154,7724061462
2025,68872,Villanueva,Santander,TERRITORIAL,306.65814505081744,baja,273,152,7526328622
2025,25658,San Francisco,Cundinamarca,TERRITORIAL,304.71114499583865,baja,205,144,8632802644
2025,17614,Riosucio,Caldas,TERRITORIAL,303.6203729797432,baja,814,549,60001411269
2025,68500,Oiba,Santander,TERRITORIAL,303.56898539972343,baja,222,160,7765126232
2025,54239,Durania,Norte de Santander,TERRITORIAL,302.76542692043176,baja,329,183,8156994764
2025,91540,Puerto Nariño,Amazonas,TERRITORIAL,302.1778064121958,baja,507,247,10343025634
2025,54223,Cucutilla,Norte de Santander,TERRITORIAL,301.6275218000874,baja,494,306,13971445853
2025,27495,Nuquí,Chocó,TERRITORIAL,301.3075588684044,baja,166,117,8603981905
2025,25649,San Bernardo,Cundinamarca,TERRITORIAL,301.07991349518977,baja,251,173,7889105442
2025,73043,Anzoátegui,Tolima,TERRITORIAL,300.16069502731307,baja,546,219,8920229087
2025,54871,Villa Caro,Norte de Santander,TERRITORIAL,299.50510743545937,baja,230,132,7620332013
2025,52210,Contadero,Nariño,TERRITORIAL,297.36872563746005,baja,703,247,10164025780
2025,73861,Venadillo,Tolima,TERRITORIAL,296.9977890525253,baja,285,177,6150228287
2025,68773,Sucre,Santander,TERRITORIAL,296.4268182094035,baja,307,169,8544498634
2025,25645,San Antonio del Tequendama,Cundinamarca,TERRITORIAL,296.34651265656777,baja,273,190,8790370981
2025,20032,Astrea,Cesar,TERRITORIAL,295.43088077374085,baja,990,381,20440271029
2025,95001,San José del Guaviare,Guaviare,TERRITORIAL,292.68617572038056,baja,4060,2025,330431757687
2025,73349,Honda,Tolima,TERRITORIAL,292.4337122405324,baja,1325,677,81030190241
2025,76113,Bugalagrande,Valle del Cauca,TERRITORIAL,292.3147717918136,baja,981,453,23469195051
2025,76130,Candelaria,Valle del Cauca,TERRITORIAL,292.14953736348673,baja,2926,1661,91499502016
2025,23001,Montería,Córdoba,TERRITORIAL,291.7353029427999,baja,4581,2719,1218677467526
2025,13760,Soplaviento,Bolívar,TERRITORIAL,291.24195391414804,baja,263,136,4299552017
2025,54520,Pamplonita,Norte de Santander,TERRITORIAL,290.7137180854453,baja,300,191,8197266903
2025,13473,Morales,Bolívar,TERRITORIAL,287.9983112234416,baja,580,342,26406255144
2025,25183,Chocontá,Cundinamarca,NACIONAL,285.8655840853774,baja,365,289,14757545446
2025,73675,San Antonio,Tolima,TERRITORIAL,282.87013588871565,baja,290,158,5803743878
2025,18479,Morelia,Caquetá,TERRITORIAL,282.5981507765269,baja,189,108,6317445277
2025,25299,Gama,Cundinamarca,TERRITORIAL,282.3580523593475,baja,216,130,7153127309
2025,73873,Villarrica,Tolima,TERRITORIAL,281.66031602900017,baja,418,219,12226880364
2025,25736,Sesquilé,Cundinamarca,TERRITORIAL,281.335979076925,baja,466,366,27225080850
2025,85001,Yopal,Casanare,OTRO,281.1131108373203,baja,89,58,1709493555
2025,25086,Beltrán,Cundinamarca,TERRITORIAL,280.72765289517514,baja,240,135,4342792130
2025,17524,Palestina,Caldas,TERRITORIAL,279.8519068397191,baja,196,163,10860774491
2025,66170,Dosquebradas,Risaralda,TERRITORIAL,279.6510151609344,baja,2332,1655,141285936333
2025,17001,Manizales,Caldas,TERRITORIAL,278.6757333281268,baja,4632,2796,706723964882
2025,11001,Bogotá D.C.,Bogotá,NACIONAL,277.1140040647211,baja,117106,84236,42555601662363
2025,25407,Lenguazaque,Cundinamarca,TERRITORIAL,276.9148680187557,baja,209,147,7788944866
2025,15837,Tuta,Boyacá,TERRITORIAL,276.1514634396275,baja,425,274,17622954696
2025,73026,Alvarado,Tolima,TERRITORIAL,275.9027801252276,baja,418,216,11038659956
2025,54820,Toledo,Norte de Santander,TERRITORIAL,275.4074471753969,baja,450,254,19041593996
2025,41001,Neiva,Huila,NO_DEFINIDO,274.24613427988106,baja,215,182,1677356943
2025,54174,Chitagá,Norte de Santander,TERRITORIAL,274.1801675997864,baja,395,240,14886503258
2025,25286,Funza,Cundinamarca,NACIONAL,273.91406282601884,baja,71,54,2106978304
2025,25743,Silvania,Cundinamarca,TERRITORIAL,273.01926233977497,baja,423,262,11724908181
2025,70670,Sampués,Sucre,TERRITORIAL,272.58765983323576,baja,896,499,38218718585
2025,41551,Pitalito,Huila,TERRITORIAL,271.78179944710877,baja,1786,838,187078859564
2025,76892,Yumbo,Valle del Cauca,TERRITORIAL,270.35307580936734,baja,1596,1139,50763774024
2025,73622,Roncesvalles,Tolima,TERRITORIAL,270.1372963160358,baja,325,169,6632616440
2025,15516,Paipa,Boyacá,TERRITORIAL,269.7585333506535,baja,165,111,3446656893
2025,54172,Chinácota,Norte de Santander,TERRITORIAL,269.15712738617225,baja,1632,865,41924020717
2025,99001,Puerto Carreño,Vichada,TERRITORIAL,266.44046320676966,baja,3074,1779,293220422403
2025,50370,Uribe,Meta,TERRITORIAL,265.6879724615954,baja,421,233,16875862456
2025,25335,Guayabetal,Cundinamarca,TERRITORIAL,262.8868772361958,baja,168,117,4692769599
2025,25126,Cajicá,Cundinamarca,TERRITORIAL,260.13094280722856,baja,1401,1134,140465974623
2025,41807,Timaná,Huila,TERRITORIAL,259.8444704464805,baja,345,181,9076509228
2025,05045,Apartadó,Antioquia,TERRITORIAL,257.9480926980807,baja,1053,878,87472341092
2025,25797,Tena,Cundinamarca,TERRITORIAL,257.28545536692906,baja,222,147,6098619724
2025,25290,Fusagasugá,Cundinamarca,TERRITORIAL,256.84630939897716,baja,1428,1177,139729377752
2025,19256,El Tambo,Cauca,TERRITORIAL,255.32600034376455,baja,417,242,18690170984
2025,13160,Cantagallo,Bolívar,TERRITORIAL,255.04879758789033,baja,860,409,28459398533
2025,76834,Tuluá,Valle del Cauca,NO_DEFINIDO,254.24168743891738,baja,860,240,2172132846
2025,50287,Fuente de Oro,Meta,TERRITORIAL,253.58556062990914,baja,551,246,15976445263
2025,73200,Coello,Tolima,TERRITORIAL,252.29332082381453,baja,436,227,6879167383
2025,19318,Guapi,Cauca,TERRITORIAL,251.63765034108567,baja,428,241,21465188889
2025,25123,Cachipay,Cundinamarca,TERRITORIAL,251.38769491502512,baja,203,142,6906746014
2025,17380,La Dorada,Caldas,NACIONAL,250.51710102626927,baja,216,182,9066945892
2025,15332,Güicán,Boyacá,TERRITORIAL,250.12663003915054,baja,141,86,2252288583
2025,25535,Pasca,Cundinamarca,TERRITORIAL,248.96285225656044,baja,223,144,4934408514
2025,73411,Líbano,Tolima,TERRITORIAL,248.36737035814286,baja,873,630,29544279627
2025,17777,Supía,Caldas,TERRITORIAL,247.02339327587228,baja,324,220,15558779017
2025,76869,Vijes,Valle del Cauca,TERRITORIAL,245.08147034547002,baja,464,244,9983679737
2025,73770,Suárez,Tolima,TERRITORIAL,244.86044625379563,baja,463,166,10372397701
2025,52254,El Peñol,Nariño,TERRITORIAL,244.56713402536607,baja,507,193,6658679460
2025,66383,La Celia,Risaralda,TERRITORIAL,244.5545863795178,baja,125,102,2751228368
2025,20614,Río de Oro,Cesar,TERRITORIAL,244.3757563194394,baja,216,147,5619182601
2025,05579,Puerto Berrío,Antioquia,TERRITORIAL,243.835706614601,baja,498,207,3357540825
2025,25307,Girardot,Cundinamarca,TERRITORIAL,243.65061074332345,baja,1687,1203,99386157526
2025,41006,Acevedo,Huila,TERRITORIAL,243.5359992488335,baja,677,333,22113595376
2025,25312,Granada,Cundinamarca,TERRITORIAL,242.81486758499665,baja,256,175,10543318269
2025,19001,Popayán,Cauca,TERRITORIAL,242.47765924060272,baja,11623,6571,1391380951521
2025,76318,Guacarí,Valle del Cauca,TERRITORIAL,241.2595822457611,baja,634,336,18137365184
2025,52565,Providencia,Nariño,TERRITORIAL,240.31687479370277,baja,399,186,6355893736
2025,63690,Salento,Quindío,TERRITORIAL,239.6182463608423,baja,363,181,7142055784
2025,15518,Pajarito,Boyacá,TERRITORIAL,239.52528583359907,baja,167,102,3964678993
2025,81736,Saravena,Arauca,TERRITORIAL,238.365093767364,baja,425,223,28283703186
2025,68169,Charta,Santander,TERRITORIAL,237.45811256155807,baja,171,101,3027394711
2025,73449,Melgar,Tolima,TERRITORIAL,237.21354498312797,baja,2105,1160,57148819883
2025,25592,Quebradanegra,Cundinamarca,TERRITORIAL,237.07802474916437,baja,256,152,8736912408
2025,25843,Villa de San Diego de Ubate,Cundinamarca,TERRITORIAL,236.83853599498818,baja,448,399,29085066925
2025,15480,Muzo,Boyacá,TERRITORIAL,236.65157179669188,baja,245,148,9702742807
2025,85325,San Luis de Palenque,Casanare,TERRITORIAL,235.86483089250575,baja,374,211,14470095580
2025,73270,Falan,Tolima,TERRITORIAL,235.16160333460957,baja,306,152,8005196049
2025,63190,Circasia,Quindío,TERRITORIAL,233.74471321647724,baja,727,400,13290231841
2025,73030,Ambalema,Tolima,TERRITORIAL,233.45620434706873,baja,96,80,1433323408
2025,76001,Cali,Valle del Cauca,TERRITORIAL,233.1828899929883,baja,65959,25973,5874079061033
2025,18001,Florencia,Caquetá,NACIONAL,233.04373242695505,baja,772,524,152530794736
2025,25781,Sutatausa,Cundinamarca,TERRITORIAL,232.65832900511955,baja,178,155,5950970056
2025,44001,Riohacha,La Guajira,TERRITORIAL,232.30798533835505,baja,2861,1926,696746074723
2025,19701,Santa Rosa,Cauca,TERRITORIAL,231.80842986274394,baja,198,127,4737753257
2025,25286,Funza,Cundinamarca,TERRITORIAL,231.69265920284082,baja,2131,1543,184392484349
2025,76122,Caicedonia,Valle del Cauca,TERRITORIAL,230.58740600352388,baja,402,218,11992175156
2025,25506,Venecia,Cundinamarca,TERRITORIAL,229.67647261720157,baja,173,109,3624055041
2025,76248,El Cerrito,Valle del Cauca,TERRITORIAL,227.72777165620874,baja,820,413,28335692937
2025,17433,Manzanares,Caldas,TERRITORIAL,227.31352515877902,baja,529,267,19311103567
2025,25772,Suesca,Cundinamarca,TERRITORIAL,227.2349699690329,baja,215,181,8820154912
2025,85010,Aguazul,Casanare,TERRITORIAL,226.4899017296976,baja,1995,996,74539819369
2025,25489,Nimaima,Cundinamarca,TERRITORIAL,226.34344977664153,baja,255,160,6028281888
2025,44110,El Molino,La Guajira,TERRITORIAL,224.0631716647265,baja,233,140,6058160797
2025,68271,Florián,Santander,TERRITORIAL,223.72923724404185,baja,392,218,17607101816
2025,52001,Pasto,Nariño,TERRITORIAL,222.14584027699289,baja,9935,5342,792682857054
2025,27491,Nóvita,Chocó,TERRITORIAL,218.59588633791734,baja,156,103,2631948347
2025,86569,Puerto Caicedo,Putumayo,TERRITORIAL,218.3185932799308,baja,241,139,4623517657
2025,68298,Gambita,Santander,TERRITORIAL,218.23249284715834,baja,206,135,6088868518
2025,19397,La Vega,Cauca,TERRITORIAL,217.77284651953053,baja,224,128,8052541674
2025,19300,Guachené,Cauca,TERRITORIAL,217.69272743361083,baja,310,240,8428439967
2025,68432,Málaga,Santander,TERRITORIAL,216.0364631140091,baja,378,224,15082447983
2025,73347,Herveo,Tolima,TERRITORIAL,215.14542002595957,baja,436,261,11073883661
2025,25307,Girardot,Cundinamarca,NACIONAL,214.53071527928915,baja,424,376,19932940505
2025,54001,Cúcuta,Norte de Santander,NACIONAL,211.3478043558757,baja,3279,2556,550781955513
2025,25745,Simijaca,Cundinamarca,TERRITORIAL,207.50704277055573,baja,250,189,7932582036
2025,08638,Sabanalarga,Atlántico,NACIONAL,206.481231844323,baja,922,694,40050164400
2025,17380,La Dorada,Caldas,OTRO,205.72575328460022,baja,461,231,7392102102
2025,50606,Restrepo,Meta,TERRITORIAL,204.24735667441823,baja,445,293,23738351431
2025,68547,Piedecuesta,Santander,TERRITORIAL,204.01664393529273,baja,2323,1509,183997230386
2025,25572,Puerto Salgar,Cundinamarca,TERRITORIAL,203.88930479816588,baja,589,332,21453675259
2025,52320,Guaitarilla,Nariño,TERRITORIAL,203.67821000070234,baja,414,199,6942243266
2025,25873,Villapinzón,Cundinamarca,TERRITORIAL,201.57159298672192,baja,336,261,16679283100
2025,86568,Puerto Asís,Putumayo,TERRITORIAL,201.06628258651364,baja,1708,691,39163052195
2025,25875,Villeta,Cundinamarca,TERRITORIAL,199.97550458123084,baja,512,393,26257686741
2025,25878,Viotá,Cundinamarca,TERRITORIAL,199.8265956514018,baja,375,248,8341194350
2025,25175,Chía,Cundinamarca,TERRITORIAL,199.76732462196796,baja,1635,1328,166560474124
2025,25001,Agua de Dios,Cundinamarca,NACIONAL,199.53587437393296,baja,639,419,24499155608
2025,41530,Palestina,Huila,TERRITORIAL,197.13335719369834,baja,802,317,16391102594
2025,25099,Bojacá,Cundinamarca,TERRITORIAL,193.9926705904988,baja,278,236,10911361161
2025,08436,Manatí,Atlántico,NACIONAL,192.40971550385794,baja,232,178,3310468993
2025,25841,Ubaque,Cundinamarca,TERRITORIAL,190.1969435956093,baja,221,179,8649689446
2025,05045,Apartadó,Antioquia,NACIONAL,188.2726925845646,baja,534,471,26630299027
2025,50001,Villavicencio,Meta,NACIONAL,188.18677612461292,baja,3056,1882,163832921945
2025,52678,Samaniego,Nariño,TERRITORIAL,185.96196343739666,baja,627,291,13663965974
2025,05250,El Bagre,Antioquia,NACIONAL,184.45964898168975,baja,183,162,7510032738
2025,85001,Yopal,Casanare,TERRITORIAL,184.39963686598995,baja,10422,6352,748801184715
2025,20001,Valledupar,Cesar,NO_DEFINIDO,183.88179590382,baja,762,338,2690041920
2025,25488,Nilo,Cundinamarca,NACIONAL,182.36697558821828,baja,340,324,26961444787
2025,08558,Polonuevo,Atlántico,TERRITORIAL,181.38517350691637,baja,240,139,2373797972
2025,25279,Fomeque,Cundinamarca,TERRITORIAL,180.9261667059709,baja,352,219,7713899518
2025,25486,Nemocón,Cundinamarca,TERRITORIAL,180.7914746101129,baja,359,205,9640868010
2025,68861,Vélez,Santander,NACIONAL,180.33878942611707,baja,389,345,17217872782
2025,13744,Simití,Bolívar,TERRITORIAL,179.34989481791516,baja,902,480,41768303865
2025,73616,Rioblanco,Tolima,TERRITORIAL,175.24637793082357,baja,707,413,28444093468
2025,19001,Popayán,Cauca,NACIONAL,167.97311660233134,baja,3586,2667,513938766532
2025,15238,Duitama,Boyacá,NACIONAL,167.7855328906855,baja,331,310,16692323413
2025,68081,Barrancabermeja,Santander,NACIONAL,166.25354727454507,baja,305,284,12955782909
2025,25245,El Colegio,Cundinamarca,TERRITORIAL,163.71123325774167,baja,1276,710,39551580126
2025,05001,Medellín,Antioquia,NACIONAL,163.20764069364225,baja,30750,15821,2065605845832
2025,76109,Buenaventura,Valle del Cauca,TERRITORIAL,162.78225658452027,baja,2581,1711,160019567719
2025,05129,Caldas,Antioquia,NACIONAL,160.96936573292274,baja,292,275,13966847331
2025,47555,Plato,Magdalena,TERRITORIAL,160.2479198082932,baja,2674,706,40720531037
2025,25053,Arbeláez,Cundinamarca,TERRITORIAL,158.08838607513118,baja,327,209,7504745910
2025,25320,Guaduas,Cundinamarca,TERRITORIAL,156.6721587449888,baja,1181,658,39243552521
2025,50001,Villavicencio,Meta,TERRITORIAL,155.75323080007894,baja,14685,8361,1321950666717
2025,13140,Calamar,Bolívar,TERRITORIAL,154.09600824907216,baja,1296,461,14227670315
2025,41551,Pitalito,Huila,NACIONAL,149.5588329416103,baja,468,421,23543590110
2025,23001,Montería,Córdoba,NACIONAL,148.99377527808105,baja,1532,1027,497015934572
2025,68001,Bucaramanga,Santander,TERRITORIAL,146.0074919798832,baja,19957,10381,1958377224842
2025,05579,Puerto Berrío,Antioquia,NACIONAL,143.25736475863536,baja,287,274,14052121798
2025,08001,Barranquilla,Atlántico,TERRITORIAL,142.78621377212122,baja,16735,11141,3706096884929
2025,25377,La Calera,Cundinamarca,TERRITORIAL,141.4514013097682,baja,644,547,28428280812
2025,76111,Guadalajara de Buga,Valle del Cauca,NACIONAL,137.2963780500544,baja,403,378,20420719406
2025,70001,Sincelejo,Sucre,NACIONAL,135.07013561963558,baja,1116,952,190253114034
2025,73671,Saldaña,Tolima,TERRITORIAL,133.76377262026656,baja,673,409,15753460729
2025,15759,Sogamoso,Boyacá,NACIONAL,132.88760471073954,baja,801,718,46198894670
2025,63001,Armenia,Quindío,NACIONAL,132.1504341767814,baja,3853,2514,202656762223
2025,52560,Potosí,Nariño,TERRITORIAL,130.50879880757253,baja,1308,438,12690010956
2025,68001,Bucaramanga,Santander,NACIONAL,130.10045383263292,baja,4866,3434,480486244859
2025,41298,Garzón,Huila,NACIONAL,127.31143026176335,baja,285,258,11678622076
2025,20001,Valledupar,Cesar,NACIONAL,126.36812747033385,baja,635,363,359233637276
2025,08001,Barranquilla,Atlántico,NO_DEFINIDO,119.71057666395184,baja,1410,533,31778583442
2025,47001,Santa Marta,Magdalena,NACIONAL,118.26303869571504,baja,2114,1568,405219271151
2025,15001,Tunja,Boyacá,NACIONAL,116.82851941316837,baja,2174,1645,285478136027
2025,68081,Barrancabermeja,Santander,TERRITORIAL,113.81666708597851,baja,1655,1128,42316486246
2025,73001,Ibagué,Tolima,TERRITORIAL,110.56765499995232,baja,8213,5707,745907442288
2025,52573,Puerres,Nariño,TERRITORIAL,106.25553087152885,baja,722,327,7670786415
2025,68679,San Gil,Santander,NACIONAL,105.50694576567936,baja,1863,1231,61950373493
2025,41396,La Plata,Huila,NACIONAL,104.31554520672302,baja,218,196,8164839310
2025,54405,Los Patios,Norte de Santander,TERRITORIAL,102.26492608923523,baja,1480,783,37247580085
2025,73001,Ibagué,Tolima,NACIONAL,97.75484512594892,baja,3837,3028,504153208009
2025,25473,Mosquera,Cundinamarca,NACIONAL,92.59875095743355,baja,552,529,31089617309
2025,25175,Chía,Cundinamarca,NACIONAL,92.55311427127062,baja,580,513,26414198458
2025,52001,Pasto,Nariño,NACIONAL,92.09944292352156,baja,825,672,51551627633
2025,76147,Cartago,Valle del Cauca,NACIONAL,91.4519106873524,baja,283,242,10680999345
2025,25151,Caqueza,Cundinamarca,TERRITORIAL,90.59918639943481,baja,1998,1262,68623593841
2025,68432,Málaga,Santander,NACIONAL,90.56813648125576,baja,281,264,11525337040
2025,13001,Cartagena,Bolívar,NACIONAL,84.36339849363611,baja,4257,3241,764055058879
2025,66001,Pereira,Risaralda,NACIONAL,76.39853750253533,baja,1787,1551,105351461303
2025,76834,Tuluá,Valle del Cauca,NACIONAL,74.41466219993349,baja,381,363,15475064000
2025,52356,Ipiales,Nariño,NACIONAL,73.62475765497543,baja,366,297,11929201492
2025,05042,Santafé de Antioquia,Antioquia,NACIONAL,73.38638466816927,baja,274,265,12119742417
2025,25754,Soacha,Cundinamarca,NACIONAL,70.95433952063853,baja,510,468,21062768875
2025,11001,Bogotá D.C.,Bogotá,TERRITORIAL,52.082812129807536,baja,54808,43494,9846121538832
2025,76001,Cali,Valle del Cauca,NACIONAL,49.319165636749005,baja,7448,5389,1278756458282
2025,05360,Itagui,Antioquia,NACIONAL,49.05780213741621,baja,679,611,27181764379
2025,25875,Villeta,Cundinamarca,NACIONAL,42.95053228679124,baja,473,445,17063472038
2025,25293,Gachala,Cundinamarca,OTRO,39.491388111862896,baja,495,338,9285405367
2026,05004,Abriaquí,Antioquia,TERRITORIAL,10000.0,alta,1,1,20000000
2026,05197,Cocorná,Antioquia,TERRITORIAL,10000.0,alta,1,1,8000000
2026,05284,Frontino,Antioquia,OTRO,10000.0,alta,1,1,29297450
2026,05315,Guadalupe,Antioquia,TERRITORIAL,10000.0,alta,1,1,28000000
2026,05604,Remedios,Antioquia,TERRITORIAL,10000.0,alta,1,1,20250000
2026,05660,San Luis,Antioquia,OTRO,10000.0,alta,1,1,18000000
2026,05667,San Rafael,Antioquia,TERRITORIAL,10000.0,alta,1,1,10804000
2026,08549,Piojó,Atlántico,TERRITORIAL,10000.0,alta,2,1,76800000
2026,08675,Santa Lucía,Atlántico,NACIONAL,10000.0,alta,1,1,18000000
2026,13490,Norosí,Bolívar,TERRITORIAL,10000.0,alta,1,1,16800100
2026,13549,Pinillos,Bolívar,TERRITORIAL,10000.0,alta,1,1,19847730
2026,15232,Chíquiza,Boyacá,TERRITORIAL,10000.0,alta,1,1,78720000
2026,15507,Otanche,Boyacá,TERRITORIAL,10000.0,alta,1,1,4485000
2026,15522,Panqueba,Boyacá,NACIONAL,10000.0,alta,1,1,8000000
2026,15550,Pisba,Boyacá,NACIONAL,10000.0,alta,1,1,14000000
2026,18256,El Paujil,Caquetá,NACIONAL,10000.0,alta,1,1,16524000
2026,23686,San Pelayo,Córdoba,NACIONAL,10000.0,alta,1,1,71993019
2026,25386,La Mesa,Cundinamarca,NACIONAL,10000.0,alta,1,1,7510700
2026,25438,Medina,Cundinamarca,NACIONAL,10000.0,alta,1,1,1600000
2026,25594,Quetame,Cundinamarca,NACIONAL,10000.0,alta,1,1,19200000
2026,27150,Carmen del Darien,Chocó,TERRITORIAL,10000.0,alta,1,1,299930576
2026,27205,Condoto,Chocó,TERRITORIAL,10000.0,alta,1,1,146610620
2026,27372,Juradó,Chocó,TERRITORIAL,10000.0,alta,1,1,48975000
2026,44430,Maicao,La Guajira,NACIONAL,10000.0,alta,1,1,471769475
2026,44847,Uribia,La Guajira,NACIONAL,10000.0,alta,1,1,54833625
2026,50226,Cumaral,Meta,OTRO,10000.0,alta,1,1,7500000
2026,54398,La Playa,Norte de Santander,TERRITORIAL,10000.0,alta,1,1,14442000
2026,68855,Valle de San José,Santander,NACIONAL,10000.0,alta,1,1,30000000
2026,73349,Honda,Tolima,NACIONAL,10000.0,alta,1,1,3740000
2026,76400,La Unión,Valle del Cauca,OTRO,10000.0,alta,1,1,120000000
2026,76736,Sevilla,Valle del Cauca,NACIONAL,10000.0,alta,1,1,33777027
2026,95200,Miraflores,Guaviare,TERRITORIAL,10000.0,alta,1,1,15700000
2026,19110,Buenos Aires,Cauca,OTRO,9977.333543759112,alta,229,194,5553923906609
2026,08675,Santa Lucía,Atlántico,TERRITORIAL,9780.68387332068,alta,5,3,3092897120
2026,66075,Balboa,Risaralda,TERRITORIAL,9586.769930117,alta,95,90,204267784860
2026,27600,Río Quito,Chocó,TERRITORIAL,9533.15559900067,alta,2,2,3073500000
2026,15051,Arcabuco,Boyacá,TERRITORIAL,9297.827273184921,alta,4,4,364407517
2026,08832,Tubará,Atlántico,TERRITORIAL,9290.632978549165,alta,6,5,19831150854
2026,08770,Suan,Atlántico,TERRITORIAL,9139.358027751387,alta,17,17,3654037359
2026,15720,Sativanorte,Boyacá,NACIONAL,9073.363052085857,alta,2,2,24433352
2026,25293,Gachala,Cundinamarca,NACIONAL,8589.916121658887,alta,7,7,2494093372
2026,05501,Olaya,Antioquia,TERRITORIAL,8403.957995981646,alta,2,2,51504000
2026,15681,San Pablo de Borbur,Boyacá,TERRITORIAL,7958.579881656803,alta,2,2,26000000
2026,70418,Los Palmitos,Sucre,TERRITORIAL,7858.975512999742,alta,84,78,28505843462
2026,47675,Salamina,Magdalena,TERRITORIAL,7634.405744118561,alta,23,23,10991645485
2026,15403,La Uvita,Boyacá,NACIONAL,7345.838107385434,alta,2,2,37979712
2026,44110,El Molino,La Guajira,TERRITORIAL,7304.834012164746,alta,39,37,5855454850
2026,05585,Puerto Nare,Antioquia,TERRITORIAL,7222.184671407573,alta,254,234,57778526555
2026,15325,Guayatá,Boyacá,TERRITORIAL,7001.2494793835895,alta,2,2,24500000
2026,41020,Algeciras,Huila,OTRO,6732.200842269242,alta,3,3,23583900
2026,17042,Anserma,Caldas,TERRITORIAL,6701.698067247617,alta,195,183,18460396976
2026,41013,Agrado,Huila,TERRITORIAL,6523.888237415441,alta,101,96,16489303660
2026,66088,Belén de Umbría,Risaralda,OTRO,6449.704142011836,alta,2,2,52000000
2026,15469,Moniquirá,Boyacá,NACIONAL,6413.115914212375,alta,3,2,15799244
2026,08606,Repelón,Atlántico,TERRITORIAL,6279.961402107249,alta,44,44,8195272064
2026,50124,Cabuyaro,Meta,TERRITORIAL,6278.61158356116,alta,205,201,34178151455
2026,41396,La Plata,Huila,OTRO,6238.027008307314,alta,2,2,59713333
2026,50573,Puerto López,Meta,NACIONAL,6169.648887695493,alta,3,3,88780000
2026,15455,Miraflores,Boyacá,NACIONAL,6165.0649938912775,alta,96,89,24122707448
2026,50573,Puerto López,Meta,TERRITORIAL,6076.91650550146,alta,249,232,53578260008
2026,50711,Vistahermosa,Meta,NACIONAL,6061.103396035854,alta,2,2,44500000
2026,08141,Candelaria,Atlántico,TERRITORIAL,6007.224311963263,alta,64,62,13050079806
2026,54720,Sardinata,Norte de Santander,TERRITORIAL,5930.996396571003,alta,4,4,270093745
2026,08758,Soledad,Atlántico,NACIONAL,5882.779010665768,alta,83,79,13049755690
2026,19300,Guachené,Cauca,TERRITORIAL,5872.683038050132,alta,256,249,15093364815
2026,20443,Manaure,Cesar,TERRITORIAL,5665.433786022263,alta,4,3,579110404
2026,05885,Yalí,Antioquia,TERRITORIAL,5651.078961500564,alta,8,8,850589811
2026,47570,Puebloviejo,Magdalena,TERRITORIAL,5650.928117039355,alta,8,8,4151929898
2026,13042,Arenal,Bolívar,TERRITORIAL,5608.865765356246,alta,12,12,2733300067
2026,47058,Ariguaní,Magdalena,TERRITORIAL,5582.582322116494,alta,3,3,726115614
2026,15762,Sora,Boyacá,TERRITORIAL,5577.812261973679,alta,3,3,46720740
2026,76020,Alcalá,Valle del Cauca,NACIONAL,5555.555555555555,alta,2,2,60000000
2026,47245,El Banco,Magdalena,NACIONAL,5523.870357862269,alta,2,2,11033373
2026,15480,Muzo,Boyacá,NACIONAL,5478.608355796811,alta,3,3,1262210100
2026,15814,Toca,Boyacá,TERRITORIAL,5455.194405251564,alta,2,2,14596000
2026,20570,Pueblo Bello,Cesar,TERRITORIAL,5451.587806558797,alta,156,155,22337627294
2026,73024,Alpujarra,Tolima,NACIONAL,5408.813476449011,alta,2,2,11931800
2026,15377,Labranzagrande,Boyacá,TERRITORIAL,5357.23403931066,alta,27,25,1614986558
2026,76622,Roldanillo,Valle del Cauca,NACIONAL,5327.577212914448,alta,160,138,31382176122
2026,52356,Ipiales,Nariño,NO_DEFINIDO,5322.612733740241,alta,11,11,24947970
2026,54206,Convención,Norte de Santander,OTRO,5254.8874899306975,alta,4,3,1529311252
2026,47545,Pijiño del Carmen,Magdalena,TERRITORIAL,5161.523017268998,alta,2,2,638304813
2026,73483,Natagaima,Tolima,TERRITORIAL,5137.473971996618,alta,115,111,9136455223
2026,47745,Sitionuevo,Magdalena,TERRITORIAL,5102.04081632653,alta,2,2,21000000
2026,15223,Cubará,Boyacá,TERRITORIAL,5078.125,alta,2,2,51200000
2026,68895,Zapatoca,Santander,TERRITORIAL,5061.728395061728,alta,2,2,27000000
2026,70221,Coveñas,Sucre,NACIONAL,5025.407136758001,alta,31,30,5879072516
2026,05190,Cisneros,Antioquia,NACIONAL,5020.360857773741,alta,2,2,55384616
2026,25151,Caqueza,Cundinamarca,NACIONAL,5009.716786623672,alta,2,2,17240000
2026,05145,Caramanta,Antioquia,TERRITORIAL,5004.08163265306,alta,2,2,35000000
2026,13683,Santa Rosa,Bolívar,OTRO,5000.0,alta,2,2,80000000
2026,47605,Remolino,Magdalena,TERRITORIAL,5000.0,alta,2,2,48000000
2026,25506,Venecia,Cundinamarca,TERRITORIAL,4999.218663964072,alta,67,66,6410889014
2026,05761,Sopetrán,Antioquia,TERRITORIAL,4995.160302750067,alta,3,3,72330000
2026,17665,San José,Caldas,TERRITORIAL,4823.792223014428,alta,10,8,638172611
2026,25817,Tocancipá,Cundinamarca,TERRITORIAL,4678.306743226409,alta,872,863,147218318748
2026,15835,Turmequé,Boyacá,NACIONAL,4670.343033451911,alta,3,3,292709928
2026,05051,Arboletes,Antioquia,TERRITORIAL,4667.104780391174,alta,40,40,15875566483
2026,50223,Cubarral,Meta,TERRITORIAL,4594.585202193834,alta,100,92,8412971887
2026,15835,Turmequé,Boyacá,TERRITORIAL,4500.5136312798495,alta,66,64,10665869503
2026,76364,Jamundí,Valle del Cauca,NACIONAL,4492.253020843094,alta,8,6,2261172548
2026,05034,Andes,Antioquia,NACIONAL,4432.867139572203,alta,8,6,233355561
2026,23574,Puerto Escondido,Córdoba,TERRITORIAL,4423.06566921371,alta,47,36,6911616090
2026,70215,Corozal,Sucre,TERRITORIAL,4387.870602700124,alta,101,87,12813140919
2026,19809,Timbiquí,Cauca,TERRITORIAL,4386.233479650047,alta,9,8,572150782
2026,52835,San Andrés de Tumaco,Nariño,TERRITORIAL,4335.447390024185,alta,962,958,33057394097
2026,15322,Guateque,Boyacá,NACIONAL,4299.405548248777,alta,3,3,27923780
2026,76318,Guacarí,Valle del Cauca,OTRO,4290.378532802775,alta,3,3,59400000
2026,47551,Pivijay,Magdalena,TERRITORIAL,4284.407488229954,alta,8,6,105136000
2026,15693,Santa Rosa de Viterbo,Boyacá,NACIONAL,4257.080736848196,alta,4,4,164992000
2026,13838,Turbaná,Bolívar,TERRITORIAL,4191.480682943884,alta,3,3,78600000
2026,73678,San Luis,Tolima,NACIONAL,4073.9228209757107,alta,9,8,955891249
2026,25407,Lenguazaque,Cundinamarca,NACIONAL,4057.750306070651,alta,3,3,18300000
2026,25572,Puerto Salgar,Cundinamarca,NACIONAL,4030.6156705453645,alta,12,12,936658380
2026,68655,Sabana de Torres,Santander,TERRITORIAL,4002.52225117773,alta,218,208,22084221167
2026,05088,Bello,Antioquia,NACIONAL,3952.2356628492194,alta,16,12,3210935427
2026,13810,Tiquisio,Bolívar,TERRITORIAL,3934.517173393102,alta,3,3,91211000
2026,20045,Becerril,Cesar,TERRITORIAL,3862.821700659775,alta,167,165,28388867939
2026,05040,Anorí,Antioquia,TERRITORIAL,3855.2371071184566,alta,3,3,65422200
2026,50350,La Macarena,Meta,TERRITORIAL,3841.0597191108227,alta,131,129,10444720683
2026,13268,El Peñón,Bolívar,TERRITORIAL,3837.635765549484,alta,5,5,64016720
2026,73411,Líbano,Tolima,NACIONAL,3837.120373883733,alta,3,3,46194467
2026,85250,Paz de Ariporo,Casanare,NACIONAL,3825.203279278474,alta,3,3,66744373
2026,05308,Girardota,Antioquia,TERRITORIAL,3817.4322382938003,alta,540,525,82266745279
2026,47268,El Retén,Magdalena,TERRITORIAL,3769.959824641695,alta,90,84,9258970936
2026,08638,Sabanalarga,Atlántico,TERRITORIAL,3715.51618494074,alta,8,8,597500000
2026,18460,Milán,Caquetá,TERRITORIAL,3641.444986320425,alta,90,88,10148327578
2026,66687,Santuario,Risaralda,TERRITORIAL,3630.75530679873,alta,5,5,43247150
2026,73352,Icononzo,Tolima,TERRITORIAL,3627.715196041071,alta,98,87,6166129498
2026,05034,Andes,Antioquia,OTRO,3525.2417672274833,alta,5,5,78446000
2026,05101,Ciudad Bolívar,Antioquia,TERRITORIAL,3522.4708302041495,alta,3,3,39839000
2026,41078,Baraya,Huila,NACIONAL,3497.3450245080076,alta,3,3,72204000
2026,86749,Sibundoy,Putumayo,TERRITORIAL,3489.883344934107,alta,91,85,5011169822
2026,68425,Macaravita,Santander,TERRITORIAL,3489.0069653266537,alta,54,46,4959873891
2026,68318,Guaca,Santander,TERRITORIAL,3479.338733061737,alta,11,9,605482490
2026,68207,Concepción,Santander,TERRITORIAL,3472.761005228537,alta,4,3,77000000
2026,70235,Galeras,Sucre,TERRITORIAL,3451.599069936218,alta,120,115,23029372913
2026,05658,San José de la Montaña,Antioquia,TERRITORIAL,3424.6575342465753,alta,3,3,87600000
2026,70215,Corozal,Sucre,NACIONAL,3420.9315412305514,alta,11,11,818850331
2026,70670,Sampués,Sucre,TERRITORIAL,3420.00621552399,alta,324,287,29498484854
2026,13188,Cicuco,Bolívar,TERRITORIAL,3402.8799999999997,alta,3,3,62500000
2026,68320,Guadalupe,Santander,TERRITORIAL,3395.9060732698695,alta,77,72,5003177425
2026,05107,Briceño,Antioquia,TERRITORIAL,3393.760235336116,alta,122,115,16872268324
2026,15332,Güicán,Boyacá,TERRITORIAL,3367.3469387755104,alta,3,3,28000000
2026,15897,Zetaquira,Boyacá,NACIONAL,3357.89461940211,alta,3,3,57510000
2026,47703,San Zenón,Magdalena,TERRITORIAL,3355.0283251255873,alta,13,11,3632926771
2026,66170,Dosquebradas,Risaralda,NACIONAL,3353.883194385748,alta,7,5,208004200
2026,50573,Puerto López,Meta,OTRO,3350.947681020176,alta,3,3,42800000
2026,05591,Puerto Triunfo,Antioquia,NACIONAL,3350.0590878465655,alta,5,5,337357980
2026,19455,Miranda,Cauca,TERRITORIAL,3347.107438016529,alta,4,4,110000000
2026,23417,Lorica,Córdoba,OTRO,3336.9388858842617,alta,3,3,21500000
2026,05495,Nechí,Antioquia,TERRITORIAL,3317.7053229027383,alta,210,202,41100693164
2026,17513,Pácora,Caldas,NACIONAL,3315.7222774205848,alta,6,6,59241187
2026,85162,Monterrey,Casanare,TERRITORIAL,3311.4690371949096,alta,249,240,11489300836
2026,76563,Pradera,Valle del Cauca,NACIONAL,3266.0511403568657,alta,5,5,49900000
2026,54498,Ocaña,Norte de Santander,NACIONAL,3253.0979605484067,alta,10,7,292654982
2026,25099,Bojacá,Cundinamarca,TERRITORIAL,3249.669239472085,alta,168,166,10582576099
2026,19100,Bolívar,Cauca,NACIONAL,3231.1363062750434,alta,12,7,155547031
2026,52354,Imués,Nariño,TERRITORIAL,3198.2784145135047,alta,4,4,63453387
2026,41524,Palermo,Huila,TERRITORIAL,3194.9274141683077,alta,265,260,19001084869
2026,47460,Nueva Granada,Magdalena,TERRITORIAL,3112.0029670135063,alta,79,75,13723659273
2026,13873,Villanueva,Bolívar,TERRITORIAL,3098.312753322651,alta,6,5,123600000
2026,20178,Chiriguaná,Cesar,TERRITORIAL,3050.5598489766394,alta,223,219,9521602447
2026,25386,La Mesa,Cundinamarca,TERRITORIAL,3006.211131284299,alta,198,194,13331719776
2026,15600,Ráquira,Boyacá,NACIONAL,2999.394112518958,alta,4,4,18434200
2026,05890,Yolombó,Antioquia,TERRITORIAL,2991.834490101011,alta,369,310,66466859899
2026,41872,Villavieja,Huila,TERRITORIAL,2916.750453229033,alta,67,58,3013848811
2026,81794,Tame,Arauca,TERRITORIAL,2912.2273714847875,alta,221,214,15447101898
2026,85430,Trinidad,Casanare,TERRITORIAL,2907.3032469276245,alta,137,133,11808817452
2026,23580,Puerto Libertador,Córdoba,TERRITORIAL,2880.36215901365,alta,4,4,151492526
2026,41357,Iquira,Huila,TERRITORIAL,2876.742509213267,alta,4,4,63200000
2026,54239,Durania,Norte de Santander,TERRITORIAL,2867.1378577759556,alta,133,128,5802643178
2026,41132,Campoalegre,Huila,TERRITORIAL,2849.1328906071244,alta,108,103,6587029605
2026,17877,Viterbo,Caldas,TERRITORIAL,2804.1537578392295,alta,5,5,35789000
2026,11001,Bogotá D.C.,Bogotá,NACIONAL,2764.9688857234423,alta,66430,62337,16826032975450
2026,25317,Guachetá,Cundinamarca,TERRITORIAL,2735.327635852815,alta,5,5,69864999
2026,15114,Busbanzá,Boyacá,TERRITORIAL,2724.6238056430393,alta,5,5,50160789
2026,05647,San Andrés de Cuerquía,Antioquia,TERRITORIAL,2703.4840910991957,alta,5,5,90423807
2026,23807,Tierralta,Córdoba,TERRITORIAL,2694.6329579320136,alta,136,130,36669536828
2026,25269,Facatativá,Cundinamarca,NACIONAL,2691.072454414165,alta,52,50,6756972295
2026,25178,Chipaque,Cundinamarca,TERRITORIAL,2688.8714705298435,alta,130,127,10369906026
2026,52418,Los Andes,Nariño,TERRITORIAL,2681.511335465215,alta,131,110,12635265839
2026,05858,Vegachí,Antioquia,TERRITORIAL,2657.8393007763993,alta,156,142,13246480948
2026,19532,Patía,Cauca,TERRITORIAL,2642.4200926703725,alta,147,143,7201663583
2026,05887,Yarumal,Antioquia,NACIONAL,2641.133968504283,alta,7,7,106152462
2026,41676,Santa María,Huila,TERRITORIAL,2640.459469283284,alta,5,5,42751500
2026,73443,Mariquita,Tolima,NACIONAL,2615.1491661035275,alta,5,5,172742600
2026,85230,Orocué,Casanare,TERRITORIAL,2585.3436589061725,alta,196,189,10491352268
2026,41615,Rivera,Huila,NACIONAL,2584.322668749406,alta,8,7,538651280
2026,15455,Miraflores,Boyacá,TERRITORIAL,2582.3307231519793,alta,14,14,654312949
2026,50313,Granada,Meta,NACIONAL,2579.3049094470994,alta,5,5,110506587
2026,15755,Socotá,Boyacá,TERRITORIAL,2578.7126706004233,alta,5,4,74500000
2026,15667,San Luis de Gaceno,Boyacá,TERRITORIAL,2560.0745224347147,alta,108,97,7749201297
2026,05021,Alejandría,Antioquia,NACIONAL,2559.199209699084,alta,11,6,5385880258
2026,25320,Guaduas,Cundinamarca,NACIONAL,2547.9744250133535,alta,13,7,1434870750
2026,54125,Cácota,Norte de Santander,TERRITORIAL,2534.8179781671643,alta,85,82,6895200350
2026,25200,Cogua,Cundinamarca,OTRO,2482.9936823814796,moderada,6,6,274800057
2026,05642,Salgar,Antioquia,TERRITORIAL,2449.139107992658,moderada,20,15,2587127977
2026,19548,Piendamó,Cauca,TERRITORIAL,2433.9122748375107,moderada,357,296,19186836948
2026,19075,Balboa,Cauca,TERRITORIAL,2399.7394071795065,moderada,5,5,131623040
2026,05209,Concordia,Antioquia,TERRITORIAL,2383.593084350026,moderada,97,82,9453827822
2026,15761,Somondoco,Boyacá,TERRITORIAL,2371.444730526387,moderada,65,55,4915983506
2026,15380,La Capilla,Boyacá,TERRITORIAL,2364.331658195317,moderada,6,6,50577900
2026,25154,Carmen de Carupa,Cundinamarca,TERRITORIAL,2360.2495607587225,moderada,7,6,33400000
2026,05034,Andes,Antioquia,TERRITORIAL,2348.8928047770582,moderada,159,136,13043784027
2026,63548,Pijao,Quindío,TERRITORIAL,2338.382185276516,moderada,86,84,3260605187
2026,68502,Onzaga,Santander,TERRITORIAL,2333.42778734907,moderada,62,53,3236271575
2026,23807,Tierralta,Córdoba,NACIONAL,2330.80884837084,moderada,5,5,150672270
2026,20060,Bosconia,Cesar,TERRITORIAL,2290.3186956479312,moderada,6,6,79481292
2026,13673,Santa Catalina,Bolívar,TERRITORIAL,2272.935072491298,moderada,164,160,7756765865
2026,54743,Silos,Norte de Santander,TERRITORIAL,2263.9078185915905,moderada,66,63,2414745064
2026,13433,Mahates,Bolívar,TERRITORIAL,2235.9764090617127,moderada,71,70,2467324362
2026,05490,Necoclí,Antioquia,TERRITORIAL,2193.5203963232007,moderada,174,166,57719131496
2026,08849,Usiacurí,Atlántico,TERRITORIAL,2188.3278718679735,moderada,8,7,467621011
2026,81220,Cravo Norte,Arauca,TERRITORIAL,2183.3393770779257,moderada,72,63,4777296625
2026,05895,Zaragoza,Antioquia,TERRITORIAL,2176.4091610509636,moderada,180,170,12243496047
2026,05250,El Bagre,Antioquia,TERRITORIAL,2172.138003641104,moderada,99,83,18441509088
2026,19100,Bolívar,Cauca,TERRITORIAL,2136.1306303523843,moderada,33,33,1337839455
2026,19573,Puerto Tejada,Cauca,NACIONAL,2124.7285289825163,moderada,5,5,45788022
2026,52435,Mallama,Nariño,TERRITORIAL,2120.325565283496,moderada,96,73,6193865876
2026,52786,Taminango,Nariño,TERRITORIAL,2112.3932989577947,moderada,302,270,10323912406
2026,19364,Jambaló,Cauca,TERRITORIAL,2105.6559835191633,moderada,83,62,6543920791
2026,23686,San Pelayo,Córdoba,TERRITORIAL,2097.7834785803666,moderada,72,72,2066384716
2026,05670,San Roque,Antioquia,TERRITORIAL,2082.8024289245236,moderada,29,28,2011130400
2026,13620,San Cristóbal,Bolívar,TERRITORIAL,2081.598843793297,moderada,164,157,15912572247
2026,54206,Convención,Norte de Santander,TERRITORIAL,2078.666759227107,moderada,121,110,5269467024
2026,05045,Apartadó,Antioquia,OTRO,2066.7492896443123,moderada,295,291,10480895994
2026,05790,Tarazá,Antioquia,TERRITORIAL,2061.5422803987512,moderada,130,125,10357279781
2026,27001,Quibdó,Chocó,NACIONAL,2032.3950310128293,moderada,534,525,60244294102
2026,41020,Algeciras,Huila,TERRITORIAL,2006.6618571957445,moderada,128,121,5649799044
2026,05380,La Estrella,Antioquia,NACIONAL,2003.5631212018793,moderada,9,9,395260751
2026,68524,Palmas del Socorro,Santander,TERRITORIAL,1997.4135557841726,moderada,40,35,1716085211
2026,13430,Magangué,Bolívar,TERRITORIAL,1996.7852867909219,moderada,7,6,84500584
2026,23189,Ciénaga de Oro,Córdoba,TERRITORIAL,1989.1653707044416,moderada,26,26,16058729817
2026,86760,Santiago,Putumayo,TERRITORIAL,1981.2119287308972,moderada,104,86,4822461974
2026,91001,Leticia,Amazonas,NO_DEFINIDO,1972.5915066689092,moderada,21,16,34926253
2026,20614,Río de Oro,Cesar,TERRITORIAL,1960.892290429158,moderada,8,7,108399900
2026,23417,Lorica,Córdoba,TERRITORIAL,1957.168218679967,moderada,249,247,22888265837
2026,76109,Buenaventura,Valle del Cauca,OTRO,1950.0168386285359,moderada,21,6,10000240000
2026,08560,Ponedera,Atlántico,TERRITORIAL,1937.0931908439,moderada,67,64,1944754472
2026,05873,Vigía del Fuerte,Antioquia,TERRITORIAL,1926.1303334371978,moderada,183,147,16022031909
2026,15204,Cómbita,Boyacá,TERRITORIAL,1912.5990802222668,moderada,87,83,9812736078
2026,68861,Vélez,Santander,TERRITORIAL,1896.9496938191812,moderada,199,171,12004523410
2026,15299,Garagoa,Boyacá,TERRITORIAL,1888.9539483104102,moderada,85,78,6834013049
2026,25281,Fosca,Cundinamarca,TERRITORIAL,1877.4163188554987,moderada,86,74,4500475142
2026,05659,San Juan de Urabá,Antioquia,TERRITORIAL,1853.267779770773,moderada,132,121,8305869292
2026,68406,Lebríja,Santander,OTRO,1826.597715174948,moderada,8,8,230263008
2026,05120,Cáceres,Antioquia,TERRITORIAL,1792.9801360934077,moderada,161,156,9810203492
2026,15664,San José de Pare,Boyacá,TERRITORIAL,1782.2720627558654,moderada,42,41,1531735827
2026,05667,San Rafael,Antioquia,NACIONAL,1781.5798141362486,moderada,207,189,12513737705
2026,73168,Chaparral,Tolima,NACIONAL,1769.001319719308,moderada,9,9,60901360
2026,70124,Caimito,Sucre,TERRITORIAL,1768.9824802041946,moderada,75,72,3490106629
2026,86573,Leguízamo,Putumayo,NACIONAL,1768.583245800946,moderada,22,19,8789489994
2026,15808,Tinjacá,Boyacá,TERRITORIAL,1768.49365234375,moderada,8,8,102400000
2026,76895,Zarzal,Valle del Cauca,TERRITORIAL,1763.179366101953,moderada,55,53,1298896868
2026,68190,Cimitarra,Santander,NACIONAL,1754.540613772171,moderada,202,191,11235208425
2026,19821,Toribio,Cauca,TERRITORIAL,1753.2798304516964,moderada,147,131,11431655521
2026,68307,Girón,Santander,NACIONAL,1751.1290477154892,moderada,14,10,966103793
2026,15189,Ciénega,Boyacá,TERRITORIAL,1741.279369954205,moderada,47,45,1958670154
2026,20400,La Jagua de Ibirico,Cesar,NACIONAL,1735.13822068679,moderada,164,161,10874203248
2026,23855,Valencia,Córdoba,NACIONAL,1722.804426479733,moderada,14,14,319200000
2026,76377,La Cumbre,Valle del Cauca,TERRITORIAL,1721.4132814103978,moderada,26,15,639902370
2026,76403,La Victoria,Valle del Cauca,TERRITORIAL,1718.7961726779886,moderada,89,84,3338902400
2026,15176,Chiquinquirá,Boyacá,TERRITORIAL,1690.613940190659,moderada,259,251,11867140443
2026,25662,San Juan de Río Seco,Cundinamarca,TERRITORIAL,1681.295757147334,moderada,92,86,3864064902
2026,15514,Páez,Boyacá,TERRITORIAL,1669.6535565505535,moderada,95,78,5403066053
2026,15820,Tópaga,Boyacá,TERRITORIAL,1669.2586731244041,moderada,62,62,3586512187
2026,70429,Majagual,Sucre,TERRITORIAL,1657.3535759884599,moderada,151,146,7114261817
2026,05266,Envigado,Antioquia,TERRITORIAL,1649.9886361366894,moderada,1237,1207,145650922474
2026,05284,Frontino,Antioquia,TERRITORIAL,1647.037830682771,moderada,117,112,9030063021
2026,44430,Maicao,La Guajira,TERRITORIAL,1640.5117958106937,moderada,585,574,101448716493
2026,52506,Ospina,Nariño,TERRITORIAL,1630.499908491642,moderada,123,108,3979283389
2026,15047,Aquitania,Boyacá,TERRITORIAL,1627.952352881317,moderada,92,90,5534903473
2026,68673,San Benito,Santander,TERRITORIAL,1621.0927816166438,moderada,40,35,1670326008
2026,08421,Luruaco,Atlántico,TERRITORIAL,1616.5046574920218,moderada,106,103,4688848153
2026,15087,Belén,Boyacá,TERRITORIAL,1612.9561655047687,moderada,67,63,3688033616
2026,52254,El Peñol,Nariño,TERRITORIAL,1607.5936259579178,moderada,135,117,5385666582
2026,41885,Yaguará,Huila,TERRITORIAL,1604.4885545173063,moderada,120,113,5398006456
2026,86001,Mocoa,Putumayo,NACIONAL,1604.3155619245408,moderada,228,225,11431426379
2026,17013,Aguadas,Caldas,TERRITORIAL,1599.702106329368,moderada,8,8,34469900
2026,05400,La Unión,Antioquia,TERRITORIAL,1598.9613987113428,moderada,82,66,4142323361
2026,13212,Córdoba,Bolívar,TERRITORIAL,1593.736565012163,moderada,102,92,6738291247
2026,99773,Cumaribo,Vichada,TERRITORIAL,1593.5862751274904,moderada,208,195,14238874511
2026,05055,Argelia,Antioquia,TERRITORIAL,1591.111348941707,moderada,72,69,2369030171
2026,23670,San Andrés Sotavento,Córdoba,TERRITORIAL,1584.404220850331,moderada,169,164,26737055298
2026,13468,Mompós,Bolívar,TERRITORIAL,1557.1538173860374,moderada,117,98,5409449121
2026,05045,Apartadó,Antioquia,TERRITORIAL,1548.6044727423605,moderada,680,640,70576380445
2026,15693,Santa Rosa de Viterbo,Boyacá,TERRITORIAL,1543.73121161759,moderada,64,55,3589959493
2026,99524,La Primavera,Vichada,TERRITORIAL,1532.6615764837773,moderada,129,124,5690757431
2026,47258,El Piñon,Magdalena,TERRITORIAL,1530.942179958399,moderada,79,72,6081587826
2026,23855,Valencia,Córdoba,TERRITORIAL,1524.866567049236,moderada,119,110,14458409758
2026,25843,Villa de San Diego de Ubate,Cundinamarca,NACIONAL,1501.5943828509953,moderada,20,15,307673110
2026,20001,Valledupar,Cesar,NO_DEFINIDO,1493.3890364821034,baja,124,98,903438160
2026,86001,Mocoa,Putumayo,TERRITORIAL,1491.0109461110603,baja,1142,1116,109689268855
2026,23678,San Carlos,Córdoba,TERRITORIAL,1490.2392320404217,baja,52,51,4115308480
2026,15764,Soracá,Boyacá,TERRITORIAL,1479.7232706651002,baja,97,86,3547806192
2026,18756,Solano,Caquetá,TERRITORIAL,1476.9447049164569,baja,77,70,3021920200
2026,70473,Morroa,Sucre,TERRITORIAL,1472.4298982585688,baja,105,98,6396834280
2026,52693,San Pablo,Nariño,TERRITORIAL,1469.2713411434204,baja,163,145,5850997632
2026,05154,Caucasia,Antioquia,TERRITORIAL,1455.2324371741338,baja,220,200,32885900530
2026,15599,Ramiriquí,Boyacá,TERRITORIAL,1454.6325826862537,baja,98,89,6289342176
2026,05893,Yondó,Antioquia,TERRITORIAL,1447.6638516869314,baja,189,185,7889248247
2026,66682,Santa Rosa de Cabal,Risaralda,NO_DEFINIDO,1440.2751337175816,baja,48,34,74004419
2026,25807,Tibirita,Cundinamarca,TERRITORIAL,1435.6184982879354,baja,15,13,417642794
2026,13006,Achí,Bolívar,TERRITORIAL,1432.4699263813006,baja,82,75,3271922208
2026,85015,Chameza,Casanare,TERRITORIAL,1422.761252345887,baja,74,72,3697852773
2026,25328,Guayabal de Siquima,Cundinamarca,TERRITORIAL,1412.3368009295853,baja,81,79,3120219008
2026,05240,Ebéjico,Antioquia,TERRITORIAL,1396.4752136157026,baja,78,71,3307487203
2026,25224,Cucunubá,Cundinamarca,NACIONAL,1396.294851932986,baja,8,8,190333669
2026,73168,Chaparral,Tolima,TERRITORIAL,1387.3507706727444,baja,203,197,10630261020
2026,70400,La Unión,Sucre,TERRITORIAL,1384.254240124383,baja,212,207,16159888356
2026,41797,Tesalia,Huila,TERRITORIAL,1375.5677696926111,baja,99,92,3088528015
2026,15676,San Miguel de Sema,Boyacá,TERRITORIAL,1375.1052880371292,baja,54,42,1775464114
2026,23815,Tuchín,Córdoba,TERRITORIAL,1371.9240008695058,baja,85,81,13157084414
2026,76111,Guadalajara de Buga,Valle del Cauca,TERRITORIAL,1370.2565077513714,baja,1594,1544,43167982283
2026,23090,Canalete,Córdoba,TERRITORIAL,1364.4646671356859,baja,149,140,7590564127
2026,15686,Santana,Boyacá,TERRITORIAL,1362.9332891297825,baja,70,64,3132266894
2026,05686,Santa Rosa de Osos,Antioquia,NACIONAL,1357.8967771494792,baja,43,42,26252820486
2026,25740,Sibaté,Cundinamarca,TERRITORIAL,1357.1333109563195,baja,411,403,12142963519
2026,73443,Mariquita,Tolima,TERRITORIAL,1350.260733728685,baja,142,141,9951622280
2026,25430,Madrid,Cundinamarca,NACIONAL,1349.708794516853,baja,20,19,1178103832
2026,05660,San Luis,Antioquia,TERRITORIAL,1349.3658240684395,baja,121,105,4696340060
2026,52019,Albán,Nariño,TERRITORIAL,1329.2312820055072,baja,52,46,1318213115
2026,15187,Chivatá,Boyacá,TERRITORIAL,1328.6422042475247,baja,56,50,3275442651
2026,47745,Sitionuevo,Magdalena,NACIONAL,1327.9321955207445,baja,146,138,9905682965
2026,73200,Coello,Tolima,TERRITORIAL,1324.4065793623058,baja,201,188,8752721406
2026,25839,Ubalá,Cundinamarca,TERRITORIAL,1317.9281678264451,baja,137,130,9877887572
2026,70233,El Roble,Sucre,TERRITORIAL,1316.705238532228,baja,8,8,95754764
2026,17541,Pensilvania,Caldas,NACIONAL,1314.7643489629124,baja,11,10,92771545
2026,23068,Ayapel,Córdoba,TERRITORIAL,1313.6827468414008,baja,69,65,4974476027
2026,05837,Turbo,Antioquia,TERRITORIAL,1309.0657553198416,baja,163,150,37761123825
2026,76020,Alcalá,Valle del Cauca,TERRITORIAL,1307.5499025558588,baja,92,71,4369503049
2026,13873,Villanueva,Bolívar,NACIONAL,1306.2383857334999,baja,41,36,1758768570
2026,17088,Belalcázar,Caldas,TERRITORIAL,1300.483472947651,baja,21,20,744637907
2026,05847,Urrao,Antioquia,TERRITORIAL,1299.4578331372236,baja,212,192,10312000007
2026,15740,Siachoque,Boyacá,TERRITORIAL,1299.1998982167725,baja,75,73,3438938399
2026,25658,San Francisco,Cundinamarca,NACIONAL,1292.1394326721722,baja,9,9,107700000
2026,23660,Sahagún,Córdoba,TERRITORIAL,1285.8562493815493,baja,250,246,21586177113
2026,52022,Aldana,Nariño,TERRITORIAL,1284.6530483714662,baja,91,78,2173358583
2026,18094,Belén de los Andaquies,Caquetá,TERRITORIAL,1284.1525953889395,baja,90,81,3225943765
2026,05360,Itagui,Antioquia,OTRO,1281.9529480869471,baja,63,63,24783987844
2026,13473,Morales,Bolívar,TERRITORIAL,1281.7983744082585,baja,171,148,8366739070
2026,68160,Cepitá,Santander,TERRITORIAL,1280.507161454519,baja,63,60,1262890976
2026,15816,Togüí,Boyacá,TERRITORIAL,1278.7091296633646,baja,68,63,2610485636
2026,52427,Magüi,Nariño,TERRITORIAL,1274.153902518239,baja,161,156,8529444327
2026,05440,Marinilla,Antioquia,TERRITORIAL,1273.5168282685584,baja,136,126,23426271716
2026,23162,Cereté,Córdoba,TERRITORIAL,1267.9756055940425,baja,148,147,28437299046
2026,19290,Florencia,Cauca,TERRITORIAL,1267.7141719430977,baja,61,52,2297427500
2026,27787,Tadó,Chocó,TERRITORIAL,1266.057273597591,baja,57,56,2272060180
2026,70820,Santiago de Tolú,Sucre,TERRITORIAL,1259.0985949471417,baja,114,101,10969401364
2026,05172,Chigorodó,Antioquia,TERRITORIAL,1255.0860054372104,baja,182,169,40867423346
2026,54377,Labateca,Norte de Santander,TERRITORIAL,1251.7572228631518,baja,75,70,2675240074
2026,05665,San Pedro de Uraba,Antioquia,TERRITORIAL,1240.1807324010474,baja,231,219,14490445917
2026,70221,Coveñas,Sucre,TERRITORIAL,1235.4354269441624,baja,139,132,26590189192
2026,27615,Riosucio,Chocó,TERRITORIAL,1231.6654695265283,baja,69,68,5804085020
2026,18785,Solita,Caquetá,TERRITORIAL,1231.6126370038514,baja,59,52,2156460606
2026,52696,Santa Bárbara,Nariño,TERRITORIAL,1227.1531082290985,baja,178,160,7204874929
2026,15097,Boavita,Boyacá,TERRITORIAL,1223.5154777146217,baja,80,67,3501355931
2026,05093,Betulia,Antioquia,TERRITORIAL,1223.291364382173,baja,100,93,4399867161
2026,15106,Briceño,Boyacá,TERRITORIAL,1212.0948929705696,baja,75,62,2589742820
2026,70523,Palmito,Sucre,TERRITORIAL,1209.006790946928,baja,79,78,7988098984
2026,08433,Malambo,Atlántico,NACIONAL,1208.6935104233291,baja,20,20,668261120
2026,70717,San Pedro,Sucre,TERRITORIAL,1206.092390684034,baja,100,92,7657838537
2026,08634,Sabanagrande,Atlántico,TERRITORIAL,1205.2619979042017,baja,54,42,3276046706
2026,23001,Montería,Córdoba,NACIONAL,1204.5728155779984,baja,849,827,189320862436
2026,52585,Pupiales,Nariño,TERRITORIAL,1202.624368173683,baja,90,84,3585810916
2026,25599,Apulo,Cundinamarca,TERRITORIAL,1200.6074541669059,baja,115,108,4856202706
2026,20032,Astrea,Cesar,TERRITORIAL,1199.3251827174115,baja,296,271,11483270095
2026,15531,Pauna,Boyacá,TERRITORIAL,1193.0130396607647,baja,79,69,2821309005
2026,15580,Quípama,Boyacá,TERRITORIAL,1186.1394969015582,baja,84,72,3329719454
2026,23464,Momil,Córdoba,TERRITORIAL,1185.12464443172,baja,33,33,1145842671
2026,20013,Agustín Codazzi,Cesar,TERRITORIAL,1182.5266528041238,baja,269,265,20150720557
2026,19256,El Tambo,Cauca,TERRITORIAL,1176.6075953662921,baja,173,164,7274310898
2026,76147,Cartago,Valle del Cauca,TERRITORIAL,1176.5621056706168,baja,324,311,20824402191
2026,54553,Puerto Santander,Norte de Santander,TERRITORIAL,1175.068706340056,baja,89,89,2241741330
2026,15572,Puerto Boyacá,Boyacá,TERRITORIAL,1172.7246930228227,baja,376,341,28986768902
2026,15296,Gameza,Boyacá,TERRITORIAL,1172.0943396244434,baja,66,62,2788389543
2026,47030,Algarrobo,Magdalena,TERRITORIAL,1161.4220522814899,baja,135,131,4439169144
2026,94001,Inírida,Guainía,TERRITORIAL,1159.6138853280552,baja,1152,1092,83485304976
2026,05628,Sabanalarga,Antioquia,TERRITORIAL,1157.7989765611783,baja,128,111,5598941385
2026,73024,Alpujarra,Tolima,TERRITORIAL,1157.325380545581,baja,91,88,2617328067
2026,05044,Anza,Antioquia,TERRITORIAL,1155.952483919682,baja,90,73,3652544277
2026,15022,Almeida,Boyacá,TERRITORIAL,1153.5314171553098,baja,52,44,1991105625
2026,70523,Palmito,Sucre,NACIONAL,1151.5742975376875,baja,10,10,163414000
2026,73408,Lérida,Tolima,TERRITORIAL,1151.4325532620599,baja,253,227,16169555308
2026,18410,La Montañita,Caquetá,TERRITORIAL,1144.058353134834,baja,92,86,4451794155
2026,73283,Fresno,Tolima,TERRITORIAL,1139.6678181685686,baja,173,161,6803843501
2026,05679,Santa Bárbara,Antioquia,NACIONAL,1133.788600774784,baja,170,155,6540680501
2026,18479,Morelia,Caquetá,TERRITORIAL,1128.435150883569,baja,68,65,2719404198
2026,23570,Pueblo Nuevo,Córdoba,TERRITORIAL,1121.9956310240943,baja,79,68,20384758596
2026,15162,Cerinza,Boyacá,TERRITORIAL,1121.4221354116164,baja,64,55,1737973517
2026,18150,Cartagena del Chairá,Caquetá,TERRITORIAL,1118.7967252490237,baja,108,99,4093043139
2026,20750,San Diego,Cesar,TERRITORIAL,1117.5359865130054,baja,175,167,8343918082
2026,17442,Marmato,Caldas,TERRITORIAL,1109.517698523138,baja,35,35,2095285665
2026,15753,Soatá,Boyacá,TERRITORIAL,1105.9806406639893,baja,82,78,2775677673
2026,20295,Gamarra,Cesar,TERRITORIAL,1103.7371024059398,baja,47,47,2556252960
2026,27050,Atrato,Chocó,TERRITORIAL,1103.3824009291932,baja,59,55,2441269236
2026,08372,Juan de Acosta,Atlántico,TERRITORIAL,1102.8908482387458,baja,151,146,7973096791
2026,15464,Mongua,Boyacá,TERRITORIAL,1100.2769628042022,baja,67,64,2343509989
2026,19760,Sotara,Cauca,TERRITORIAL,1088.8225348137605,baja,82,80,3827674996
2026,73275,Flandes,Tolima,TERRITORIAL,1076.8961808227896,baja,220,217,5909602423
2026,15466,Monguí,Boyacá,TERRITORIAL,1075.8950458924778,baja,56,50,1935791517
2026,17433,Manzanares,Caldas,TERRITORIAL,1075.561561839502,baja,176,146,6561827411
2026,25398,La Peña,Cundinamarca,TERRITORIAL,1064.4792309048914,baja,139,135,5720307619
2026,50711,Vistahermosa,Meta,TERRITORIAL,1060.3010137044232,baja,120,117,8125668846
2026,68152,Carcasí,Santander,TERRITORIAL,1055.4672215716764,baja,71,64,2149463542
2026,15322,Guateque,Boyacá,TERRITORIAL,1054.8176201778233,baja,115,106,4512797380
2026,66088,Belén de Umbría,Risaralda,TERRITORIAL,1054.2324113625284,baja,67,60,3768022074
2026,54480,Mutiscua,Norte de Santander,TERRITORIAL,1050.032115719029,baja,77,74,2313653290
2026,15407,Villa de Leyva,Boyacá,TERRITORIAL,1048.5920329985083,baja,157,156,10574337526
2026,66383,La Celia,Risaralda,TERRITORIAL,1047.3200018110253,baja,15,14,297463645
2026,25402,La Vega,Cundinamarca,TERRITORIAL,1046.0754427533805,baja,97,73,9946874169
2026,20250,El Paso,Cesar,TERRITORIAL,1038.9083908708212,baja,67,66,3563689167
2026,17541,Pensilvania,Caldas,TERRITORIAL,1037.3489449266053,baja,246,212,10694111700
2026,15442,Maripí,Boyacá,TERRITORIAL,1031.035283307421,baja,92,82,5428067719
2026,15218,Covarachía,Boyacá,TERRITORIAL,1024.2125733337698,baja,60,53,3902721413
2026,19533,Piamonte,Cauca,TERRITORIAL,1013.6835018704863,baja,109,102,3253178981
2026,15109,Buenavista,Boyacá,TERRITORIAL,1013.0006992435332,baja,58,51,2846553777
2026,52560,Potosí,Nariño,TERRITORIAL,1006.1453410477718,baja,338,243,6792079002
2026,15673,San Mateo,Boyacá,TERRITORIAL,1006.1355524829919,baja,47,45,2627130154
2026,54820,Toledo,Norte de Santander,TERRITORIAL,1003.0565043391781,baja,154,151,7291799164
2026,76834,Tuluá,Valle del Cauca,TERRITORIAL,988.8831393112716,baja,767,713,81316509355
2026,52612,Ricaurte,Nariño,TERRITORIAL,988.8630069629143,baja,226,203,23810726537
2026,86569,Puerto Caicedo,Putumayo,TERRITORIAL,986.924173755979,baja,20,15,216679710
2026,05147,Carepa,Antioquia,TERRITORIAL,985.6475877707501,baja,108,94,13187123818
2026,68615,Rionegro,Santander,TERRITORIAL,983.351109132168,baja,137,131,6498162895
2026,47205,Concordia,Magdalena,TERRITORIAL,982.5617875147589,baja,134,132,3220201642
2026,99001,Puerto Carreño,Vichada,TERRITORIAL,982.2173607905711,baja,1820,1582,132749056594
2026,05591,Puerto Triunfo,Antioquia,TERRITORIAL,981.8709972883591,baja,138,119,7730793588
2026,52885,Yacuanquer,Nariño,TERRITORIAL,981.2089989629626,baja,137,120,3304598863
2026,68271,Florián,Santander,TERRITORIAL,980.3080584983189,baja,107,80,4377975971
2026,68575,Puerto Wilches,Santander,TERRITORIAL,979.0365935456979,baja,196,179,11724227101
2026,41378,La Argentina,Huila,TERRITORIAL,978.1400857348434,baja,138,134,4490972977
2026,54800,Teorama,Norte de Santander,TERRITORIAL,973.2283374818527,baja,91,89,5682477600
2026,05145,Caramanta,Antioquia,NACIONAL,973.2049999335997,baja,63,60,2927719280
2026,76041,Ansermanuevo,Valle del Cauca,TERRITORIAL,972.6686640630819,baja,90,84,4640358591
2026,25518,Paime,Cundinamarca,TERRITORIAL,970.0793343645528,baja,156,139,6972147061
2026,25736,Sesquilé,Cundinamarca,TERRITORIAL,968.7482069233522,baja,232,225,11287460671
2026,44855,Urumita,La Guajira,TERRITORIAL,968.5461706551479,baja,111,108,2114691301
2026,05756,Sonson,Antioquia,TERRITORIAL,965.9702955298351,baja,305,286,31614646445
2026,44650,San Juan del Cesar,La Guajira,NACIONAL,961.3397534214498,baja,97,95,3739351506
2026,23672,San Antero,Córdoba,TERRITORIAL,957.7930582942876,baja,117,115,5327835813
2026,15494,Nuevo Colón,Boyacá,TERRITORIAL,957.6131175196535,baja,82,78,3071859695
2026,52399,La Unión,Nariño,TERRITORIAL,950.5579821843942,baja,126,118,7360652317
2026,19001,Popayán,Cauca,OTRO,948.7683248406594,baja,15,14,472209138
2026,54347,Herrán,Norte de Santander,TERRITORIAL,945.6336496710986,baja,70,63,2851996854
2026,20517,Pailitas,Cesar,TERRITORIAL,944.873225964096,baja,84,80,5156866269
2026,05615,Rionegro,Antioquia,NACIONAL,941.4991520049753,baja,337,335,23574435481
2026,19392,La Sierra,Cauca,TERRITORIAL,940.953611236343,baja,129,126,2589059458
2026,15533,Paya,Boyacá,TERRITORIAL,940.5162455732045,baja,87,80,5467270841
2026,05679,Santa Bárbara,Antioquia,TERRITORIAL,938.4952643581254,baja,25,25,958949750
2026,47720,Santa Bárbara de Pinto,Magdalena,TERRITORIAL,936.5853362003402,baja,24,20,433730601
2026,15183,Chita,Boyacá,TERRITORIAL,934.5934099558871,baja,98,86,4425747819
2026,27245,El Carmen de Atrato,Chocó,TERRITORIAL,933.0085790611802,baja,96,86,9083304420
2026,44090,Dibulla,La Guajira,TERRITORIAL,932.6521595136669,baja,98,96,3375327127
2026,66170,Dosquebradas,Risaralda,TERRITORIAL,932.6165501095022,baja,1275,1211,68076566468
2026,15646,Samacá,Boyacá,TERRITORIAL,930.7750973035758,baja,249,230,14115392415
2026,95001,San José del Guaviare,Guaviare,NO_DEFINIDO,929.135411352307,baja,41,28,161877467
2026,19450,Mercaderes,Cauca,TERRITORIAL,926.04828417984,baja,87,84,2577260886
2026,11001,Bogotá D.C.,Bogotá,OTRO,925.6119084868573,baja,74,74,12578654775
2026,73547,Piedras,Tolima,TERRITORIAL,923.9276717921427,baja,99,95,3318011745
2026,15808,Tinjacá,Boyacá,NACIONAL,923.0134364847368,baja,40,38,1649783946
2026,08758,Soledad,Atlántico,TERRITORIAL,920.9245210250051,baja,1618,1426,264337071960
2026,54261,El Zulia,Norte de Santander,TERRITORIAL,920.1555167521047,baja,163,160,6615425157
2026,52694,San Pedro de Cartago,Nariño,TERRITORIAL,919.9762879015292,baja,88,76,1885363146
2026,47189,Ciénaga,Magdalena,TERRITORIAL,918.4994892101363,baja,1614,1071,56454101956
2026,15755,Socotá,Boyacá,NACIONAL,915.5307782604898,baja,91,87,4334141874
2026,15759,Sogamoso,Boyacá,TERRITORIAL,913.3776800953384,baja,707,684,42776573950
2026,20550,Pelaya,Cesar,TERRITORIAL,910.9689698737193,baja,105,97,3778703351
2026,05036,Angelópolis,Antioquia,TERRITORIAL,910.4626425011984,baja,61,58,1850918503
2026,20770,San Martín,Cesar,TERRITORIAL,907.1182953123969,baja,197,191,9626486547
2026,86219,Colón,Putumayo,TERRITORIAL,906.2114503954497,baja,70,66,1776859270
2026,25823,Topaipí,Cundinamarca,TERRITORIAL,905.3658293675836,baja,96,94,3072946393
2026,86568,Puerto Asís,Putumayo,TERRITORIAL,903.2531537809929,baja,409,294,14557462974
2026,05038,Angostura,Antioquia,TERRITORIAL,901.8977737092225,baja,141,120,9327339712
2026,97001,Mitú,Vaupés,TERRITORIAL,901.8467774805018,baja,1006,954,90179559249
2026,52051,Arboleda,Nariño,TERRITORIAL,900.4650725234588,baja,82,77,3371817434
2026,05789,Támesis,Antioquia,TERRITORIAL,899.293384301853,baja,188,157,14548279176
2026,47960,Zapayán,Magdalena,TERRITORIAL,897.8061243441487,baja,33,26,950646500
2026,25426,Macheta,Cundinamarca,TERRITORIAL,896.9019244382082,baja,95,94,4033968210
2026,15244,El Cocuy,Boyacá,TERRITORIAL,894.853944761202,baja,80,70,3737077226
2026,44650,San Juan del Cesar,La Guajira,TERRITORIAL,894.3361196570485,baja,102,99,6155780519
2026,25258,El Peñón,Cundinamarca,TERRITORIAL,893.0653693145656,baja,68,63,2658638999
2026,05483,Nariño,Antioquia,TERRITORIAL,882.1339622081531,baja,103,78,3474161719
2026,76497,Obando,Valle del Cauca,TERRITORIAL,882.1242925925831,baja,74,68,2922326305
2026,15238,Duitama,Boyacá,TERRITORIAL,878.672803352645,baja,644,579,30217005866
2026,05150,Carolina,Antioquia,TERRITORIAL,878.4509633468663,baja,124,114,6056164890
2026,52385,La Llanada,Nariño,TERRITORIAL,878.0880450937157,baja,92,85,2455168092
2026,05690,Santo Domingo,Antioquia,TERRITORIAL,876.7179526219514,baja,134,125,6484777070
2026,52378,La Cruz,Nariño,TERRITORIAL,873.8687147947239,baja,162,134,4409786256
2026,52838,Túquerres,Nariño,TERRITORIAL,873.5016633066964,baja,190,183,5931945381
2026,47318,Guamal,Magdalena,TERRITORIAL,872.9179094184618,baja,115,107,4504030059
2026,27001,Quibdó,Chocó,TERRITORIAL,872.7106751424818,baja,690,667,169657256991
2026,15224,Cucaita,Boyacá,TERRITORIAL,869.9283691593491,baja,58,52,1841162328
2026,05411,Liborina,Antioquia,TERRITORIAL,868.9981004899026,baja,82,73,2750516849
2026,05237,Don Matías,Antioquia,TERRITORIAL,868.2378427187549,baja,199,179,13298875236
2026,13670,San Pablo,Bolívar,TERRITORIAL,862.2293371402808,baja,89,85,4961450999
2026,54518,Pamplona,Norte de Santander,NACIONAL,860.9750765337751,baja,227,225,6629185327
2026,20710,San Alberto,Cesar,TERRITORIAL,859.6722501908055,baja,115,107,7350863905
2026,15293,Gachantivá,Boyacá,TERRITORIAL,858.6271028810323,baja,45,42,2060804636
2026,05306,Giraldo,Antioquia,TERRITORIAL,856.7606711703701,baja,75,56,2308186007
2026,70230,Chalán,Sucre,TERRITORIAL,856.6661166555443,baja,80,75,3590791117
2026,47692,San Sebastián de Buenavista,Magdalena,TERRITORIAL,854.5345293069392,baja,19,15,880569643
2026,19845,Villa Rica,Cauca,TERRITORIAL,853.40070774201,baja,228,223,7602220232
2026,76863,Versalles,Valle del Cauca,TERRITORIAL,851.6756688412462,baja,57,53,1999973220
2026,47707,Santa Ana,Magdalena,TERRITORIAL,850.1240923775526,baja,96,86,4506707703
2026,52083,Belén,Nariño,TERRITORIAL,849.1616287477586,baja,73,64,1627529687
2026,15368,Jericó,Boyacá,TERRITORIAL,847.5551915582553,baja,60,51,2260119466
2026,23675,San Bernardo del Viento,Córdoba,TERRITORIAL,846.6605601936321,baja,93,87,5657909482
2026,50400,Lejanías,Meta,TERRITORIAL,844.0407289125066,baja,75,74,1776048873
2026,15469,Moniquirá,Boyacá,TERRITORIAL,839.5576785588353,baja,432,398,61787373096
2026,08001,Barranquilla,Atlántico,NO_DEFINIDO,838.865628219323,baja,300,172,7643850465
2026,15600,Ráquira,Boyacá,TERRITORIAL,838.5879902955515,baja,73,66,3388200258
2026,52323,Gualmatán,Nariño,TERRITORIAL,837.1565960763933,baja,124,99,2634857901
2026,20011,Aguachica,Cesar,TERRITORIAL,836.5228753034236,baja,191,182,18852953433
2026,27160,Cértegui,Chocó,TERRITORIAL,835.0042640497644,baja,102,97,7619903403
2026,63401,La Tebaida,Quindío,TERRITORIAL,834.6529684318273,baja,200,198,5401236975
2026,25885,Yacopí,Cundinamarca,TERRITORIAL,833.6940625781546,baja,126,122,9681400604
2026,52381,La Florida,Nariño,TERRITORIAL,833.5257034002276,baja,181,176,3693523039
2026,76622,Roldanillo,Valle del Cauca,TERRITORIAL,833.446525209052,baja,56,54,1279687980
2026,19355,Inzá,Cauca,TERRITORIAL,833.3703718614098,baja,123,114,5226531522
2026,52203,Colón,Nariño,TERRITORIAL,833.1828254038255,baja,87,79,2760436517
2026,08433,Malambo,Atlántico,TERRITORIAL,833.1673216322557,baja,376,326,5024919658
2026,13654,San Jacinto,Bolívar,TERRITORIAL,830.2553091645954,baja,184,175,9899747444
2026,70508,Ovejas,Sucre,TERRITORIAL,830.1406840926753,baja,210,202,8268103351
2026,54313,Gramalote,Norte de Santander,TERRITORIAL,829.9433027922771,baja,97,89,2011083749
2026,50313,Granada,Meta,TERRITORIAL,827.4981236278062,baja,314,297,14309848786
2026,15425,Macanal,Boyacá,TERRITORIAL,826.5320469416107,baja,81,66,6240535503
2026,05125,Caicedo,Antioquia,TERRITORIAL,825.1786175072376,baja,73,61,3790639698
2026,76845,Ulloa,Valle del Cauca,TERRITORIAL,824.714116806185,baja,39,39,1381146572
2026,15212,Coper,Boyacá,TERRITORIAL,822.2161643675527,baja,69,57,2820251503
2026,19130,Cajibío,Cauca,TERRITORIAL,820.0663854011601,baja,141,140,6699329653
2026,50325,Mapiripán,Meta,TERRITORIAL,819.0043874424185,baja,112,106,3315337724
2026,13244,El Carmen de Bolívar,Bolívar,TERRITORIAL,817.9686189313402,baja,189,184,8552158205
2026,13667,San Martín de Loba,Bolívar,TERRITORIAL,817.6502626171865,baja,123,115,3521373127
2026,97001,Mitú,Vaupés,NACIONAL,817.5299481856197,baja,87,87,4681441573
2026,85440,Villanueva,Casanare,TERRITORIAL,817.400044940671,baja,269,263,12015814533
2026,20310,González,Cesar,TERRITORIAL,816.7648075651507,baja,62,59,1923489399
2026,52240,Chachagüí,Nariño,TERRITORIAL,816.3944520743541,baja,162,146,5401997384
2026,25307,Girardot,Cundinamarca,TERRITORIAL,815.9944834053103,baja,1057,1021,26115401138
2026,15491,Nobsa,Boyacá,TERRITORIAL,815.5279088826111,baja,200,192,12680556860
2026,54418,Lourdes,Norte de Santander,TERRITORIAL,815.3545412340092,baja,86,80,2762643707
2026,25871,Villagómez,Cundinamarca,TERRITORIAL,815.092974190597,baja,78,72,3254763522
2026,13688,Santa Rosa del Sur,Bolívar,TERRITORIAL,814.2054880088889,baja,108,103,5551197395
2026,44560,Manaure,La Guajira,TERRITORIAL,813.5579010922175,baja,116,114,8484688131
2026,52110,Buesaco,Nariño,TERRITORIAL,813.1169918252767,baja,168,153,3874185278
2026,25269,Facatativá,Cundinamarca,TERRITORIAL,812.2939322776466,baja,755,738,48749907921
2026,81065,Arauquita,Arauca,TERRITORIAL,810.5211699178161,baja,86,85,2587261838
2026,73671,Saldaña,Tolima,TERRITORIAL,808.3998522888296,baja,308,294,8528648301
2026,54670,San Calixto,Norte de Santander,TERRITORIAL,805.3738303844855,baja,130,123,3146288730
2026,17513,Pácora,Caldas,TERRITORIAL,804.0956470755866,baja,75,69,2817648426
2026,54003,Abrego,Norte de Santander,TERRITORIAL,801.5332839533451,baja,355,271,10769317874
2026,13074,Barranco de Loba,Bolívar,TERRITORIAL,800.9403744331447,baja,93,83,6898728081
2026,15185,Chitaraque,Boyacá,TERRITORIAL,799.2262934307911,baja,77,71,3146708475
2026,52540,Policarpa,Nariño,TERRITORIAL,799.1366207328366,baja,125,107,3027845494
2026,54109,Bucarasica,Norte de Santander,TERRITORIAL,797.8929295939545,baja,144,138,3565320487
2026,15367,Jenesano,Boyacá,TERRITORIAL,795.9483232065996,baja,104,89,5802294952
2026,25594,Quetame,Cundinamarca,TERRITORIAL,793.2934167792025,baja,97,89,2916311209
2026,73861,Venadillo,Tolima,TERRITORIAL,791.6941624126159,baja,158,146,5535264449
2026,68397,La Paz,Santander,TERRITORIAL,788.2083473319531,baja,59,57,2494434503
2026,15790,Tasco,Boyacá,TERRITORIAL,786.7426453920349,baja,74,73,3852264561
2026,18205,Curillo,Caquetá,TERRITORIAL,786.0553502533087,baja,72,65,2440217208
2026,19513,Padilla,Cauca,TERRITORIAL,785.6575423449201,baja,36,36,645948750
2026,05856,Valparaíso,Antioquia,TERRITORIAL,783.730217657123,baja,55,48,2003283785
2026,85001,Yopal,Casanare,TERRITORIAL,783.6986649285772,baja,5090,4781,342316454105
2026,52258,El Tablón de Gómez,Nariño,TERRITORIAL,781.596608796336,baja,83,77,1778841234
2026,52256,El Rosario,Nariño,TERRITORIAL,781.3787988112119,baja,117,99,3065353702
2026,85410,Tauramena,Casanare,TERRITORIAL,781.3691995398794,baja,290,278,18665657097
2026,52036,Ancuyá,Nariño,TERRITORIAL,778.5109353465396,baja,63,61,896828810
2026,05021,Alejandría,Antioquia,TERRITORIAL,778.4429448614433,baja,107,100,6783922977
2026,05321,Guatapé,Antioquia,TERRITORIAL,778.0282764992229,baja,263,236,61839411771
2026,15500,Oicatá,Boyacá,TERRITORIAL,775.70202619166,baja,32,31,978063619
2026,05147,Carepa,Antioquia,NACIONAL,774.9595073702992,baja,14,14,531294413
2026,18001,Florencia,Caquetá,TERRITORIAL,773.9029467480535,baja,553,544,26414932369
2026,73563,Prado,Tolima,TERRITORIAL,772.3102234474633,baja,21,21,293933459
2026,70678,San Benito Abad,Sucre,TERRITORIAL,769.6044092400887,baja,124,115,3940063272
2026,15135,Campohermoso,Boyacá,TERRITORIAL,769.2293605213738,baja,79,70,3675200304
2026,05079,Barbosa,Antioquia,TERRITORIAL,768.2531225066377,baja,349,326,22276415233
2026,41001,Neiva,Huila,NO_DEFINIDO,767.4340924457098,baja,111,102,1448029894
2026,13222,Clemencia,Bolívar,TERRITORIAL,767.3936600138263,baja,250,236,9141574409
2026,23001,Montería,Córdoba,TERRITORIAL,766.4656305559217,baja,2253,2176,352498668837
2026,25286,Funza,Cundinamarca,TERRITORIAL,765.8239072018583,baja,1353,1336,53448308912
2026,05190,Cisneros,Antioquia,TERRITORIAL,765.0191694891574,baja,133,117,4848453003
2026,05148,El Carmen de Viboral,Antioquia,TERRITORIAL,764.7579663864506,baja,308,296,24347686423
2026,41306,Gigante,Huila,TERRITORIAL,764.0400101831863,baja,71,66,3119338029
2026,05543,Peque,Antioquia,TERRITORIAL,763.2547469075271,baja,120,114,5232068610
2026,15776,Sutamarchán,Boyacá,TERRITORIAL,763.2470914179802,baja,69,66,2348654693
2026,54810,Tibú,Norte de Santander,TERRITORIAL,763.0799024990861,baja,772,667,38712182438
2026,68755,Socorro,Santander,TERRITORIAL,761.7353422329421,baja,173,157,5246563822
2026,23466,Montelíbano,Córdoba,TERRITORIAL,761.2534775308275,baja,147,141,10835524182
2026,68276,Floridablanca,Santander,NACIONAL,759.7677217869732,baja,243,201,53946412529
2026,15681,San Pablo de Borbur,Boyacá,NACIONAL,759.7273073011617,baja,102,95,4212523141
2026,41801,Teruel,Huila,TERRITORIAL,759.2901893762674,baja,97,88,3027505548
2026,20400,La Jagua de Ibirico,Cesar,TERRITORIAL,758.3630878336821,baja,222,217,9252703168
2026,41770,Suaza,Huila,TERRITORIAL,757.6269517931205,baja,156,147,4544426718
2026,44279,Fonseca,La Guajira,TERRITORIAL,757.0116864806921,baja,183,176,6752761822
2026,15104,Boyacá,Boyacá,TERRITORIAL,756.3818225708579,baja,62,54,2118535433
2026,47980,Zona Bananera,Magdalena,TERRITORIAL,755.7949684272537,baja,563,387,8361742146
2026,15861,Ventaquemada,Boyacá,TERRITORIAL,755.32209553302,baja,86,76,3331868424
2026,05690,Santo Domingo,Antioquia,NACIONAL,755.1438111750294,baja,31,31,719697425
2026,41503,Oporapa,Huila,TERRITORIAL,754.5846932774018,baja,77,72,2484950676
2026,05686,Santa Rosa de Osos,Antioquia,TERRITORIAL,754.3614765476352,baja,258,242,16699644911
2026,15720,Sativanorte,Boyacá,TERRITORIAL,754.1050980821792,baja,59,51,1675194400
2026,15638,Sáchica,Boyacá,TERRITORIAL,751.8781776044775,baja,93,87,3942964024
2026,13430,Magangué,Bolívar,NACIONAL,751.1445794506145,baja,535,531,18482190570
2026,15276,Floresta,Boyacá,TERRITORIAL,749.7934301898675,baja,61,54,2370814866
2026,68418,Los Santos,Santander,TERRITORIAL,744.4253181434403,baja,128,125,5580718697
2026,19622,Rosas,Cauca,TERRITORIAL,742.3215826901028,baja,76,73,1546220034
2026,54051,Arboledas,Norte de Santander,TERRITORIAL,741.4222889230962,baja,145,134,3629640365
2026,15272,Firavitoba,Boyacá,TERRITORIAL,739.9885920183066,baja,68,63,2235114729
2026,54871,Villa Caro,Norte de Santander,TERRITORIAL,739.509819318535,baja,80,74,2592647922
2026,25862,Vergara,Cundinamarca,TERRITORIAL,739.3805737147176,baja,31,27,2762879156
2026,23168,Chimá,Córdoba,TERRITORIAL,738.9281171016784,baja,194,184,3987884876
2026,05467,Montebello,Antioquia,TERRITORIAL,735.9818087543698,baja,101,93,3083686515
2026,13052,Arjona,Bolívar,TERRITORIAL,735.3217215151728,baja,220,216,7660070489
2026,18610,San José del Fragua,Caquetá,TERRITORIAL,734.6798048152274,baja,65,59,3142743019
2026,68705,Santa Bárbara,Santander,TERRITORIAL,733.2524159596808,baja,52,48,1162405428
2026,68250,El Peñón,Santander,TERRITORIAL,730.9346455418686,baja,75,66,3146965751
2026,73055,Armero,Tolima,TERRITORIAL,730.4469619869034,baja,121,116,6147078553
2026,73555,Planadas,Tolima,TERRITORIAL,727.9438678789625,baja,144,131,4608920820
2026,17380,La Dorada,Caldas,TERRITORIAL,725.1525456148348,baja,478,435,14655428496
2026,76001,Cali,Valle del Cauca,OTRO,724.719361659084,baja,63,63,1419449081
2026,54223,Cucutilla,Norte de Santander,TERRITORIAL,719.84547472638,baja,204,184,4474658300
2026,73870,Villahermosa,Tolima,TERRITORIAL,719.1570488119656,baja,109,93,2283031941
2026,20383,La Gloria,Cesar,TERRITORIAL,718.7121906363818,baja,183,179,6987578749
2026,25740,Sibaté,Cundinamarca,NACIONAL,718.3070336783516,baja,23,23,1176025947
2026,85001,Yopal,Casanare,NACIONAL,717.968781451766,baja,1011,1001,55630421720
2026,13458,Montecristo,Bolívar,TERRITORIAL,717.9240232193312,baja,138,137,7652080861
2026,05854,Valdivia,Antioquia,TERRITORIAL,717.5827166662868,baja,136,120,8842399655
2026,52405,Leiva,Nariño,TERRITORIAL,717.4559064931067,baja,103,80,3476717900
2026,25035,Anapoima,Cundinamarca,TERRITORIAL,717.1633712311807,baja,65,64,2174459039
2026,15842,Umbita,Boyacá,TERRITORIAL,715.0620045733059,baja,68,64,1944191572
2026,54520,Pamplonita,Norte de Santander,TERRITORIAL,711.0283556301836,baja,110,103,3004001890
2026,15690,Santa María,Boyacá,TERRITORIAL,709.5427946691971,baja,67,63,3513245081
2026,41799,Tello,Huila,TERRITORIAL,709.3161312332956,baja,75,74,2547522899
2026,68190,Cimitarra,Santander,TERRITORIAL,707.645802492274,baja,28,28,356589393
2026,68327,Güepsa,Santander,TERRITORIAL,707.508231505005,baja,64,59,1838697658
2026,52233,Cumbitara,Nariño,TERRITORIAL,707.1078656772809,baja,91,79,2334101838
2026,54498,Ocaña,Norte de Santander,TERRITORIAL,706.3801920321432,baja,694,634,73802181928
2026,20228,Curumaní,Cesar,TERRITORIAL,705.5049875826825,baja,137,133,4830938287
2026,68464,Mogotes,Santander,TERRITORIAL,705.1701056163663,baja,85,81,2915405507
2026,05134,Campamento,Antioquia,TERRITORIAL,704.5264247138921,baja,158,136,4816129037
2026,50245,El Calvario,Meta,TERRITORIAL,703.871970500624,baja,33,32,1147924855
2026,20238,El Copey,Cesar,TERRITORIAL,703.8364639245518,baja,130,116,6143785853
2026,41244,Elías,Huila,TERRITORIAL,702.3809180065945,baja,61,46,1763076003
2026,15763,Sotaquirá,Boyacá,TERRITORIAL,701.5733020770663,baja,112,101,4449301217
2026,50251,El Castillo,Meta,TERRITORIAL,701.1316469685473,baja,80,79,3663219017
2026,18592,Puerto Rico,Caquetá,TERRITORIAL,700.050864530337,baja,107,103,4564888272
2026,15774,Susacón,Boyacá,TERRITORIAL,698.4494921783831,baja,53,46,1740018888
2026,50577,Puerto Lleras,Meta,TERRITORIAL,698.1713852605491,baja,106,95,5070249983
2026,52573,Puerres,Nariño,TERRITORIAL,698.0223131861342,baja,117,107,2448107962
2026,47001,Santa Marta,Magdalena,TERRITORIAL,696.3893036217353,baja,6119,5293,429770117010
2026,41660,Saladoblanco,Huila,TERRITORIAL,695.3850248095218,baja,93,85,2866574900
2026,76834,Tuluá,Valle del Cauca,NO_DEFINIDO,692.6066760247497,baja,215,87,728796188
2026,86755,San Francisco,Putumayo,TERRITORIAL,691.9648697335643,baja,97,93,2428798456
2026,05284,Frontino,Antioquia,NACIONAL,691.1986102744864,baja,19,18,344493000
2026,13894,Zambrano,Bolívar,TERRITORIAL,685.2222758181914,baja,150,125,7360398085
2026,41359,Isnos,Huila,TERRITORIAL,684.7307269145359,baja,142,133,6917034294
2026,15839,Tutazá,Boyacá,TERRITORIAL,684.6648456191276,baja,40,38,1055483175
2026,68077,Barbosa,Santander,TERRITORIAL,683.4166536850025,baja,97,87,4762488481
2026,15518,Pajarito,Boyacá,TERRITORIAL,679.9223962770777,baja,63,61,1375374830
2026,05652,San Francisco,Antioquia,TERRITORIAL,679.4475911784999,baja,188,164,8389028874
2026,73270,Falan,Tolima,TERRITORIAL,679.0944653132617,baja,98,86,3204327524
2026,25898,Zipacón,Cundinamarca,TERRITORIAL,676.374351175832,baja,65,62,1731297815
2026,52260,El Tambo,Nariño,TERRITORIAL,673.7398980551914,baja,136,115,2603817897
2026,08001,Barranquilla,Atlántico,TERRITORIAL,673.621233729263,baja,11376,10423,1780254909171
2026,05390,La Pintada,Antioquia,TERRITORIAL,673.2319763254364,baja,72,64,4085420082
2026,15537,Paz de Río,Boyacá,TERRITORIAL,673.0555300879446,baja,74,66,2413019895
2026,17050,Aranzazu,Caldas,TERRITORIAL,669.748790937703,baja,96,89,3722344815
2026,70001,Sincelejo,Sucre,TERRITORIAL,668.7018176103547,baja,1828,1775,80357426009
2026,15879,Viracachá,Boyacá,TERRITORIAL,668.1272757583042,baja,43,42,1379537166
2026,85263,Pore,Casanare,TERRITORIAL,667.1316845631109,baja,162,144,7526343936
2026,25486,Nemocón,Cundinamarca,TERRITORIAL,666.6403415661537,baja,162,157,5195512857
2026,05541,Peñol,Antioquia,TERRITORIAL,665.8729045819986,baja,350,306,26486915538
2026,25438,Medina,Cundinamarca,TERRITORIAL,665.7136856931116,baja,87,84,2484332059
2026,68572,Puente Nacional,Santander,TERRITORIAL,665.3918049635785,baja,147,143,4713255918
2026,05360,Itagui,Antioquia,TERRITORIAL,665.2104852562795,baja,310,257,245296642966
2026,68324,Guavatá,Santander,TERRITORIAL,664.4931922843889,baja,60,59,1666748323
2026,66456,Mistrató,Risaralda,TERRITORIAL,663.500291065731,baja,193,173,9182179164
2026,15804,Tibaná,Boyacá,TERRITORIAL,659.6143779717418,baja,52,48,1587555241
2026,08436,Manatí,Atlántico,TERRITORIAL,656.8072278003254,baja,149,144,3696095718
2026,05234,Dabeiba,Antioquia,TERRITORIAL,656.3714798050613,baja,250,215,14017405746
2026,15832,Tununguá,Boyacá,TERRITORIAL,655.7510858690683,baja,51,39,1543960770
2026,15476,Motavita,Boyacá,TERRITORIAL,655.591095787486,baja,68,67,3179083572
2026,15798,Tenza,Boyacá,TERRITORIAL,655.1872084085853,baja,52,44,1834652212
2026,27810,Unión Panamericana,Chocó,TERRITORIAL,654.9683421499248,baja,56,55,2655681952
2026,08137,Campo de la Cruz,Atlántico,TERRITORIAL,649.1445404515024,baja,122,119,3086050455
2026,05440,Marinilla,Antioquia,NACIONAL,646.4124271795479,baja,337,299,27233010425
2026,68344,Hato,Santander,TERRITORIAL,645.4528928570128,baja,81,75,3115066441
2026,76823,Toro,Valle del Cauca,TERRITORIAL,645.3114903785767,baja,72,63,2278700759
2026,17272,Filadelfia,Caldas,TERRITORIAL,643.2142878285887,baja,85,80,2482806826
2026,70708,San Marcos,Sucre,TERRITORIAL,642.6042953123358,baja,131,127,7503786768
2026,05607,Retiro,Antioquia,TERRITORIAL,642.1721560947843,baja,509,482,62181564920
2026,41548,Pital,Huila,TERRITORIAL,638.0531482023463,baja,106,97,2156290641
2026,25086,Beltrán,Cundinamarca,TERRITORIAL,637.0089096312868,baja,82,76,2064863479
2026,18247,El Doncello,Caquetá,TERRITORIAL,636.6674421726248,baja,26,23,545096000
2026,23300,Cotorra,Córdoba,TERRITORIAL,635.1060510165889,baja,59,56,1367238968
2026,52480,Nariño,Nariño,TERRITORIAL,632.6574415073109,baja,125,122,2741641230
2026,17388,La Merced,Caldas,TERRITORIAL,632.5744122667656,baja,75,68,2094020603
2026,52317,Guachucal,Nariño,TERRITORIAL,632.3033141775363,baja,122,107,3506656538
2026,50568,Puerto Gaitán,Meta,TERRITORIAL,631.9044295491454,baja,711,693,42467099698
2026,15180,Chiscas,Boyacá,TERRITORIAL,631.2172259966901,baja,79,71,3633954691
2026,25658,San Francisco,Cundinamarca,TERRITORIAL,630.7699954282205,baja,94,92,3852043485
2026,05380,La Estrella,Antioquia,TERRITORIAL,630.085551262833,baja,804,786,30195947742
2026,15762,Sora,Boyacá,NACIONAL,629.227837022594,baja,57,53,1587537214
2026,68720,Santa Helena del Opón,Santander,TERRITORIAL,627.685299722924,baja,61,59,2472495929
2026,68162,Cerrito,Santander,TERRITORIAL,624.7608428939062,baja,75,71,2213929123
2026,20001,Valledupar,Cesar,TERRITORIAL,622.5103377556517,baja,3597,3461,386641640031
2026,50006,Acacías,Meta,NACIONAL,620.5451318016271,baja,92,86,3029688831
2026,68217,Coromoro,Santander,TERRITORIAL,620.2355207788136,baja,76,67,2312868529
2026,50370,Uribe,Meta,TERRITORIAL,620.1964905941231,baja,148,142,8052414215
2026,23419,Los Córdobas,Córdoba,TERRITORIAL,613.7962208038666,baja,74,70,3855871103
2026,15131,Caldas,Boyacá,TERRITORIAL,609.0935814955012,baja,61,56,1910364927
2026,54099,Bochalema,Norte de Santander,TERRITORIAL,608.1453746260532,baja,97,93,1991638349
2026,15810,Tipacoque,Boyacá,TERRITORIAL,606.7596811738995,baja,78,72,1975355308
2026,73461,Murillo,Tolima,TERRITORIAL,605.399487330221,baja,105,91,2321200214
2026,44001,Riohacha,La Guajira,OTRO,603.9047250740581,baja,81,80,3640276913
2026,05425,Maceo,Antioquia,TERRITORIAL,602.8675712987447,baja,105,93,5989885090
2026,25436,Manta,Cundinamarca,TERRITORIAL,601.4096779289375,baja,61,59,1276624103
2026,47053,Aracataca,Magdalena,TERRITORIAL,601.0755126398697,baja,112,100,3551891705
2026,13300,Hatillo de Loba,Bolívar,TERRITORIAL,600.8019624315704,baja,141,138,2590253818
2026,73622,Roncesvalles,Tolima,TERRITORIAL,600.1267284783861,baja,113,101,3427044578
2026,68686,San Miguel,Santander,TERRITORIAL,599.9427094680499,baja,62,54,1627456678
2026,25805,Tibacuy,Cundinamarca,TERRITORIAL,598.6235004926249,baja,88,83,2808791568
2026,41791,Tarqui,Huila,TERRITORIAL,597.8044864334232,baja,97,89,3352825395
2026,05697,El Santuario,Antioquia,TERRITORIAL,597.1540704846329,baja,223,219,11593063618
2026,15897,Zetaquira,Boyacá,TERRITORIAL,593.9533618492559,baja,166,127,6111419846
2026,52227,Cumbal,Nariño,TERRITORIAL,593.4289462816781,baja,169,159,4961649573
2026,68867,Vetas,Santander,TERRITORIAL,592.3474135753873,baja,48,45,1273703096
2026,08520,Palmar de Varela,Atlántico,TERRITORIAL,590.8645101670332,baja,282,263,8320655154
2026,81300,Fortul,Arauca,TERRITORIAL,590.6514773159905,baja,128,122,5744518028
2026,15403,La Uvita,Boyacá,TERRITORIAL,590.3913910565507,baja,76,72,2435933048
2026,68549,Pinchote,Santander,TERRITORIAL,589.7175558943142,baja,58,51,1670887276
2026,68209,Confines,Santander,TERRITORIAL,588.858091738296,baja,52,44,1652914446
2026,15362,Iza,Boyacá,TERRITORIAL,587.1459919451027,baja,56,51,1515374545
2026,08001,Barranquilla,Atlántico,OTRO,584.9862277203715,baja,352,352,28572224219
2026,15660,San Eduardo,Boyacá,TERRITORIAL,584.541816997644,baja,50,47,1894172796
2026,19585,Puracé,Cauca,TERRITORIAL,584.1516763378661,baja,85,84,2655914674
2026,05736,Segovia,Antioquia,TERRITORIAL,584.0155502058449,baja,129,110,5792258288
2026,41078,Baraya,Huila,TERRITORIAL,583.6865640934593,baja,79,76,1903076156
2026,73520,Palocabildo,Tolima,TERRITORIAL,582.9398539408743,baja,99,89,3095375064
2026,15837,Tuta,Boyacá,TERRITORIAL,581.7996312312484,baja,238,177,9143548651
2026,25777,Supatá,Cundinamarca,TERRITORIAL,581.7783286242786,baja,99,88,4031903396
2026,15621,Rondón,Boyacá,TERRITORIAL,581.72532095721,baja,46,44,1247409780
2026,05321,Guatapé,Antioquia,NACIONAL,581.077353222659,baja,25,23,985068656
2026,05313,Granada,Antioquia,TERRITORIAL,575.6559072444458,baja,127,121,6367186507
2026,52565,Providencia,Nariño,TERRITORIAL,575.1777450411232,baja,148,128,2882964300
2026,05031,Amalfi,Antioquia,TERRITORIAL,574.8412637493037,baja,219,204,11227281725
2026,17446,Marulanda,Caldas,TERRITORIAL,573.639080390076,baja,58,50,1616367785
2026,13780,Talaigua Nuevo,Bolívar,TERRITORIAL,572.292961566112,baja,22,22,428579076
2026,19693,San Sebastián,Cauca,TERRITORIAL,570.828384045457,baja,66,64,1658980541
2026,25649,San Bernardo,Cundinamarca,TERRITORIAL,570.1826750713781,baja,105,96,4310764856
2026,13248,El Guamo,Bolívar,TERRITORIAL,569.9360461019166,baja,102,94,4451025812
2026,68051,Aratoca,Santander,TERRITORIAL,569.4442003031954,baja,101,88,2947834249
2026,54874,Villa del Rosario,Norte de Santander,TERRITORIAL,569.3962072731897,baja,492,478,11625417246
2026,41807,Timaná,Huila,TERRITORIAL,568.8021567893757,baja,124,117,4529844562
2026,05318,Guarne,Antioquia,TERRITORIAL,568.2288470063856,baja,707,690,35032826605
2026,05142,Caracolí,Antioquia,TERRITORIAL,567.0086129802733,baja,74,67,3235724041
2026,68264,Encino,Santander,TERRITORIAL,566.119322697559,baja,37,31,935459485
2026,25269,Facatativá,Cundinamarca,NO_DEFINIDO,565.8342715709698,baja,65,48,1754550226
2026,41006,Acevedo,Huila,TERRITORIAL,565.7154647429855,baja,118,109,5191642947
2026,41668,San Agustín,Huila,TERRITORIAL,565.3257946948216,baja,130,126,4479740604
2026,25295,Gachancipá,Cundinamarca,TERRITORIAL,564.5074060918724,baja,150,146,5931057531
2026,13030,Altos del Rosario,Bolívar,TERRITORIAL,564.1219417649579,baja,95,89,3312499065
2026,52473,Mosquera,Nariño,TERRITORIAL,561.9133960075418,baja,148,137,5717592428
2026,15632,Saboyá,Boyacá,TERRITORIAL,561.76578080979,baja,106,103,4420433310
2026,13657,San Juan Nepomuceno,Bolívar,TERRITORIAL,559.705054511338,baja,234,215,6134708860
2026,68121,Cabrera,Santander,TERRITORIAL,556.5729332598809,baja,55,48,1623684606
2026,08078,Baranoa,Atlántico,TERRITORIAL,556.1162807646734,baja,301,293,10508854551
2026,41206,Colombia,Huila,TERRITORIAL,555.7188841399645,baja,68,68,3411611080
2026,76670,San Pedro,Valle del Cauca,TERRITORIAL,553.8623243672765,baja,138,126,3857850420
2026,73616,Rioblanco,Tolima,TERRITORIAL,553.2848842154104,baja,222,200,11286718110
2026,15757,Socha,Boyacá,TERRITORIAL,553.1115651258087,baja,149,133,6671315742
2026,41026,Altamira,Huila,TERRITORIAL,552.5101050397583,baja,75,68,1950057883
2026,76036,Andalucía,Valle del Cauca,TERRITORIAL,550.0937285587795,baja,140,135,5695792464
2026,68377,La Belleza,Santander,TERRITORIAL,549.6319881986374,baja,68,60,2504463163
2026,41357,Iquira,Huila,NACIONAL,548.7630911133938,baja,100,99,3864150454
2026,05376,La Ceja,Antioquia,TERRITORIAL,548.7624588236342,baja,556,534,36610070577
2026,52683,Sandoná,Nariño,TERRITORIAL,545.5953819687816,baja,192,170,5904145994
2026,17174,Chinchiná,Caldas,TERRITORIAL,545.1214062060968,baja,363,319,15046729526
2026,50683,San Juan de Arama,Meta,TERRITORIAL,545.1176324945808,baja,80,76,2904820205
2026,50686,San Juanito,Meta,TERRITORIAL,543.6684233656804,baja,34,32,1171155516
2026,68101,Bolívar,Santander,TERRITORIAL,543.1433505818851,baja,60,53,1649449764
2026,68682,San Joaquín,Santander,TERRITORIAL,541.9121484843666,baja,47,42,861282737
2026,23586,Purísima,Córdoba,TERRITORIAL,541.5174274197565,baja,99,99,1830811219
2026,05347,Heliconia,Antioquia,TERRITORIAL,541.1936622263319,baja,73,71,2344470672
2026,05364,Jardín,Antioquia,TERRITORIAL,541.145874540113,baja,143,134,6336530544
2026,66594,Quinchía,Risaralda,TERRITORIAL,540.3435290846945,baja,98,95,5372186748
2026,63302,Génova,Quindío,TERRITORIAL,539.8947694353243,baja,92,85,1801996712
2026,19397,La Vega,Cauca,TERRITORIAL,538.7317080307835,baja,72,69,2649111491
2026,54680,Santiago,Norte de Santander,TERRITORIAL,538.1166564675099,baja,124,121,1947949707
2026,97666,Taraira,Vaupés,TERRITORIAL,538.0874389502799,baja,69,62,3492777177
2026,27006,Acandí,Chocó,TERRITORIAL,535.8131476857549,baja,71,67,3953070693
2026,68855,Valle de San José,Santander,TERRITORIAL,535.2578333807452,baja,49,46,1541713220
2026,73770,Suárez,Tolima,TERRITORIAL,534.4791491075808,baja,157,119,4496824802
2026,76122,Caicedonia,Valle del Cauca,TERRITORIAL,534.4640226943001,baja,139,113,6863469979
2026,50001,Villavicencio,Meta,TERRITORIAL,534.0834346842767,baja,7353,6854,437164287676
2026,52788,Tangua,Nariño,TERRITORIAL,533.7212109562754,baja,213,201,4115780961
2026,13655,San Jacinto del Cauca,Bolívar,TERRITORIAL,533.321342713146,baja,153,139,7305687435
2026,52411,Linares,Nariño,TERRITORIAL,531.3478854681771,baja,122,109,3327459840
2026,15806,Tibasosa,Boyacá,TERRITORIAL,531.0137416114995,baja,201,187,8774604687
2026,52354,Imués,Nariño,NACIONAL,529.9222685331187,baja,152,134,3465462252
2026,52352,Iles,Nariño,TERRITORIAL,527.1890861992931,baja,146,129,3041042585
2026,68684,San José de Miranda,Santander,TERRITORIAL,526.8134897349486,baja,73,70,1796909423
2026,27075,Bahía Solano,Chocó,TERRITORIAL,524.9384794116861,baja,28,25,1076992775
2026,54128,Cachirá,Norte de Santander,TERRITORIAL,522.7029752722601,baja,115,110,3656530293
2026,05113,Buriticá,Antioquia,TERRITORIAL,521.3371953733666,baja,138,133,11744681570
2026,23079,Buenavista,Córdoba,TERRITORIAL,518.1113758765084,baja,97,93,2964239313
2026,54001,Cúcuta,Norte de Santander,TERRITORIAL,517.2374770685394,baja,8664,7942,404578749314
2026,47545,Pijiño del Carmen,Magdalena,NACIONAL,516.6094680632577,baja,25,25,192427736
2026,18860,Valparaíso,Caquetá,TERRITORIAL,513.3451353075833,baja,99,93,3891520986
2026,70204,Coloso,Sucre,TERRITORIAL,513.1344770048094,baja,189,180,8352409634
2026,15248,El Espino,Boyacá,TERRITORIAL,512.264664179638,baja,89,83,2039151557
2026,52207,Consaca,Nariño,TERRITORIAL,511.63703488423806,baja,119,111,3540435736
2026,08685,Santo Tomás,Atlántico,TERRITORIAL,510.3062674219533,baja,126,117,2457564400
2026,15092,Betéitiva,Boyacá,TERRITORIAL,509.26204104197205,baja,50,44,1293065906
2026,15542,Pesca,Boyacá,TERRITORIAL,509.0574491906161,baja,124,115,3701103710
2026,15522,Panqueba,Boyacá,TERRITORIAL,508.7033487091017,baja,73,59,1865818417
2026,76306,Ginebra,Valle del Cauca,TERRITORIAL,508.27185428529737,baja,115,106,4674334202
2026,52320,Guaitarilla,Nariño,TERRITORIAL,507.996742956265,baja,139,122,3460927392
2026,25299,Gama,Cundinamarca,TERRITORIAL,507.3953030569483,baja,82,77,1787837645
2026,05861,Venecia,Antioquia,TERRITORIAL,507.1810277273968,baja,169,157,5237916884
2026,68276,Floridablanca,Santander,TERRITORIAL,506.86528413911645,baja,2349,2225,140313395307
2026,54001,Cúcuta,Norte de Santander,OTRO,505.7977592145668,baja,698,693,16172730553
2026,05674,San Vicente,Antioquia,TERRITORIAL,504.6984100435088,baja,170,160,12937163703
2026,97161,Caruru,Vaupés,TERRITORIAL,504.66500595980216,baja,93,87,3368733335
2026,19780,Suárez,Cauca,TERRITORIAL,504.5591522317358,baja,136,131,5064619498
2026,44847,Uribia,La Guajira,TERRITORIAL,504.05443599319216,baja,265,253,283896938208
2026,25745,Simijaca,Cundinamarca,TERRITORIAL,503.89228299528907,baja,126,119,3169877550
2026,15511,Pachavita,Boyacá,TERRITORIAL,503.4712646051259,baja,41,41,1075188900
2026,15723,Sativasur,Boyacá,TERRITORIAL,501.97144873285873,baja,38,36,845212917
2026,52250,El Charco,Nariño,TERRITORIAL,500.9465258781011,baja,340,316,6099771896
2026,73678,San Luis,Tolima,TERRITORIAL,499.6132719732335,baja,103,99,2476475632
2026,47161,Cerro San Antonio,Magdalena,TERRITORIAL,498.58286158306845,baja,82,80,1588608638
2026,68533,Páramo,Santander,TERRITORIAL,498.51759817045075,baja,70,61,1845585955
2026,73067,Ataco,Tolima,TERRITORIAL,495.78817772889306,baja,140,129,5223377614
2026,52356,Ipiales,Nariño,TERRITORIAL,495.73193694675103,baja,311,306,6507314496
2026,15226,Cuítiva,Boyacá,TERRITORIAL,495.64105375179196,baja,82,76,1754174593
2026,05310,Gómez Plata,Antioquia,TERRITORIAL,494.7104782637473,baja,135,125,4649827414
2026,05809,Titiribí,Antioquia,TERRITORIAL,494.1969455253703,baja,184,175,4752693096
2026,19142,Caloto,Cauca,TERRITORIAL,494.11948745959046,baja,136,131,6801212165
2026,15778,Sutatenza,Boyacá,TERRITORIAL,493.97693230678624,baja,80,70,2307485182
2026,76890,Yotoco,Valle del Cauca,TERRITORIAL,492.9113641400684,baja,291,272,8773455148
2026,13430,Magangué,Bolívar,OTRO,490.67610557009823,baja,58,56,1314866788
2026,63690,Salento,Quindío,TERRITORIAL,490.0961488934936,baja,150,146,3830211510
2026,25339,Gutiérrez,Cundinamarca,TERRITORIAL,489.9005806253482,baja,77,72,1940165644
2026,47798,Tenerife,Magdalena,TERRITORIAL,489.5667964622707,baja,86,69,2191067043
2026,76246,El Cairo,Valle del Cauca,TERRITORIAL,488.60829741041454,baja,67,62,1522219201
2026,54250,El Tarra,Norte de Santander,TERRITORIAL,487.3338190282917,baja,155,148,5512531218
2026,68245,El Guacamayo,Santander,TERRITORIAL,486.7357019619889,baja,76,61,1165077111
2026,13580,Regidor,Bolívar,TERRITORIAL,485.818011065712,baja,62,59,2713244220
2026,76250,El Dovio,Valle del Cauca,TERRITORIAL,484.230914931631,baja,74,63,2361476845
2026,19137,Caldono,Cauca,TERRITORIAL,484.1383862804839,baja,112,111,3597120332
2026,86885,Villagarzón,Putumayo,TERRITORIAL,483.1786601998408,baja,183,180,4754008035
2026,52685,San Bernardo,Nariño,TERRITORIAL,482.966811621773,baja,161,152,2354692611
2026,25653,San Cayetano,Cundinamarca,TERRITORIAL,482.59006960702476,baja,62,53,1412691192
2026,95015,Calamar,Guaviare,TERRITORIAL,481.78934872530317,baja,154,140,4212922438
2026,05649,San Carlos,Antioquia,TERRITORIAL,481.09926512468684,baja,247,230,15186426306
2026,05002,Abejorral,Antioquia,TERRITORIAL,480.9574738438356,baja,142,139,4580118431
2026,05264,Entrerrios,Antioquia,TERRITORIAL,480.56795984352857,baja,115,104,6276261078
2026,41518,Paicol,Huila,TERRITORIAL,480.5349095898601,baja,95,90,2498109325
2026,66400,La Virginia,Risaralda,TERRITORIAL,479.6591152254227,baja,209,188,8309180576
2026,68169,Charta,Santander,TERRITORIAL,479.5683148566966,baja,72,65,1241155324
2026,17524,Palestina,Caldas,TERRITORIAL,479.56452012402127,baja,123,117,5437493447
2026,76828,Trujillo,Valle del Cauca,TERRITORIAL,478.92383382006534,baja,110,101,3342539947
2026,68211,Contratación,Santander,TERRITORIAL,477.70826195536677,baja,40,37,842004572
2026,68322,Guapotá,Santander,TERRITORIAL,477.5725950334012,baja,61,52,1417762139
2026,44098,Distracción,La Guajira,TERRITORIAL,476.37913272999526,baja,50,46,795706222
2026,05042,Santafé de Antioquia,Antioquia,TERRITORIAL,472.61705450992264,baja,245,201,42229743377
2026,68468,Molagavita,Santander,TERRITORIAL,472.2383677528761,baja,54,51,1851554989
2026,76736,Sevilla,Valle del Cauca,TERRITORIAL,472.17326617452244,baja,177,168,7506488248
2026,54405,Los Patios,Norte de Santander,NACIONAL,470.56983047519,baja,251,237,9407545929
2026,17380,La Dorada,Caldas,OTRO,467.56419529941974,baja,112,112,1959592074
2026,17616,Risaralda,Caldas,NACIONAL,466.7975477657007,baja,299,296,22928470932
2026,63130,Calarca,Quindío,TERRITORIAL,464.95568318958897,baja,499,494,11983093395
2026,13600,Río Viejo,Bolívar,TERRITORIAL,464.07012800634254,baja,128,120,4858209997
2026,63594,Quimbaya,Quindío,TERRITORIAL,463.73944685594086,baja,305,295,4920180584
2026,81591,Puerto Rondón,Arauca,TERRITORIAL,461.92771657031244,baja,83,72,2962238478
2026,08296,Galapa,Atlántico,TERRITORIAL,461.3276248780413,baja,408,400,26431867363
2026,25001,Agua de Dios,Cundinamarca,TERRITORIAL,461.2017284099892,baja,198,186,6301481247
2026,50150,Castilla la Nueva,Meta,TERRITORIAL,460.3139753855216,baja,343,309,9524545431
2026,05656,San Jerónimo,Antioquia,TERRITORIAL,458.51897938742707,baja,161,138,7988448223
2026,41396,La Plata,Huila,TERRITORIAL,458.46021430122704,baja,439,432,13278394450
2026,15172,Chinavita,Boyacá,TERRITORIAL,455.3442700103269,baja,62,55,1249177475
2026,68745,Simacota,Santander,TERRITORIAL,454.37981298350076,baja,121,113,3666832828
2026,05091,Betania,Antioquia,TERRITORIAL,454.36749604769824,baja,95,88,3564020173
2026,86571,Puerto Guzmán,Putumayo,TERRITORIAL,451.48931508767134,baja,124,107,3148595380
2026,73449,Melgar,Tolima,NACIONAL,450.7974998363223,baja,38,37,1872769254
2026,05030,Amagá,Antioquia,TERRITORIAL,447.7888870081291,baja,198,180,10421151054
2026,05887,Yarumal,Antioquia,TERRITORIAL,447.0305633261489,baja,335,279,45680239117
2026,18753,San Vicente del Caguán,Caquetá,TERRITORIAL,445.92023573849013,baja,168,151,6530643689
2026,76892,Yumbo,Valle del Cauca,TERRITORIAL,445.49934538907934,baja,927,902,16467183505
2026,25286,Funza,Cundinamarca,NACIONAL,443.1998585721592,baja,38,38,1449652648
2026,15236,Chivor,Boyacá,TERRITORIAL,442.6507868712772,baja,77,63,3562125059
2026,68573,Puerto Parra,Santander,TERRITORIAL,439.2183798588754,baja,83,78,3218631949
2026,05129,Caldas,Antioquia,TERRITORIAL,438.40688227739423,baja,482,474,18440467041
2026,63470,Montenegro,Quindío,TERRITORIAL,437.9237347947302,baja,373,370,6548357331
2026,52490,Olaya Herrera,Nariño,TERRITORIAL,435.73679538599004,baja,97,88,3340896888
2026,25843,Villa de San Diego de Ubate,Cundinamarca,TERRITORIAL,434.7788083798371,baja,357,350,14594774691
2026,25148,Caparrapí,Cundinamarca,TERRITORIAL,434.63660296393095,baja,111,103,3991784822
2026,27660,San José del Palmar,Chocó,TERRITORIAL,434.1088683961279,baja,88,73,2687002101
2026,05353,Hispania,Antioquia,TERRITORIAL,433.12395369826856,baja,65,61,2785419876
2026,44035,Albania,La Guajira,TERRITORIAL,432.2296460949664,baja,141,135,4997461185
2026,41001,Neiva,Huila,TERRITORIAL,430.5687361063249,baja,2359,2215,151022528491
2026,05792,Tarso,Antioquia,TERRITORIAL,428.39493846385085,baja,98,87,3128698822
2026,19212,Corinto,Cauca,TERRITORIAL,426.62546816611746,baja,119,106,3830528069
2026,25580,Pulí,Cundinamarca,TERRITORIAL,425.8272873388419,baja,55,51,1234804667
2026,18756,Solano,Caquetá,NACIONAL,425.78660609301807,baja,70,58,3546238809
2026,85300,Sabanalarga,Casanare,TERRITORIAL,425.2210051623267,baja,163,157,4700256228
2026,23350,La Apartada,Córdoba,TERRITORIAL,425.13843065507734,baja,53,53,1851109755
2026,52699,Santacruz,Nariño,TERRITORIAL,423.2291676318915,baja,166,155,4933663498
2026,68368,Jesús María,Santander,TERRITORIAL,419.3406972427493,baja,54,53,1612065024
2026,68770,Suaita,Santander,TERRITORIAL,419.2604361384236,baja,119,104,3346831404
2026,25596,Quipile,Cundinamarca,TERRITORIAL,418.3594407174639,baja,97,95,2924219801
2026,54385,La Esperanza,Norte de Santander,TERRITORIAL,417.61790175027176,baja,154,137,3194598948
2026,15696,Santa Sofía,Boyacá,TERRITORIAL,417.6150064343607,baja,74,73,2084282836
2026,68500,Oiba,Santander,TERRITORIAL,416.1641684665748,baja,161,124,4777429334
2026,76616,Riofrío,Valle del Cauca,TERRITORIAL,414.76394310208866,baja,148,144,3762634373
2026,50287,Fuente de Oro,Meta,TERRITORIAL,414.61301560835653,baja,209,188,6091991395
2026,05664,San Pedro,Antioquia,TERRITORIAL,414.41277218186485,baja,129,112,2837961471
2026,13160,Cantagallo,Bolívar,TERRITORIAL,414.29819312450303,baja,305,253,9099053099
2026,20175,Chimichagua,Cesar,TERRITORIAL,414.29426321926104,baja,118,115,3149108667
2026,54599,Ragonvalia,Norte de Santander,TERRITORIAL,414.0989975947238,baja,69,68,1158941946
2026,15090,Berbeo,Boyacá,TERRITORIAL,413.58537935513107,baja,69,61,1761528758
2026,76606,Restrepo,Valle del Cauca,TERRITORIAL,411.4309341860179,baja,109,101,2599653210
2026,68689,San Vicente de Chucurí,Santander,TERRITORIAL,409.3629062980485,baja,200,193,5227906262
2026,47555,Plato,Magdalena,TERRITORIAL,408.75970187818183,baja,1200,597,18016354251
2026,47541,Pedraza,Magdalena,TERRITORIAL,407.6203663085109,baja,58,54,1044971265
2026,13744,Simití,Bolívar,TERRITORIAL,406.4141818012095,baja,320,290,14031640570
2026,25372,Junín,Cundinamarca,TERRITORIAL,405.7053109151309,baja,140,138,4112306674
2026,05615,Rionegro,Antioquia,TERRITORIAL,404.8420920062674,baja,1070,996,137876119354
2026,05576,Pueblorrico,Antioquia,TERRITORIAL,404.79230608088943,baja,107,99,3822439450
2026,66440,Marsella,Risaralda,TERRITORIAL,403.91101401419917,baja,110,102,2157584676
2026,50006,Acacías,Meta,TERRITORIAL,403.54471127407686,baja,643,639,19880074059
2026,68079,Barichara,Santander,TERRITORIAL,402.67373197376435,baja,124,118,4002191576
2026,41615,Rivera,Huila,TERRITORIAL,402.41671176282335,baja,323,312,8686043836
2026,25019,Albán,Cundinamarca,NACIONAL,402.23817664213414,baja,87,83,2644033941
2026,19022,Almaguer,Cauca,TERRITORIAL,401.23339071531746,baja,113,111,4172497707
2026,15822,Tota,Boyacá,TERRITORIAL,401.0772864219866,baja,87,81,3335188524
2026,19318,Guapi,Cauca,TERRITORIAL,400.8821615517882,baja,167,163,6400694810
2026,17867,Victoria,Caldas,TERRITORIAL,400.87195789871066,baja,212,178,4687135389
2026,13001,Cartagena,Bolívar,OTRO,400.69703096055366,baja,134,134,11592407455
2026,68266,Enciso,Santander,TERRITORIAL,398.72242066582737,baja,70,67,1727190796
2026,25430,Madrid,Cundinamarca,TERRITORIAL,396.70799712996666,baja,799,792,26872490558
2026,68385,Landázuri,Santander,TERRITORIAL,395.2735134320717,baja,75,67,1657528576
2026,19743,Silvia,Cauca,TERRITORIAL,394.05355346952507,baja,110,105,3233335657
2026,08436,Manatí,Atlántico,NACIONAL,393.60769870789164,baja,47,44,377435991
2026,68432,Málaga,Santander,TERRITORIAL,392.8498814594734,baja,134,121,5167441274
2026,73504,Ortega,Tolima,TERRITORIAL,392.74986472134543,baja,175,166,5381323806
2026,05088,Bello,Antioquia,TERRITORIAL,391.3031484618572,baja,2097,2024,139324121459
2026,25491,Nocaima,Cundinamarca,TERRITORIAL,391.07841260885306,baja,97,95,3360407014
2026,81736,Saravena,Arauca,TERRITORIAL,390.9169379247123,baja,144,143,7293094402
2026,05282,Fredonia,Antioquia,TERRITORIAL,390.58586083375565,baja,157,151,6884869963
2026,25815,Tocaima,Cundinamarca,TERRITORIAL,390.49233992245127,baja,162,157,5583301651
2026,13836,Turbaco,Bolívar,TERRITORIAL,388.8279621126189,baja,3362,3316,248369394077
2026,68444,Matanza,Santander,TERRITORIAL,387.2333658369235,baja,61,59,1585440670
2026,73675,San Antonio,Tolima,TERRITORIAL,386.3312052414235,baja,109,101,2787070883
2026,15516,Paipa,Boyacá,TERRITORIAL,383.8911176058939,baja,87,82,2326772676
2026,13440,Margarita,Bolívar,TERRITORIAL,383.32557713998057,baja,44,41,988268727
2026,66572,Pueblo Rico,Risaralda,TERRITORIAL,382.5395746480553,baja,225,212,7259690071
2026,70702,San Juan de Betulia,Sucre,TERRITORIAL,378.9162139535873,baja,39,39,543061116
2026,85001,Yopal,Casanare,OTRO,378.0171010159729,baja,61,60,1214386750
2026,25123,Cachipay,Cundinamarca,TERRITORIAL,377.8392364381821,baja,90,86,3748330956
2026,73043,Anzoátegui,Tolima,TERRITORIAL,376.9442430166319,baja,180,162,4469435032
2026,13683,Santa Rosa,Bolívar,TERRITORIAL,376.8728400128872,baja,174,169,5672656462
2026,17662,Samaná,Caldas,TERRITORIAL,373.69023917810233,baja,243,218,5110408162
2026,25483,Nariño,Cundinamarca,TERRITORIAL,373.12314448509704,baja,82,79,1643097624
2026,52678,Samaniego,Nariño,TERRITORIAL,372.04091324843205,baja,169,155,3494661573
2026,76054,Argelia,Valle del Cauca,TERRITORIAL,371.8166656915274,baja,67,59,2034843179
2026,25183,Chocontá,Cundinamarca,TERRITORIAL,371.6882081105087,baja,31,30,363350000
2026,25535,Pasca,Cundinamarca,TERRITORIAL,371.32240129796975,baja,86,86,1642695219
2026,52215,Córdoba,Nariño,TERRITORIAL,371.0166527071356,baja,176,151,4269145253
2026,41483,Nátaga,Huila,TERRITORIAL,370.7490742947761,baja,100,89,3355033860
2026,76400,La Unión,Valle del Cauca,TERRITORIAL,368.67801534794097,baja,176,172,5501770900
2026,52687,San Lorenzo,Nariño,TERRITORIAL,367.6548983725128,baja,170,143,3009312404
2026,68370,Jordán,Santander,TERRITORIAL,367.3667540592276,baja,86,84,2314222046
2026,68773,Sucre,Santander,TERRITORIAL,366.0332642419832,baja,151,139,4905722563
2026,54172,Chinácota,Norte de Santander,TERRITORIAL,365.7095636836871,baja,465,370,11025214960
2026,73026,Alvarado,Tolima,TERRITORIAL,364.74939656228725,baja,133,130,3439498901
2026,68406,Lebríja,Santander,TERRITORIAL,364.1608221584285,baja,274,274,10516100064
2026,19050,Argelia,Cauca,TERRITORIAL,363.845504233434,baja,158,151,4872606994
2026,25473,Mosquera,Cundinamarca,TERRITORIAL,363.7537204259509,baja,991,978,43421810094
2026,68147,Capitanejo,Santander,TERRITORIAL,363.7424465649367,baja,70,56,1461539204
2026,13760,Soplaviento,Bolívar,TERRITORIAL,363.65827216092805,baja,102,98,1755457288
2026,85315,Sácama,Casanare,TERRITORIAL,361.9526060425831,baja,73,68,1603880243
2026,20787,Tamalameque,Cesar,TERRITORIAL,361.3312316978403,baja,115,113,2303642712
2026,68013,Aguada,Santander,TERRITORIAL,361.27397184467037,baja,104,92,2156143870
2026,66001,Pereira,Risaralda,OTRO,360.6395880267732,baja,851,849,24379585059
2026,25845,Une,Cundinamarca,TERRITORIAL,360.2205347147172,baja,91,89,2092493054
2026,27250,El Litoral del San Juan,Chocó,TERRITORIAL,360.0766622188903,baja,61,60,1452919998
2026,68298,Gambita,Santander,TERRITORIAL,359.23098342541726,baja,75,71,2474566496
2026,19473,Morales,Cauca,TERRITORIAL,359.1193603393345,baja,148,147,4011297942
2026,76100,Bolívar,Valle del Cauca,TERRITORIAL,356.2138915585039,baja,157,122,5156296857
2026,15215,Corrales,Boyacá,TERRITORIAL,356.1181560590259,baja,80,75,1770048255
2026,73686,Santa Isabel,Tolima,TERRITORIAL,355.4475366957243,baja,111,101,2419419289
2026,25297,Gachetá,Cundinamarca,TERRITORIAL,354.06508703924186,baja,140,137,5208807476
2026,66045,Apía,Risaralda,TERRITORIAL,353.92364921375315,baja,104,96,2906730050
2026,68179,Chipatá,Santander,TERRITORIAL,351.7579923062685,baja,54,53,1392485943
2026,41349,Hobo,Huila,TERRITORIAL,349.7529535027396,baja,111,108,2177217495
2026,17653,Salamina,Caldas,TERRITORIAL,349.30735151646167,baja,89,85,2498077223
2026,68020,Albania,Santander,TERRITORIAL,346.6061106237036,baja,62,58,2033291727
2026,15001,Tunja,Boyacá,TERRITORIAL,345.89741847651624,baja,5267,4996,463483571864
2026,68167,Charalá,Santander,TERRITORIAL,345.742076004083,baja,113,97,3281228149
2026,68235,El Carmen de Chucurí,Santander,TERRITORIAL,343.9265036655676,baja,123,116,4698695755
2026,50689,San Martín,Meta,TERRITORIAL,343.0819411309436,baja,108,105,4288425848
2026,17495,Norcasia,Caldas,TERRITORIAL,342.6248567231288,baja,131,109,3720319335
2026,25873,Villapinzón,Cundinamarca,TERRITORIAL,340.43556505383395,baja,174,169,7575335546
2026,73347,Herveo,Tolima,TERRITORIAL,340.29854487241806,baja,176,145,4221722044
2026,25293,Gachala,Cundinamarca,TERRITORIAL,340.2687090678022,baja,161,153,4698097678
2026,76233,Dagua,Valle del Cauca,TERRITORIAL,339.370886118088,baja,297,287,6179188182
2026,68547,Piedecuesta,Santander,TERRITORIAL,338.78662341575864,baja,1443,1386,64878116487
2026,54245,El Carmen,Norte de Santander,TERRITORIAL,338.4511972459855,baja,399,394,10605258956
2026,50689,San Martín,Meta,NACIONAL,338.40931416150283,baja,161,144,5128358849
2026,50680,San Carlos de Guaroa,Meta,TERRITORIAL,336.8925192401852,baja,206,182,8943239309
2026,19698,Santander de Quilichao,Cauca,TERRITORIAL,336.3447001544572,baja,428,422,13195479679
2026,25797,Tena,Cundinamarca,TERRITORIAL,335.9120023327953,baja,90,89,2598701701
2026,91001,Leticia,Amazonas,NACIONAL,334.8937083713384,baja,302,292,18583243915
2026,25312,Granada,Cundinamarca,TERRITORIAL,334.2197298549775,baja,124,115,6629485353
2026,44874,Villanueva,La Guajira,TERRITORIAL,334.01254319407116,baja,130,124,3061357754
2026,18256,El Paujil,Caquetá,TERRITORIAL,333.26796888619765,baja,102,97,3642793334
2026,85400,Támara,Casanare,TERRITORIAL,332.82858403861223,baja,100,98,2474362797
2026,73148,Carmen de Apicalá,Tolima,TERRITORIAL,332.05848875980195,baja,201,200,6454074409
2026,15550,Pisba,Boyacá,TERRITORIAL,331.8211100190029,baja,119,103,3301879031
2026,25851,Útica,Cundinamarca,TERRITORIAL,331.7215035850336,baja,129,123,3840195379
2026,85139,Maní,Casanare,TERRITORIAL,330.02944457370256,baja,174,169,4491284173
2026,68092,Betulia,Santander,TERRITORIAL,327.36310313562626,baja,119,112,5516566042
2026,27073,Bagadó,Chocó,TERRITORIAL,326.37143475646394,baja,35,34,527253200
2026,68229,Curití,Santander,TERRITORIAL,325.3849676052993,baja,106,98,1559606617
2026,25407,Lenguazaque,Cundinamarca,TERRITORIAL,324.65235971991575,baja,113,110,3478850184
2026,68081,Barrancabermeja,Santander,TERRITORIAL,323.82272859277793,baja,929,836,35676158835
2026,73585,Purificación,Tolima,TERRITORIAL,323.7086466691266,baja,39,39,420772000
2026,17444,Marquetalia,Caldas,TERRITORIAL,323.5318598299178,baja,148,131,3094068944
2026,05579,Puerto Berrío,Antioquia,TERRITORIAL,323.43668602982495,baja,118,73,1640495701
2026,15317,Guacamayas,Boyacá,TERRITORIAL,323.3950737357059,baja,70,63,1531719384
2026,50226,Cumaral,Meta,TERRITORIAL,323.36620114704345,baja,239,237,9244151835
2026,25592,Quebradanegra,Cundinamarca,TERRITORIAL,323.31513324684704,baja,101,95,1999549994
2026,76126,Calima,Valle del Cauca,TERRITORIAL,322.3272885031699,baja,167,161,5915491550
2026,68296,Galán,Santander,TERRITORIAL,321.77220139541254,baja,67,64,1784093686
2026,68498,Ocamonte,Santander,TERRITORIAL,321.4636108223974,baja,57,53,1460619730
2026,13001,Cartagena,Bolívar,NACIONAL,321.15343938907284,baja,2364,2333,170729265662
2026,50110,Barranca de Upía,Meta,TERRITORIAL,321.05363219746056,baja,134,128,4657894922
2026,52287,Funes,Nariño,TERRITORIAL,320.6507585089371,baja,289,231,4692553206
2026,52079,Barbacoas,Nariño,TERRITORIAL,319.85945273508355,baja,357,335,9088472902
2026,68001,Bucaramanga,Santander,TERRITORIAL,319.47856994300747,baja,8558,7659,547226873763
2026,25645,San Antonio del Tequendama,Cundinamarca,TERRITORIAL,319.44353788866516,baja,117,114,3080486753
2026,25878,Viotá,Cundinamarca,TERRITORIAL,319.35090004478,baja,107,104,2813787709
2026,86865,Valle del Guamuez,Putumayo,TERRITORIAL,319.27763071550976,baja,192,180,5039883043
2026,66318,Guática,Risaralda,TERRITORIAL,318.9657493671548,baja,113,109,2711777041
2026,68872,Villanueva,Santander,TERRITORIAL,318.65238362800227,baja,97,89,2180008249
2026,70713,San Onofre,Sucre,TERRITORIAL,317.56776189654425,baja,139,133,4062515438
2026,25793,Tausa,Cundinamarca,TERRITORIAL,316.012903362086,baja,111,108,4001281791
2026,25224,Cucunubá,Cundinamarca,TERRITORIAL,315.6206438912692,baja,104,101,3668607335
2026,73226,Cunday,Tolima,TERRITORIAL,314.5503579329457,baja,58,50,1772238285
2026,85279,Recetor,Casanare,TERRITORIAL,311.70637899282724,baja,111,105,2523152378
2026,63272,Filandia,Quindío,TERRITORIAL,308.93170205551854,baja,181,178,3303265697
2026,17614,Riosucio,Caldas,TERRITORIAL,308.6147327111873,baja,397,367,31906617194
2026,15480,Muzo,Boyacá,TERRITORIAL,307.41690689067195,baja,107,103,3120948512
2026,25040,Anolaima,Cundinamarca,TERRITORIAL,306.7767230517201,baja,98,97,2606233418
2026,76109,Buenaventura,Valle del Cauca,TERRITORIAL,306.6573215759867,baja,1199,1162,44973929859
2026,05631,Sabaneta,Antioquia,TERRITORIAL,306.25939447640945,baja,1502,1460,78739350827
2026,05361,Ituango,Antioquia,TERRITORIAL,305.4653924623767,baja,156,142,5286025380
2026,25095,Bituima,Cundinamarca,TERRITORIAL,304.2168615976673,baja,57,57,987583627
2026,44378,Hatonuevo,La Guajira,TERRITORIAL,303.92375994645533,baja,110,108,2015292820
2026,44001,Riohacha,La Guajira,TERRITORIAL,302.81778349608425,baja,1244,1209,234706845682
2026,76113,Bugalagrande,Valle del Cauca,TERRITORIAL,301.6193376435184,baja,250,237,10834693423
2026,85136,La Salina,Casanare,TERRITORIAL,300.9835948447927,baja,92,83,1523886626
2026,25779,Susa,Cundinamarca,TERRITORIAL,300.9498483962654,baja,91,87,1781809456
2026,19785,Sucre,Cauca,TERRITORIAL,300.4689700150567,baja,105,96,2548619260
2026,41298,Garzón,Huila,TERRITORIAL,299.6043015161264,baja,357,341,12228226652
2026,85125,Hato Corozal,Casanare,TERRITORIAL,299.2852561522973,baja,118,117,3010705313
2026,68132,California,Santander,TERRITORIAL,295.0458220862067,baja,44,44,915523664
2026,73236,Dolores,Tolima,TERRITORIAL,293.97212003635417,baja,84,75,2149938300
2026,76243,El Águila,Valle del Cauca,TERRITORIAL,293.97175165491456,baja,64,60,1794266331
2026,25120,Cabrera,Cundinamarca,TERRITORIAL,293.72630454271746,baja,62,60,1074357812
2026,17616,Risaralda,Caldas,TERRITORIAL,293.16862342279,baja,198,176,4138792651
2026,25488,Nilo,Cundinamarca,TERRITORIAL,291.3275892021203,baja,157,143,4938388707
2026,86320,Orito,Putumayo,TERRITORIAL,291.1165615926279,baja,151,137,3382752723
2026,68522,Palmar,Santander,TERRITORIAL,290.4819595892882,baja,83,75,1758577181
2026,47660,Sabanas de San Angel,Magdalena,TERRITORIAL,290.2753056759996,baja,153,144,3141691819
2026,27099,Bojaya,Chocó,TERRITORIAL,290.21233166966954,baja,39,39,532738333
2026,76318,Guacarí,Valle del Cauca,TERRITORIAL,290.15160736047744,baja,267,262,5334411319
2026,25288,Fúquene,Cundinamarca,TERRITORIAL,290.11054717067407,baja,85,83,2420806948
2026,99624,Santa Rosalía,Vichada,TERRITORIAL,286.5300282114854,baja,199,193,4730885984
2026,27425,Medio Atrato,Chocó,TERRITORIAL,285.73400649031447,baja,58,56,1431010709
2026,05212,Copacabana,Antioquia,TERRITORIAL,284.68861944585757,baja,464,451,10125952245
2026,73268,Espinal,Tolima,TERRITORIAL,284.40153913629973,baja,514,508,14554430516
2026,54344,Hacarí,Norte de Santander,TERRITORIAL,281.9393343218331,baja,119,110,4905773657
2026,50318,Guamal,Meta,TERRITORIAL,280.58981438200993,baja,352,311,11309006025
2026,19807,Timbío,Cauca,TERRITORIAL,280.5323328666701,baja,156,153,3483741846
2026,05206,Concepción,Antioquia,TERRITORIAL,279.532584451459,baja,144,116,5271530726
2026,68669,San Andrés,Santander,TERRITORIAL,278.23751272498384,baja,65,59,1341048636
2026,25781,Sutatausa,Cundinamarca,TERRITORIAL,275.8506163113777,baja,110,107,3744293417
2026,50590,Puerto Rico,Meta,TERRITORIAL,275.8102310537785,baja,158,149,6560848580
2026,41551,Pitalito,Huila,TERRITORIAL,275.70171838706426,baja,759,666,48889018459
2026,13140,Calamar,Bolívar,TERRITORIAL,275.49449378374993,baja,345,335,4347444178
2026,70110,Buenavista,Sucre,TERRITORIAL,272.7713838005564,baja,123,120,3857327297
2026,17777,Supía,Caldas,TERRITORIAL,271.8160362012761,baja,153,145,6443981545
2026,66001,Pereira,Risaralda,TERRITORIAL,271.33755004640227,baja,8097,6757,356478614339
2026,63111,Buenavista,Quindío,TERRITORIAL,271.23974590180836,baja,75,72,986207540
2026,66682,Santa Rosa de Cabal,Risaralda,TERRITORIAL,271.2152404951359,baja,693,680,15872989516
2026,25899,Zipaquirá,Cundinamarca,TERRITORIAL,270.6953383225055,baja,901,879,56421120810
2026,18029,Albania,Caquetá,TERRITORIAL,269.23607206574434,baja,71,65,1801598147
2026,25181,Choachí,Cundinamarca,TERRITORIAL,267.24339040836117,baja,102,99,3024597409
2026,05475,Murindó,Antioquia,TERRITORIAL,267.16286665100785,baja,155,139,5265758709
2026,25335,Guayabetal,Cundinamarca,TERRITORIAL,267.10952055830796,baja,74,72,1727169387
2026,15401,La Victoria,Boyacá,TERRITORIAL,262.86073199977517,baja,52,51,876861395
2026,73624,Rovira,Tolima,TERRITORIAL,262.77675283989953,baja,153,144,4087049828
2026,25053,Arbeláez,Cundinamarca,TERRITORIAL,261.36494529336034,baja,157,151,3553575989
2026,41016,Aipe,Huila,TERRITORIAL,261.15548900364473,baja,315,312,5249991767
2026,25489,Nimaima,Cundinamarca,TERRITORIAL,260.5994748103112,baja,101,99,2294678396
2026,25530,Paratebueno,Cundinamarca,TERRITORIAL,259.5106250989709,baja,112,108,3058399344
2026,95001,San José del Guaviare,Guaviare,TERRITORIAL,258.8691330894445,baja,1591,1467,84692633835
2026,52720,Sapuyes,Nariño,TERRITORIAL,258.2639104995812,baja,158,141,3205051723
2026,19824,Totoró,Cauca,TERRITORIAL,257.6321391348821,baja,110,107,3443924201
2026,41001,Neiva,Huila,NACIONAL,257.43323486274875,baja,765,754,52294279337
2026,76275,Florida,Valle del Cauca,TERRITORIAL,256.1458962993423,baja,656,593,11951862466
2026,73319,Guamo,Tolima,TERRITORIAL,255.14107639670266,baja,207,199,5252715330
2026,19573,Puerto Tejada,Cauca,TERRITORIAL,254.70099507607364,baja,61,57,850224879
2026,25513,Pacho,Cundinamarca,TERRITORIAL,254.52556412634553,baja,283,276,9009401639
2026,73349,Honda,Tolima,TERRITORIAL,254.49262494947357,baja,507,441,39034474071
2026,05842,Uramita,Antioquia,TERRITORIAL,252.8785059576187,baja,95,91,2999633117
2026,94001,Inírida,Guainía,NACIONAL,252.44062203918568,baja,244,237,13252578136
2026,44078,Barrancas,La Guajira,TERRITORIAL,251.42369921827202,baja,195,191,5475328296
2026,73449,Melgar,Tolima,TERRITORIAL,251.39608572799204,baja,1049,967,28857980299
2026,50330,Mesetas,Meta,TERRITORIAL,251.2557874987853,baja,176,165,5168215440
2026,20310,González,Cesar,OTRO,250.46603283052022,baja,57,52,1016739824
2026,73873,Villarrica,Tolima,TERRITORIAL,250.3462673454505,baja,158,149,4021100942
2026,05086,Belmira,Antioquia,TERRITORIAL,249.48536772926678,baja,164,142,5301930007
2026,47245,El Banco,Magdalena,TERRITORIAL,248.97620313361756,baja,911,384,7729260141
2026,85325,San Luis de Palenque,Casanare,TERRITORIAL,248.79664136337277,baja,136,126,4675201234
2026,86757,San Miguel,Putumayo,TERRITORIAL,248.4118316844662,baja,179,163,5081767656
2026,76520,Palmira,Valle del Cauca,TERRITORIAL,248.16188293524047,baja,1502,1458,41187251579
2026,25175,Chía,Cundinamarca,TERRITORIAL,247.70937557687546,baja,1398,1367,112331303241
2026,68176,Chima,Santander,TERRITORIAL,247.05682321655422,baja,85,80,1968529750
2026,25867,Vianí,Cundinamarca,TERRITORIAL,245.6294690920981,baja,59,56,1060356725
2026,17486,Neira,Caldas,TERRITORIAL,245.32646708486058,baja,135,129,4546280162
2026,13650,San Fernando,Bolívar,TERRITORIAL,245.13730712214334,baja,57,57,972800000
2026,68780,Suratá,Santander,TERRITORIAL,244.2875253298233,baja,136,128,2965535946
2026,13838,Turbaná,Bolívar,NACIONAL,241.4902568490332,baja,307,284,10513491467
2026,54174,Chitagá,Norte de Santander,TERRITORIAL,239.52468845543925,baja,129,125,3433757474
2026,73001,Ibagué,Tolima,TERRITORIAL,239.21947894907072,baja,5065,4764,223618456096
2026,25572,Puerto Salgar,Cundinamarca,TERRITORIAL,237.554805526016,baja,277,259,8422135476
2026,25126,Cajicá,Cundinamarca,TERRITORIAL,234.7496387421669,baja,898,873,36171044843
2026,25758,Sopó,Cundinamarca,TERRITORIAL,232.74790877774527,baja,463,454,22400120031
2026,08638,Sabanalarga,Atlántico,NACIONAL,232.61728259878984,baja,463,457,21171040900
2026,25769,Subachoque,Cundinamarca,TERRITORIAL,231.3114941871121,baja,144,139,5491837658
2026,25245,El Colegio,Cundinamarca,TERRITORIAL,230.1568688147116,baja,538,494,25324793955
2026,70265,Guaranda,Sucre,TERRITORIAL,226.34105153454252,baja,61,60,1654624485
2026,25785,Tabio,Cundinamarca,TERRITORIAL,225.99448124013026,baja,219,210,5242136124
2026,52390,La Tola,Nariño,TERRITORIAL,225.75993500309303,baja,267,258,5396887597
2026,11001,Bogotá D.C.,Bogotá,TERRITORIAL,224.7467457529384,baja,31261,30091,2353635183407
2026,47001,Santa Marta,Magdalena,OTRO,224.19595218046283,baja,297,286,12110811458
2026,13062,Arroyohondo,Bolívar,TERRITORIAL,223.7745908828881,baja,261,237,5171501077
2026,63212,Córdoba,Quindío,TERRITORIAL,223.40779269672547,baja,134,122,2025295533
2026,20001,Valledupar,Cesar,NACIONAL,218.79767132098488,baja,493,488,31923524904
2026,52520,Francisco Pizarro,Nariño,TERRITORIAL,216.83473937250193,baja,275,271,5191241145
2026,23182,Chinú,Córdoba,TERRITORIAL,216.42889018791698,baja,127,127,2609498800
2026,05360,Itagui,Antioquia,NACIONAL,215.82920358491893,baja,504,498,25665847313
2026,52001,Pasto,Nariño,TERRITORIAL,215.35187607468418,baja,4134,4041,205584639025
2026,68820,Tona,Santander,TERRITORIAL,213.84137359126493,baja,73,68,2327815012
2026,17873,Villamaría,Caldas,TERRITORIAL,213.46245230331883,baja,653,567,13707956184
2026,25168,Chaguaní,Cundinamarca,TERRITORIAL,213.32892801010672,baja,87,85,2145061396
2026,54673,San Cayetano,Norte de Santander,TERRITORIAL,212.93534004815837,baja,143,143,4238596193
2026,68255,El Playón,Santander,TERRITORIAL,212.42594418823967,baja,241,233,6403859738
2026,52210,Contadero,Nariño,TERRITORIAL,210.77771768944774,baja,175,149,2557856960
2026,50606,Restrepo,Meta,TERRITORIAL,209.8766277938793,baja,212,210,7605877104
2026,05266,Envigado,Antioquia,NACIONAL,208.2690996170461,baja,1180,1147,158427562794
2026,73124,Cajamarca,Tolima,TERRITORIAL,207.0845434667966,baja,194,185,4063953633
2026,85225,Nunchía,Casanare,TERRITORIAL,206.59671986377924,baja,138,135,3115552806
2026,25260,El Rosal,Cundinamarca,TERRITORIAL,205.0856004258857,baja,150,145,3317983246
2026,73152,Casabianca,Tolima,TERRITORIAL,204.8838125512102,baja,94,84,1812021951
2026,19110,Buenos Aires,Cauca,TERRITORIAL,204.53598608680406,baja,105,103,1742491553
2026,13442,María la Baja,Bolívar,TERRITORIAL,201.46971911308577,baja,186,175,3752080696
2026,44420,La Jagua del Pilar,La Guajira,TERRITORIAL,200.20120325388257,baja,107,105,1985195325
2026,25718,Sasaima,Cundinamarca,TERRITORIAL,200.0178182556015,baja,107,106,2246489098
2026,25612,Ricaurte,Cundinamarca,TERRITORIAL,198.59074771589098,baja,468,435,14153122569
2026,70771,Sucre,Sucre,TERRITORIAL,198.34363707061334,baja,233,219,4601902775
2026,17001,Manizales,Caldas,TERRITORIAL,195.31110292372657,baja,2173,1907,231907561923
2026,68307,Girón,Santander,TERRITORIAL,194.44504787401576,baja,838,755,23952398026
2026,25290,Fusagasugá,Cundinamarca,TERRITORIAL,193.82443273119821,baja,877,853,47395836952
2026,63190,Circasia,Quindío,TERRITORIAL,191.27707878762803,baja,300,293,3816164816
2026,68679,San Gil,Santander,TERRITORIAL,189.3446313529576,baja,357,345,8616193185
2026,25743,Silvania,Cundinamarca,TERRITORIAL,189.32240623274726,baja,190,181,4864316758
2026,76248,El Cerrito,Valle del Cauca,TERRITORIAL,185.85682563571183,baja,355,344,9118669638
2026,76869,Vijes,Valle del Cauca,TERRITORIAL,184.11211455485147,baja,163,149,3150921260
2026,18001,Florencia,Caquetá,NACIONAL,182.755019137161,baja,606,595,31888733535
2026,13001,Cartagena,Bolívar,TERRITORIAL,178.56434983284498,baja,9164,8651,751440246663
2026,25368,Jerusalén,Cundinamarca,TERRITORIAL,178.5020925821369,baja,69,68,1247665007
2026,76364,Jamundí,Valle del Cauca,TERRITORIAL,178.16076876983672,baja,1074,1056,33617750612
2026,73854,Valle de San Juan,Tolima,TERRITORIAL,177.4204369222367,baja,159,142,2872285143
2026,66001,Pereira,Risaralda,NACIONAL,174.13775368902014,baja,1338,1314,96716673403
2026,54405,Los Patios,Norte de Santander,TERRITORIAL,173.97045475999667,baja,664,623,13574289499
2026,41530,Palestina,Huila,TERRITORIAL,172.02418559998063,baja,327,254,8380184763
2026,25799,Tenjo,Cundinamarca,TERRITORIAL,171.95683299998544,baja,560,552,28762966057
2026,05001,Medellín,Antioquia,TERRITORIAL,166.50765686122426,baja,8540,7878,1805313465452
2026,25772,Suesca,Cundinamarca,TERRITORIAL,165.6799732360685,baja,121,119,3885777303
2026,50270,El Dorado,Meta,TERRITORIAL,165.52347036480535,baja,77,76,1648072131
2026,25279,Fomeque,Cundinamarca,TERRITORIAL,165.27636667780135,baja,138,136,2797023121
2026,25875,Villeta,Cundinamarca,TERRITORIAL,161.3064433996449,baja,268,265,7346171902
2026,95200,Miraflores,Guaviare,NACIONAL,160.09757939156583,baja,82,80,2557593464
2026,25394,La Palma,Cundinamarca,TERRITORIAL,159.5861325000432,baja,97,95,2438381962
2026,17380,La Dorada,Caldas,NACIONAL,156.8790247101228,baja,140,135,6634682828
2026,81001,Arauca,Arauca,TERRITORIAL,155.91162131719327,baja,582,557,17724943616
2026,25320,Guaduas,Cundinamarca,TERRITORIAL,155.76352247188464,baja,536,461,19187062478
2026,25841,Ubaque,Cundinamarca,TERRITORIAL,151.3273408626725,baja,116,112,2688093694
2026,73030,Ambalema,Tolima,TERRITORIAL,150.31471841997,baja,85,83,1419989810
2026,25324,Guataquí,Cundinamarca,TERRITORIAL,145.18080785378118,baja,111,98,1478058839
2026,08558,Polonuevo,Atlántico,TERRITORIAL,144.5386943304185,baja,106,106,1158040000
2026,81001,Arauca,Arauca,NACIONAL,143.1438574625497,baja,489,485,22186122395
2026,91540,Puerto Nariño,Amazonas,TERRITORIAL,141.12576310352296,baja,210,202,4125620805
2026,73217,Coyaima,Tolima,TERRITORIAL,140.10209392451483,baja,241,220,5139685379
2026,25200,Cogua,Cundinamarca,TERRITORIAL,136.80973468113118,baja,289,284,11293870349
2026,50450,Puerto Concordia,Meta,TERRITORIAL,134.98416049943785,baja,124,121,2961148366
2026,25754,Soacha,Cundinamarca,TERRITORIAL,132.23192787825636,baja,3753,3540,178812029733
2026,63001,Armenia,Quindío,TERRITORIAL,131.17300275489816,baja,5364,5085,107347527639
2026,76109,Buenaventura,Valle del Cauca,NACIONAL,131.0329088638939,baja,221,219,10258131699
2026,76248,El Cerrito,Valle del Cauca,NACIONAL,125.78652469016833,baja,305,287,4538372600
2026,17001,Manizales,Caldas,NACIONAL,124.77765122807449,baja,885,873,49395461972
2026,25326,Guatavita,Cundinamarca,TERRITORIAL,118.49166726505912,baja,143,137,3647939187
2026,08573,Puerto Colombia,Atlántico,TERRITORIAL,117.01690399351129,baja,482,479,33586020398
2026,47288,Fundación,Magdalena,TERRITORIAL,115.82930120336675,baja,1087,606,12799624895
2026,76001,Cali,Valle del Cauca,TERRITORIAL,113.00011803266904,baja,24185,22632,1463723406853
2026,73411,Líbano,Tolima,TERRITORIAL,112.06395005632724,baja,888,808,50025097489
2026,76130,Candelaria,Valle del Cauca,TERRITORIAL,109.60980813745688,baja,1479,1451,31522310814
2026,52001,Pasto,Nariño,NACIONAL,104.84333899643177,baja,462,456,22615596530
2026,70001,Sincelejo,Sucre,NACIONAL,104.64224054078284,baja,819,815,45819242223
2026,19001,Popayán,Cauca,TERRITORIAL,100.56107270644809,baja,5754,5367,445738815226
2026,19001,Popayán,Cauca,NACIONAL,98.07674428865859,baja,2185,2129,167265923913
2026,15104,Boyacá,Boyacá,NACIONAL,96.83696840497551,baja,112,111,4686523138
2026,05697,El Santuario,Antioquia,NACIONAL,95.09901093259259,baja,155,155,8050669223
2026,23500,Moñitos,Córdoba,TERRITORIAL,93.15572988567958,baja,159,156,2696701700
2026,95025,El Retorno,Guaviare,TERRITORIAL,92.89553405120368,baja,146,144,1628210200
2026,73268,Espinal,Tolima,NACIONAL,91.53766805438958,baja,190,189,3671275827
2026,20621,La Paz,Cesar,TERRITORIAL,88.63270780191564,baja,582,471,6834217068
2026,25322,Guasca,Cundinamarca,TERRITORIAL,88.19860816476114,baja,180,178,4576151464
2026,76563,Pradera,Valle del Cauca,TERRITORIAL,86.95107026083393,baja,203,198,4534298686
2026,25151,Caqueza,Cundinamarca,TERRITORIAL,84.59243878587695,baja,1011,922,46714138374
2026,41396,La Plata,Huila,NACIONAL,82.97939577861204,baja,132,131,5656631965
2026,25183,Chocontá,Cundinamarca,NACIONAL,82.36337595062005,baja,219,218,5247184812
2026,95001,San José del Guaviare,Guaviare,NACIONAL,80.9801160482567,baja,346,341,17524042401
2026,52001,Pasto,Nariño,OTRO,80.29683521915118,baja,287,287,6902062267
2026,15001,Tunja,Boyacá,NACIONAL,78.2530539705926,baja,1508,1503,75536748040
2026,05250,El Bagre,Antioquia,NACIONAL,77.4166706405306,baja,134,134,6110483682
2026,76001,Cali,Valle del Cauca,NACIONAL,75.21296541735059,baja,3723,3670,240697410647
2026,54001,Cúcuta,Norte de Santander,NACIONAL,74.292489971191,baja,1967,1937,107784632443
2026,54518,Pamplona,Norte de Santander,TERRITORIAL,73.56800346497275,baja,190,188,4570536925
2026,94001,Inírida,Guainía,OTRO,72.67783336979883,baja,177,173,3035971002
2026,99001,Puerto Carreño,Vichada,NACIONAL,71.78546919677412,baja,267,262,11891639525
2026,47001,Santa Marta,Magdalena,NACIONAL,71.46824279234777,baja,1506,1494,70646651672
2026,85250,Paz de Ariporo,Casanare,TERRITORIAL,70.760550296041,baja,176,175,3427498004
2026,52356,Ipiales,Nariño,NACIONAL,68.7296164891542,baja,162,162,7227101392
2026,25001,Agua de Dios,Cundinamarca,NACIONAL,67.79257944648349,baja,200,198,3605802420
2026,91001,Leticia,Amazonas,TERRITORIAL,65.95548165833303,baja,2524,2361,64689329602
2026,05001,Medellín,Antioquia,OTRO,64.55659362412536,baja,260,260,8730533142
2026,05129,Caldas,Antioquia,NACIONAL,61.65150955452817,baja,176,176,7897935390
2026,25377,La Calera,Cundinamarca,TERRITORIAL,59.52439166386506,baja,403,393,13677867512
2026,05154,Caucasia,Antioquia,NACIONAL,57.14650150273833,baja,183,183,8137056883
2026,41132,Campoalegre,Huila,NACIONAL,56.75035183673654,baja,202,202,8724304131
2026,41001,Neiva,Huila,OTRO,56.51326100324048,baja,349,348,14234371854
2026,68081,Barrancabermeja,Santander,NACIONAL,55.34243660148552,baja,191,191,8083973851
2026,68432,Málaga,Santander,NACIONAL,55.19605217657416,baja,198,198,8066287240
2026,85010,Aguazul,Casanare,TERRITORIAL,54.46245441564443,baja,821,762,19907295703
2026,25488,Nilo,Cundinamarca,NACIONAL,53.339063872647266,baja,233,233,9483137041
2026,41298,Garzón,Huila,NACIONAL,51.921620760481744,baja,209,207,8576691364
2026,15238,Duitama,Boyacá,NACIONAL,51.85156787037299,baja,211,210,9169847485
2026,76147,Cartago,Valle del Cauca,NACIONAL,51.692279999921055,baja,209,209,6952568461
2026,05579,Puerto Berrío,Antioquia,NACIONAL,50.44264855235496,baja,211,210,9095325792
2026,05042,Santafé de Antioquia,Antioquia,NACIONAL,49.804795138227185,baja,218,217,10003795499
2026,50001,Villavicencio,Meta,NACIONAL,49.33348734689372,baja,1045,1023,32933594457
2026,25214,Cota,Cundinamarca,TERRITORIAL,49.01599746102559,baja,1379,1371,54739354454
2026,41551,Pitalito,Huila,NACIONAL,47.225481329229424,baja,322,319,13804668370
2026,25293,Gachala,Cundinamarca,OTRO,46.96120485483833,baja,307,306,6625206947
2026,68861,Vélez,Santander,NACIONAL,46.889660597317885,baja,252,246,9592445805
2026,76520,Palmira,Valle del Cauca,NACIONAL,43.686961003198356,baja,267,266,11842446602
2026,68679,San Gil,Santander,NACIONAL,40.45120575467355,baja,1002,991,24149574235
2026,73001,Ibagué,Tolima,NACIONAL,40.38799765775988,baja,2595,2559,120030936664
2026,68001,Bucaramanga,Santander,NACIONAL,38.102060422175825,baja,2221,2172,99018978553
2026,76834,Tuluá,Valle del Cauca,NACIONAL,37.05840566427282,baja,304,303,9687479813
2026,76111,Guadalajara de Buga,Valle del Cauca,NACIONAL,36.97366680242736,baja,290,288,12491598287
2026,25307,Girardot,Cundinamarca,NACIONAL,34.77658511832003,baja,308,305,13678952059
2026,25290,Fusagasugá,Cundinamarca,NACIONAL,33.45318188413716,baja,345,339,13635493688
2026,63001,Armenia,Quindío,NACIONAL,32.19345853746546,baja,2229,2188,83403074949
2026,25875,Villeta,Cundinamarca,NACIONAL,30.850812883021845,baja,346,346,12497649156
2026,08001,Barranquilla,Atlántico,NACIONAL,29.780791777611036,baja,2780,2743,132090510253
2026,25754,Soacha,Cundinamarca,NACIONAL,29.477042656595174,baja,353,353,15064224315
2026,25473,Mosquera,Cundinamarca,NACIONAL,28.767651293466276,baja,371,370,14850926777
2026,05045,Apartadó,Antioquia,NACIONAL,26.077625038206634,baja,435,433,19797360304
2026,86568,Puerto Asís,Putumayo,NACIONAL,25.792345216907595,baja,434,430,20612975575
2026,15759,Sogamoso,Boyacá,NACIONAL,25.583042563498324,baja,600,599,28742564429
2026,25175,Chía,Cundinamarca,NACIONAL,23.801633264696143,baja,433,433,18665893979
2026,05001,Medellín,Antioquia,NACIONAL,18.865224768432643,baja,14405,12328,575613483319
2026,44001,Riohacha,La Guajira,NACIONAL,18.813102678081638,baja,842,831,35891785359
